nohup: girdi yok sayılıyor
2026-06-21 20:06:54 [INFO] zkr_analiz: Logging initialized — level=DEBUG
Server initialized for threading.
2026-06-21 20:06:54 [INFO] engineio.server: Server initialized for threading.
2026-06-21 20:06:54 [WARNING] zkr_analiz.ratelimit: flask-limiter not installed; rate limiting disabled
2026-06-21 20:06:54 [INFO] zkr_analiz.app: App created — env=development debug=True port=34000
2026-06-21 20:06:54 [INFO] zkr_analiz.jobs: WAL migration: {'activity_stream.db': True, 'portfolios.db': True, 'opportunities.db': True, 'reputation.db': True, 'referral_engine.db': True, 'users.db': True, 'paper_trading.db': True, 'journal.db': True, 'social.db': True, 'marketplace.db': True, 'mentors.db': True, 'courses.db': True, 'live_rooms.db': True, 'analysis.db': True, 'news_impact.db': True, 'push_engine.db': True, 'share_engine.db': True, 'subscriptions.db': True}
2026-06-21 20:06:54 [INFO] zkr_analiz.infra: Started background job: zkr_analiz:ticker_ws
2026-06-21 20:06:54 [INFO] zkr_analiz.infra: Started background job: zkr_analiz:refresh
2026-06-21 20:06:54 [INFO] zkr_analiz.infra: Started background job: zkr_analiz:refresh_top4h
2026-06-21 20:06:54 [INFO] zkr_analiz.infra: Started background job: zkr_analiz:refresh_signals
2026-06-21 20:06:54 [INFO] zkr_analiz.alert_engine: Alert check loop started (interval=10s)
2026-06-21 20:06:54 [INFO] zkr_analiz.infra: Started background job: zkr_analiz:alert_check
2026-06-21 20:06:54 [INFO] zkr_analiz.opportunity_engine: Opportunity scan loop started (interval=120s)
2026-06-21 20:06:54 [INFO] zkr_analiz.infra: Started background job: zkr_analiz:opportunity_scan
2026-06-21 20:06:54 [INFO] zkr_analiz.yahoo: Preloading 499 bist symbols...
2026-06-21 20:06:54 [INFO] zkr_analiz.infra: Started background job: zkr_analiz:yahoo_preload
2026-06-21 20:06:54 [INFO] zkr_analiz.yahoo: Single-call download for 499 symbols...
2026-06-21 20:06:54 [INFO] zkr_analiz.infra: Started background job: zkr_analiz:live_engine
2026-06-21 20:06:54 [INFO] zkr_analiz.infra: Started background job: zkr_analiz:activity_stream
2026-06-21 20:06:54 [INFO] zkr_analiz.jobs: Started broadcast_worker via socketio.start_background_task
2026-06-21 20:06:54 [INFO] zkr_analiz.jobs: Started rest_price_poller via socketio.start_background_task
2026-06-21 20:06:54 [INFO] zkr_analiz.app: Background jobs started
2026-06-21 20:06:54 [INFO] zkr_analiz: Serving on http://0.0.0.0:34000  debug=True  env=development
2026-06-21 20:06:54 [WARNING] werkzeug: Werkzeug appears to be used in a production deployment. Consider switching to a production web server instead.
 * Serving Flask app 'legacy_monolith'
 * Debug mode: on
2026-06-21 20:06:54 [ERROR] yfinance: Failed to get ticker 'TSKB.IS' reason: Expecting value: line 1 column 1 (char 0)
2026-06-21 20:06:54 [ERROR] yfinance: Failed to get ticker 'DGNMO.IS' reason: Expecting value: line 1 column 1 (char 0)
2026-06-21 20:06:54 [ERROR] yfinance: Failed to get ticker 'IZENR.IS' reason: Expecting value: line 1 column 1 (char 0)
2026-06-21 20:06:54 [ERROR] yfinance: Failed to get ticker 'HURGZ.IS' reason: Expecting value: line 1 column 1 (char 0)
2026-06-21 20:06:54 [ERROR] yfinance: Failed to get ticker 'ETILR.IS' reason: Expecting value: line 1 column 1 (char 0)
2026-06-21 20:06:54 [ERROR] yfinance: Failed to get ticker 'BTCIM.IS' reason: Expecting value: line 1 column 1 (char 0)
2026-06-21 20:06:54 [ERROR] yfinance: Failed to get ticker 'UFUK.IS' reason: Expecting value: line 1 column 1 (char 0)
2026-06-21 20:06:54 [ERROR] yfinance: Failed to get ticker 'KRVGD.IS' reason: Expecting value: line 1 column 1 (char 0)
2026-06-21 20:06:54 [ERROR] yfinance: Failed to get ticker 'MAGEN.IS' reason: Expecting value: line 1 column 1 (char 0)
2026-06-21 20:06:54 [ERROR] yfinance: Failed to get ticker 'CONSE.IS' reason: Expecting value: line 1 column 1 (char 0)
2026-06-21 20:06:54 [ERROR] yfinance: Failed to get ticker 'RYGYO.IS' reason: Expecting value: line 1 column 1 (char 0)
2026-06-21 20:06:54 [ERROR] yfinance: Failed to get ticker 'LKMNH.IS' reason: Expecting value: line 1 column 1 (char 0)
2026-06-21 20:06:54 [ERROR] yfinance: Failed to get ticker 'UNLU.IS' reason: Expecting value: line 1 column 1 (char 0)
2026-06-21 20:06:54 [ERROR] yfinance: Failed to get ticker 'YYAPI.IS' reason: Expecting value: line 1 column 1 (char 0)
2026-06-21 20:06:54 [ERROR] yfinance: Failed to get ticker 'ETYAT.IS' reason: Expecting value: line 1 column 1 (char 0)
2026-06-21 20:06:54 [ERROR] yfinance: Failed to get ticker 'YKBNK.IS' reason: Expecting value: line 1 column 1 (char 0)
2026-06-21 20:06:54 [DEBUG] zkr_analiz.jobs: rest_price_poller updated 671 USDT symbols; buffer_size=671
2026-06-21 20:06:54 [ERROR] yfinance: Failed to get ticker 'ALBRK.IS' reason: Expecting value: line 1 column 1 (char 0)
2026-06-21 20:06:54 [ERROR] yfinance: Failed to get ticker 'AKSGY.IS' reason: Expecting value: line 1 column 1 (char 0)
2026-06-21 20:06:54 [ERROR] yfinance: Failed to get ticker 'MHRGY.IS' reason: Expecting value: line 1 column 1 (char 0)
2026-06-21 20:06:54 [ERROR] yfinance: Failed to get ticker 'BMSCH.IS' reason: Expecting value: line 1 column 1 (char 0)
2026-06-21 20:06:54 [ERROR] yfinance: Failed to get ticker 'ACSEL.IS' reason: Expecting value: line 1 column 1 (char 0)
2026-06-21 20:06:54 [ERROR] yfinance: Failed to get ticker 'ERCB.IS' reason: Expecting value: line 1 column 1 (char 0)
2026-06-21 20:06:54 [ERROR] yfinance: Failed to get ticker 'BIMAS.IS' reason: Expecting value: line 1 column 1 (char 0)
2026-06-21 20:06:54 [ERROR] yfinance: Failed to get ticker 'POLTK.IS' reason: Expecting value: line 1 column 1 (char 0)
2026-06-21 20:06:54 [ERROR] yfinance: Failed to get ticker 'DENGE.IS' reason: Expecting value: line 1 column 1 (char 0)
2026-06-21 20:06:54 [DEBUG] zkr_analiz.jobs: broadcast_worker emitting batch size=671
emitting event "price_update_batch" to all [/]
2026-06-21 20:06:54 [INFO] socketio.server: emitting event "price_update_batch" to all [/]
2026-06-21 20:06:54 [ERROR] yfinance: Failed to get ticker 'BIOEN.IS' reason: Expecting value: line 1 column 1 (char 0)
2026-06-21 20:06:54 [ERROR] yfinance: Failed to get ticker 'ISBTR.IS' reason: Expecting value: line 1 column 1 (char 0)
2026-06-21 20:06:54 [ERROR] yfinance: Failed to get ticker 'ALARK.IS' reason: Expecting value: line 1 column 1 (char 0)
2026-06-21 20:06:54 [ERROR] yfinance: Failed to get ticker 'SKBNK.IS' reason: Expecting value: line 1 column 1 (char 0)
2026-06-21 20:06:54 [ERROR] yfinance: Failed to get ticker 'VBTYZ.IS' reason: Expecting value: line 1 column 1 (char 0)
2026-06-21 20:06:54 [INFO] zkr_analiz.monolith: ws/market client connected
2026-06-21 20:06:54 [INFO] zkr_analiz.market_stream: Watchlist broadcast loop started
2026-06-21 20:06:54 [ERROR] yfinance: Failed to get ticker 'TARKM.IS' reason: Expecting value: line 1 column 1 (char 0)
2026-06-21 20:06:54 [ERROR] yfinance: Failed to get ticker 'ZOREN.IS' reason: Expecting value: line 1 column 1 (char 0)
2026-06-21 20:06:54 [ERROR] yfinance: Failed to get ticker 'OSTIM.IS' reason: Expecting value: line 1 column 1 (char 0)
2026-06-21 20:06:54 [ERROR] yfinance: Failed to get ticker 'GMTAS.IS' reason: Expecting value: line 1 column 1 (char 0)
2026-06-21 20:06:54 [ERROR] yfinance: Failed to get ticker 'SANFM.IS' reason: Expecting value: line 1 column 1 (char 0)
2026-06-21 20:06:54 [ERROR] yfinance: Failed to get ticker 'IHLGM.IS' reason: Expecting value: line 1 column 1 (char 0)
2026-06-21 20:06:54 [ERROR] yfinance: Failed to get ticker 'PNSUT.IS' reason: Expecting value: line 1 column 1 (char 0)
2026-06-21 20:06:54 [ERROR] yfinance: Failed to get ticker 'TEKTU.IS' reason: Expecting value: line 1 column 1 (char 0)
2026-06-21 20:06:54 [ERROR] yfinance: Failed to get ticker 'VAKBN.IS' reason: Expecting value: line 1 column 1 (char 0)
2026-06-21 20:06:54 [ERROR] yfinance: Failed to get ticker 'KIMMR.IS' reason: Expecting value: line 1 column 1 (char 0)
2026-06-21 20:06:54 [ERROR] yfinance: Failed to get ticker 'NATEN.IS' reason: Expecting value: line 1 column 1 (char 0)
2026-06-21 20:06:54 [ERROR] yfinance: Failed to get ticker 'MARKA.IS' reason: Expecting value: line 1 column 1 (char 0)
2026-06-21 20:06:54 [ERROR] yfinance: Failed to get ticker 'ATEKS.IS' reason: Expecting value: line 1 column 1 (char 0)
2026-06-21 20:06:54 [ERROR] yfinance: Failed to get ticker 'GWIND.IS' reason: Expecting value: line 1 column 1 (char 0)
2026-06-21 20:06:54 [ERROR] yfinance: Failed to get ticker 'ASELS.IS' reason: Expecting value: line 1 column 1 (char 0)
2026-06-21 20:06:54 [ERROR] yfinance: Failed to get ticker 'EREGL.IS' reason: Expecting value: line 1 column 1 (char 0)
2026-06-21 20:06:55 [ERROR] yfinance: Failed to get ticker 'GSDHO.IS' reason: Expecting value: line 1 column 1 (char 0)
2026-06-21 20:06:55 [ERROR] yfinance: Failed to get ticker 'PKART.IS' reason: Expecting value: line 1 column 1 (char 0)
2026-06-21 20:06:55 [ERROR] yfinance: Failed to get ticker 'DNISI.IS' reason: Expecting value: line 1 column 1 (char 0)
2026-06-21 20:06:55 [ERROR] yfinance: Failed to get ticker 'KTLEV.IS' reason: Expecting value: line 1 column 1 (char 0)
2026-06-21 20:06:55 [ERROR] yfinance: Failed to get ticker 'LIDFA.IS' reason: Expecting value: line 1 column 1 (char 0)
2026-06-21 20:06:55 [ERROR] yfinance: Failed to get ticker 'DERIM.IS' reason: Expecting value: line 1 column 1 (char 0)
2026-06-21 20:06:55 [INFO] zkr_analiz.jobs: Binance WS connection opened
2026-06-21 20:06:55 [ERROR] yfinance: Failed to get ticker 'AYDEM.IS' reason: Expecting value: line 1 column 1 (char 0)
2026-06-21 20:06:55 [ERROR] yfinance: Failed to get ticker 'TAVHL.IS' reason: Expecting value: line 1 column 1 (char 0)
2026-06-21 20:06:55 [ERROR] yfinance: Failed to get ticker 'LIDER.IS' reason: Expecting value: line 1 column 1 (char 0)
2026-06-21 20:06:55 [ERROR] yfinance: Failed to get ticker 'GARFA.IS' reason: Expecting value: line 1 column 1 (char 0)
2026-06-21 20:06:55 [ERROR] yfinance: Failed to get ticker 'POLHO.IS' reason: Expecting value: line 1 column 1 (char 0)
2026-06-21 20:06:55 [ERROR] yfinance: Failed to get ticker 'SONME.IS' reason: Expecting value: line 1 column 1 (char 0)
2026-06-21 20:06:55 [ERROR] yfinance: Failed to get ticker 'OYYAT.IS' reason: Expecting value: line 1 column 1 (char 0)
2026-06-21 20:06:55 [ERROR] yfinance: Failed to get ticker 'ERBOS.IS' reason: Expecting value: line 1 column 1 (char 0)
2026-06-21 20:06:55 [ERROR] yfinance: Failed to get ticker 'ICUGS.IS' reason: Expecting value: line 1 column 1 (char 0)
2026-06-21 20:06:55 [ERROR] yfinance: Failed to get ticker 'ISKPL.IS' reason: Expecting value: line 1 column 1 (char 0)
2026-06-21 20:06:55 [ERROR] yfinance: Failed to get ticker 'SEKUR.IS' reason: Expecting value: line 1 column 1 (char 0)
2026-06-21 20:06:55 [ERROR] yfinance: Failed to get ticker 'DMSAS.IS' reason: Expecting value: line 1 column 1 (char 0)
2026-06-21 20:06:55 [ERROR] yfinance: Failed to get ticker 'MMCAS.IS' reason: Expecting value: line 1 column 1 (char 0)
2026-06-21 20:06:55 [ERROR] yfinance: Failed to get ticker 'CMENT.IS' reason: Expecting value: line 1 column 1 (char 0)
2026-06-21 20:06:55 [ERROR] yfinance: Failed to get ticker 'MSGYO.IS' reason: Expecting value: line 1 column 1 (char 0)
2026-06-21 20:06:55 [ERROR] yfinance: Failed to get ticker 'DURDO.IS' reason: Expecting value: line 1 column 1 (char 0)
2026-06-21 20:06:55 [ERROR] yfinance: Failed to get ticker 'SAMAT.IS' reason: Expecting value: line 1 column 1 (char 0)
2026-06-21 20:06:55 [ERROR] yfinance: Failed to get ticker 'TURSG.IS' reason: Expecting value: line 1 column 1 (char 0)
2026-06-21 20:06:55 [ERROR] yfinance: Failed to get ticker 'EGGUB.IS' reason: Expecting value: line 1 column 1 (char 0)
2026-06-21 20:06:55 [ERROR] yfinance: Failed to get ticker 'GSDDE.IS' reason: Expecting value: line 1 column 1 (char 0)
2026-06-21 20:06:55 [DEBUG] asyncio: Using selector: EpollSelector
2026-06-21 20:06:55 [ERROR] yfinance: Failed to get ticker 'KAPLM.IS' reason: Expecting value: line 1 column 1 (char 0)
2026-06-21 20:06:55 [ERROR] yfinance: Failed to get ticker 'VERUS.IS' reason: Expecting value: line 1 column 1 (char 0)
2026-06-21 20:06:55 [ERROR] yfinance: Failed to get ticker 'SOKM.IS' reason: Expecting value: line 1 column 1 (char 0)
2026-06-21 20:06:55 [ERROR] yfinance: Failed to get ticker 'CASA.IS' reason: Expecting value: line 1 column 1 (char 0)
2026-06-21 20:06:55 [ERROR] yfinance: Failed to get ticker 'CGCAM.IS' reason: Expecting value: line 1 column 1 (char 0)
2026-06-21 20:06:55 [ERROR] yfinance: Failed to get ticker 'CEOEM.IS' reason: Expecting value: line 1 column 1 (char 0)
2026-06-21 20:06:55 [ERROR] yfinance: Failed to get ticker 'AVOD.IS' reason: Expecting value: line 1 column 1 (char 0)
2026-06-21 20:06:55 [ERROR] yfinance: Failed to get ticker 'KRPLS.IS' reason: Expecting value: line 1 column 1 (char 0)
2026-06-21 20:06:55 [ERROR] yfinance: Failed to get ticker 'IHEVA.IS' reason: Expecting value: line 1 column 1 (char 0)
2026-06-21 20:06:55 [ERROR] yfinance: Failed to get ticker 'GLYHO.IS' reason: Expecting value: line 1 column 1 (char 0)
2026-06-21 20:06:55 [ERROR] yfinance: Failed to get ticker 'YYLGD.IS' reason: Expecting value: line 1 column 1 (char 0)
2026-06-21 20:06:55 [ERROR] yfinance: Failed to get ticker 'RUBNS.IS' reason: Expecting value: line 1 column 1 (char 0)
2026-06-21 20:06:55 [ERROR] yfinance: Failed to get ticker 'HEDEF.IS' reason: Expecting value: line 1 column 1 (char 0)
2026-06-21 20:06:55 [ERROR] yfinance: Failed to get ticker 'AVGYO.IS' reason: Expecting value: line 1 column 1 (char 0)
2026-06-21 20:06:55 [ERROR] yfinance: Failed to get ticker 'KRDMD.IS' reason: Expecting value: line 1 column 1 (char 0)
2026-06-21 20:06:56 [ERROR] yfinance: Failed to get ticker 'YKSLN.IS' reason: Expecting value: line 1 column 1 (char 0)
2026-06-21 20:06:56 [ERROR] yfinance: Failed to get ticker 'PGSUS.IS' reason: Expecting value: line 1 column 1 (char 0)
2026-06-21 20:06:56 [ERROR] yfinance: Failed to get ticker 'HUBVC.IS' reason: Expecting value: line 1 column 1 (char 0)
2026-06-21 20:06:56 [ERROR] yfinance: Failed to get ticker 'DERHL.IS' reason: Expecting value: line 1 column 1 (char 0)
2026-06-21 20:06:56 [ERROR] yfinance: Failed to get ticker 'BALAT.IS' reason: Expecting value: line 1 column 1 (char 0)
2026-06-21 20:06:56 [ERROR] yfinance: Failed to get ticker 'GOZDE.IS' reason: Expecting value: line 1 column 1 (char 0)
2026-06-21 20:06:56 [ERROR] yfinance: Failed to get ticker 'OTKAR.IS' reason: Expecting value: line 1 column 1 (char 0)
2026-06-21 20:06:56 [ERROR] yfinance: Failed to get ticker 'ASTOR.IS' reason: Expecting value: line 1 column 1 (char 0)
2026-06-21 20:06:56 [ERROR] yfinance: Failed to get ticker 'HTTBT.IS' reason: Expecting value: line 1 column 1 (char 0)
2026-06-21 20:06:56 [ERROR] yfinance: Failed to get ticker 'TKNSA.IS' reason: Expecting value: line 1 column 1 (char 0)
2026-06-21 20:06:56 [ERROR] yfinance: Failed to get ticker 'SNPAM.IS' reason: Expecting value: line 1 column 1 (char 0)
2026-06-21 20:06:56 [ERROR] yfinance: Failed to get ticker 'BJKAS.IS' reason: Expecting value: line 1 column 1 (char 0)
2026-06-21 20:06:56 [ERROR] yfinance: Failed to get ticker 'CRDFA.IS' reason: Expecting value: line 1 column 1 (char 0)
2026-06-21 20:06:56 [ERROR] yfinance: Failed to get ticker 'KMPUR.IS' reason: Expecting value: line 1 column 1 (char 0)
2026-06-21 20:06:56 [ERROR] yfinance: Failed to get ticker 'KENT.IS' reason: Expecting value: line 1 column 1 (char 0)
2026-06-21 20:06:56 [ERROR] yfinance: Failed to get ticker 'MEKAG.IS' reason: Expecting value: line 1 column 1 (char 0)
2026-06-21 20:06:56 [ERROR] yfinance: Failed to get ticker 'BRKSN.IS' reason: Expecting value: line 1 column 1 (char 0)
2026-06-21 20:06:56 [ERROR] yfinance: Failed to get ticker 'DAPGM.IS' reason: Expecting value: line 1 column 1 (char 0)
2026-06-21 20:06:56 [ERROR] yfinance: Failed to get ticker 'HUNER.IS' reason: Expecting value: line 1 column 1 (char 0)
2026-06-21 20:06:56 [ERROR] yfinance: Failed to get ticker 'IHYAY.IS' reason: Expecting value: line 1 column 1 (char 0)
2026-06-21 20:06:56 [ERROR] yfinance: Failed to get ticker 'OZSUB.IS' reason: Expecting value: line 1 column 1 (char 0)
2026-06-21 20:06:56 [ERROR] yfinance: Failed to get ticker 'PRKAB.IS' reason: Expecting value: line 1 column 1 (char 0)
2026-06-21 20:06:56 [ERROR] yfinance: Failed to get ticker 'TTRAK.IS' reason: Expecting value: line 1 column 1 (char 0)
2026-06-21 20:06:56 [ERROR] yfinance: Failed to get ticker 'BRMEN.IS' reason: Expecting value: line 1 column 1 (char 0)
2026-06-21 20:06:56 [ERROR] yfinance: Failed to get ticker 'GUBRF.IS' reason: Expecting value: line 1 column 1 (char 0)
2026-06-21 20:06:56 [ERROR] yfinance: Failed to get ticker 'HDFGS.IS' reason: Expecting value: line 1 column 1 (char 0)
2026-06-21 20:06:56 [ERROR] yfinance: Failed to get ticker 'EUPWR.IS' reason: Expecting value: line 1 column 1 (char 0)
2026-06-21 20:06:56 [ERROR] yfinance: Failed to get ticker 'ISMEN.IS' reason: Expecting value: line 1 column 1 (char 0)
2026-06-21 20:06:56 [ERROR] yfinance: Failed to get ticker 'KONYA.IS' reason: Expecting value: line 1 column 1 (char 0)
2026-06-21 20:06:56 [ERROR] yfinance: Failed to get ticker 'VRGYO.IS' reason: Expecting value: line 1 column 1 (char 0)
2026-06-21 20:06:56 [ERROR] yfinance: Failed to get ticker 'TERA.IS' reason: Expecting value: line 1 column 1 (char 0)
2026-06-21 20:06:56 [ERROR] yfinance: Failed to get ticker 'INVEO.IS' reason: Expecting value: line 1 column 1 (char 0)
2026-06-21 20:06:56 [ERROR] yfinance: Failed to get ticker 'BOSSA.IS' reason: Expecting value: line 1 column 1 (char 0)
2026-06-21 20:06:56 [ERROR] yfinance: Failed to get ticker 'SISE.IS' reason: Expecting value: line 1 column 1 (char 0)
2026-06-21 20:06:56 [INFO] zkr_analiz.monolith: ws/activity client connected
2026-06-21 20:06:56 [DEBUG] zkr_analiz.activity_stream: Activity WS listener registered (total: 1)
2026-06-21 20:06:56 [ERROR] yfinance: Failed to get ticker 'ODAS.IS' reason: Expecting value: line 1 column 1 (char 0)
2026-06-21 20:06:56 [ERROR] yfinance: Failed to get ticker 'ENSRI.IS' reason: Expecting value: line 1 column 1 (char 0)
2026-06-21 20:06:56 [ERROR] yfinance: Failed to get ticker 'EBEBK.IS' reason: Expecting value: line 1 column 1 (char 0)
2026-06-21 20:06:56 [ERROR] yfinance: Failed to get ticker 'KNFRT.IS' reason: Expecting value: line 1 column 1 (char 0)
2026-06-21 20:06:56 [ERROR] yfinance: Failed to get ticker 'ENJSA.IS' reason: Expecting value: line 1 column 1 (char 0)
2026-06-21 20:06:56 [ERROR] yfinance: Failed to get ticker 'AYCES.IS' reason: Expecting value: line 1 column 1 (char 0)
2026-06-21 20:06:56 [ERROR] yfinance: Failed to get ticker 'KATMR.IS' reason: Expecting value: line 1 column 1 (char 0)
2026-06-21 20:06:56 [ERROR] yfinance: Failed to get ticker 'DOCO.IS' reason: Expecting value: line 1 column 1 (char 0)
2026-06-21 20:06:56 [ERROR] yfinance: Failed to get ticker 'VANGD.IS' reason: Expecting value: line 1 column 1 (char 0)
2026-06-21 20:06:56 [ERROR] yfinance: Failed to get ticker 'KLGYO.IS' reason: Expecting value: line 1 column 1 (char 0)
2026-06-21 20:06:56 [ERROR] yfinance: Failed to get ticker 'SARKY.IS' reason: Expecting value: line 1 column 1 (char 0)
2026-06-21 20:06:56 [ERROR] yfinance: Failed to get ticker 'OZGYO.IS' reason: Expecting value: line 1 column 1 (char 0)
2026-06-21 20:06:56 [ERROR] yfinance: Failed to get ticker 'YGYO.IS' reason: Expecting value: line 1 column 1 (char 0)
2026-06-21 20:06:56 [ERROR] yfinance: Failed to get ticker 'ATAGY.IS' reason: Expecting value: line 1 column 1 (char 0)
2026-06-21 20:06:57 [ERROR] yfinance: Failed to get ticker 'TUREX.IS' reason: Expecting value: line 1 column 1 (char 0)
2026-06-21 20:06:57 [ERROR] yfinance: Failed to get ticker 'VKGYO.IS' reason: Expecting value: line 1 column 1 (char 0)
2026-06-21 20:06:57 [ERROR] yfinance: Failed to get ticker 'TMSN.IS' reason: Expecting value: line 1 column 1 (char 0)
2026-06-21 20:06:57 [ERROR] yfinance: Failed to get ticker 'ISDMR.IS' reason: Expecting value: line 1 column 1 (char 0)
2026-06-21 20:06:57 [ERROR] yfinance: Failed to get ticker 'ISFIN.IS' reason: Expecting value: line 1 column 1 (char 0)
2026-06-21 20:06:57 [INFO] zkr_analiz.strategy_live: Strategy Live Engine starting...
2026-06-21 20:06:57 [INFO] zkr_analiz.strategy_live: Strategy Live Engine started with 0 active strategies
2026-06-21 20:06:57 [INFO] zkr_analiz.jobs: Strategy Live Engine started successfully
2026-06-21 20:06:57 [ERROR] yfinance: Failed to get ticker 'BASGZ.IS' reason: Expecting value: line 1 column 1 (char 0)
2026-06-21 20:06:57 [ERROR] yfinance: Failed to get ticker 'AKSUE.IS' reason: Expecting value: line 1 column 1 (char 0)
2026-06-21 20:06:57 [ERROR] yfinance: Failed to get ticker 'AKSA.IS' reason: Expecting value: line 1 column 1 (char 0)
2026-06-21 20:06:57 [ERROR] yfinance: Failed to get ticker 'PEKGY.IS' reason: Expecting value: line 1 column 1 (char 0)
2026-06-21 20:06:57 [ERROR] yfinance: Failed to get ticker 'ANELE.IS' reason: Expecting value: line 1 column 1 (char 0)
2026-06-21 20:06:57 [ERROR] yfinance: Failed to get ticker 'YAPRK.IS' reason: Expecting value: line 1 column 1 (char 0)
2026-06-21 20:06:57 [ERROR] yfinance: Failed to get ticker 'ARSAN.IS' reason: Expecting value: line 1 column 1 (char 0)
2026-06-21 20:06:57 [ERROR] yfinance: Failed to get ticker 'YEOTK.IS' reason: Expecting value: line 1 column 1 (char 0)
2026-06-21 20:06:57 [ERROR] yfinance: Failed to get ticker 'CUSAN.IS' reason: Expecting value: line 1 column 1 (char 0)
2026-06-21 20:06:57 [ERROR] yfinance: Failed to get ticker 'TUPRS.IS' reason: Expecting value: line 1 column 1 (char 0)
2026-06-21 20:06:57 [ERROR] yfinance: Failed to get ticker 'BMSTL.IS' reason: Expecting value: line 1 column 1 (char 0)
2026-06-21 20:06:57 [ERROR] yfinance: Failed to get ticker 'BURVA.IS' reason: Expecting value: line 1 column 1 (char 0)
2026-06-21 20:06:57 [ERROR] yfinance: Failed to get ticker 'REEDR.IS' reason: Expecting value: line 1 column 1 (char 0)
2026-06-21 20:06:57 [ERROR] yfinance: Failed to get ticker 'ADEL.IS' reason: Expecting value: line 1 column 1 (char 0)
2026-06-21 20:06:57 [ERROR] yfinance: Failed to get ticker 'TLMAN.IS' reason: Expecting value: line 1 column 1 (char 0)
2026-06-21 20:06:57 [ERROR] yfinance: Failed to get ticker 'JANTS.IS' reason: Expecting value: line 1 column 1 (char 0)
2026-06-21 20:06:57 [ERROR] yfinance: Failed to get ticker 'KCAER.IS' reason: Expecting value: line 1 column 1 (char 0)
2026-06-21 20:06:57 [ERROR] yfinance: Failed to get ticker 'TGSAS.IS' reason: Expecting value: line 1 column 1 (char 0)
2026-06-21 20:06:57 [ERROR] yfinance: Failed to get ticker 'PAPIL.IS' reason: Expecting value: line 1 column 1 (char 0)
2026-06-21 20:06:57 [ERROR] yfinance: Failed to get ticker 'FENER.IS' reason: Expecting value: line 1 column 1 (char 0)
2026-06-21 20:06:57 [ERROR] yfinance: Failed to get ticker 'MGROS.IS' reason: Expecting value: line 1 column 1 (char 0)
2026-06-21 20:06:57 [ERROR] yfinance: Failed to get ticker 'AVHOL.IS' reason: Expecting value: line 1 column 1 (char 0)
2026-06-21 20:06:57 [ERROR] yfinance: Failed to get ticker 'KLMSN.IS' reason: Expecting value: line 1 column 1 (char 0)
2026-06-21 20:06:57 [ERROR] yfinance: Failed to get ticker 'ANHYT.IS' reason: Expecting value: line 1 column 1 (char 0)
2026-06-21 20:06:57 [ERROR] yfinance: Failed to get ticker 'CELHA.IS' reason: Expecting value: line 1 column 1 (char 0)
2026-06-21 20:06:57 [ERROR] yfinance: Failed to get ticker 'HATEK.IS' reason: Expecting value: line 1 column 1 (char 0)
2026-06-21 20:06:57 [ERROR] yfinance: Failed to get ticker 'HLGYO.IS' reason: Expecting value: line 1 column 1 (char 0)
2026-06-21 20:06:57 [ERROR] yfinance: Failed to get ticker 'SANEL.IS' reason: Expecting value: line 1 column 1 (char 0)
2026-06-21 20:06:57 [ERROR] yfinance: Failed to get ticker 'GLBMD.IS' reason: Expecting value: line 1 column 1 (char 0)
2026-06-21 20:06:57 [ERROR] yfinance: Failed to get ticker 'BARMA.IS' reason: Expecting value: line 1 column 1 (char 0)
2026-06-21 20:06:57 [ERROR] yfinance: Failed to get ticker 'ISCTR.IS' reason: Expecting value: line 1 column 1 (char 0)
2026-06-21 20:06:57 [ERROR] yfinance: Failed to get ticker 'KORDS.IS' reason: Expecting value: line 1 column 1 (char 0)
2026-06-21 20:06:57 [ERROR] yfinance: Failed to get ticker 'BIZIM.IS' reason: Expecting value: line 1 column 1 (char 0)
2026-06-21 20:06:57 [ERROR] yfinance: Failed to get ticker 'MNDRS.IS' reason: Expecting value: line 1 column 1 (char 0)
2026-06-21 20:06:57 [ERROR] yfinance: Failed to get ticker 'KRGYO.IS' reason: Expecting value: line 1 column 1 (char 0)
2026-06-21 20:06:57 [ERROR] yfinance: Failed to get ticker 'MPARK.IS' reason: Expecting value: line 1 column 1 (char 0)
2026-06-21 20:06:57 [ERROR] yfinance: Failed to get ticker 'LOGO.IS' reason: Expecting value: line 1 column 1 (char 0)
2026-06-21 20:06:57 [ERROR] yfinance: Failed to get ticker 'ORGE.IS' reason: Expecting value: line 1 column 1 (char 0)
2026-06-21 20:06:57 [ERROR] yfinance: Failed to get ticker 'KRTEK.IS' reason: Expecting value: line 1 column 1 (char 0)
2026-06-21 20:06:57 [ERROR] yfinance: Failed to get ticker 'SAHOL.IS' reason: Expecting value: line 1 column 1 (char 0)
2026-06-21 20:06:57 [ERROR] yfinance: Failed to get ticker 'BRYAT.IS' reason: Expecting value: line 1 column 1 (char 0)
2026-06-21 20:06:57 [ERROR] yfinance: Failed to get ticker 'CANTE.IS' reason: Expecting value: line 1 column 1 (char 0)
2026-06-21 20:06:57 [ERROR] yfinance: Failed to get ticker 'TDGYO.IS' reason: Expecting value: line 1 column 1 (char 0)
2026-06-21 20:06:58 [ERROR] yfinance: Failed to get ticker 'PENTA.IS' reason: Expecting value: line 1 column 1 (char 0)
2026-06-21 20:06:58 [ERROR] yfinance: Failed to get ticker 'MERIT.IS' reason: Expecting value: line 1 column 1 (char 0)
2026-06-21 20:06:58 [ERROR] yfinance: Failed to get ticker 'PKENT.IS' reason: Expecting value: line 1 column 1 (char 0)
2026-06-21 20:06:58 [ERROR] yfinance: Failed to get ticker 'KLSYN.IS' reason: Expecting value: line 1 column 1 (char 0)
2026-06-21 20:06:58 [ERROR] yfinance: Failed to get ticker 'SEGYO.IS' reason: Expecting value: line 1 column 1 (char 0)
2026-06-21 20:06:58 [ERROR] yfinance: Failed to get ticker 'GENTS.IS' reason: Expecting value: line 1 column 1 (char 0)
2026-06-21 20:06:58 [ERROR] yfinance: Failed to get ticker 'DAGI.IS' reason: Expecting value: line 1 column 1 (char 0)
2026-06-21 20:06:58 [ERROR] yfinance: Failed to get ticker 'SILVR.IS' reason: Expecting value: line 1 column 1 (char 0)
2026-06-21 20:06:58 [ERROR] yfinance: Failed to get ticker 'SELEC.IS' reason: Expecting value: line 1 column 1 (char 0)
2026-06-21 20:06:58 [ERROR] yfinance: Failed to get ticker 'ISGYO.IS' reason: Expecting value: line 1 column 1 (char 0)
2026-06-21 20:06:58 [ERROR] yfinance: Failed to get ticker 'VAKKO.IS' reason: Expecting value: line 1 column 1 (char 0)
2026-06-21 20:06:58 [ERROR] yfinance: Failed to get ticker 'SRVGY.IS' reason: Expecting value: line 1 column 1 (char 0)
2026-06-21 20:06:58 [ERROR] yfinance: Failed to get ticker 'RAYSG.IS' reason: Expecting value: line 1 column 1 (char 0)
2026-06-21 20:06:58 [ERROR] yfinance: Failed to get ticker 'KUTPO.IS' reason: Expecting value: line 1 column 1 (char 0)
2026-06-21 20:06:58 [ERROR] yfinance: Failed to get ticker 'BAGFS.IS' reason: Expecting value: line 1 column 1 (char 0)
2026-06-21 20:06:58 [ERROR] yfinance: Failed to get ticker 'MARTI.IS' reason: Expecting value: line 1 column 1 (char 0)
2026-06-21 20:06:58 [ERROR] yfinance: Failed to get ticker 'PNLSN.IS' reason: Expecting value: line 1 column 1 (char 0)
2026-06-21 20:06:58 [ERROR] yfinance: Failed to get ticker 'KARTN.IS' reason: Expecting value: line 1 column 1 (char 0)
2026-06-21 20:06:58 [ERROR] yfinance: Failed to get ticker 'VKFYO.IS' reason: Expecting value: line 1 column 1 (char 0)
2026-06-21 20:06:58 [ERROR] yfinance: Failed to get ticker 'SEKFK.IS' reason: Expecting value: line 1 column 1 (char 0)
2026-06-21 20:06:58 [ERROR] yfinance: Failed to get ticker 'PRZMA.IS' reason: Expecting value: line 1 column 1 (char 0)
2026-06-21 20:06:58 [ERROR] yfinance: Failed to get ticker 'HALKB.IS' reason: Expecting value: line 1 column 1 (char 0)
2026-06-21 20:06:58 [ERROR] yfinance: Failed to get ticker 'RYSAS.IS' reason: Expecting value: line 1 column 1 (char 0)
2026-06-21 20:06:58 [ERROR] yfinance: Failed to get ticker 'DOHOL.IS' reason: Expecting value: line 1 column 1 (char 0)
2026-06-21 20:06:58 [ERROR] yfinance: Failed to get ticker 'LINK.IS' reason: Expecting value: line 1 column 1 (char 0)
2026-06-21 20:06:58 [ERROR] yfinance: Failed to get ticker 'OBASE.IS' reason: Expecting value: line 1 column 1 (char 0)
2026-06-21 20:06:58 [ERROR] yfinance: Failed to get ticker 'KONTR.IS' reason: Expecting value: line 1 column 1 (char 0)
2026-06-21 20:06:58 [ERROR] yfinance: Failed to get ticker 'ELITE.IS' reason: Expecting value: line 1 column 1 (char 0)
2026-06-21 20:06:58 [ERROR] yfinance: Failed to get ticker 'PASEU.IS' reason: Expecting value: line 1 column 1 (char 0)
2026-06-21 20:06:58 [ERROR] yfinance: Failed to get ticker 'TUCLK.IS' reason: Expecting value: line 1 column 1 (char 0)
2026-06-21 20:06:58 [ERROR] yfinance: Failed to get ticker 'SUWEN.IS' reason: Expecting value: line 1 column 1 (char 0)
2026-06-21 20:06:58 [ERROR] yfinance: Failed to get ticker 'GESAN.IS' reason: Expecting value: line 1 column 1 (char 0)
2026-06-21 20:06:58 [ERROR] yfinance: Failed to get ticker 'BNTAS.IS' reason: Expecting value: line 1 column 1 (char 0)
2026-06-21 20:06:58 [ERROR] yfinance: Failed to get ticker 'BOBET.IS' reason: Expecting value: line 1 column 1 (char 0)
2026-06-21 20:06:58 [ERROR] yfinance: Failed to get ticker 'EDIP.IS' reason: Expecting value: line 1 column 1 (char 0)
2026-06-21 20:06:58 [ERROR] yfinance: Failed to get ticker 'ENTRA.IS' reason: Expecting value: line 1 column 1 (char 0)
2026-06-21 20:06:58 [ERROR] yfinance: Failed to get ticker 'PETUN.IS' reason: Expecting value: line 1 column 1 (char 0)
2026-06-21 20:06:58 [ERROR] yfinance: Failed to get ticker 'MEGMT.IS' reason: Expecting value: line 1 column 1 (char 0)
2026-06-21 20:06:58 [ERROR] yfinance: Failed to get ticker 'IEYHO.IS' reason: Expecting value: line 1 column 1 (char 0)
2026-06-21 20:06:58 [ERROR] yfinance: Failed to get ticker 'AEFES.IS' reason: Expecting value: line 1 column 1 (char 0)
2026-06-21 20:06:58 [ERROR] yfinance: Failed to get ticker 'NUGYO.IS' reason: Expecting value: line 1 column 1 (char 0)
2026-06-21 20:06:58 [ERROR] yfinance: Failed to get ticker 'PRKME.IS' reason: Expecting value: line 1 column 1 (char 0)
2026-06-21 20:06:58 [ERROR] yfinance: Failed to get ticker 'AKBNK.IS' reason: Expecting value: line 1 column 1 (char 0)
2026-06-21 20:06:58 [ERROR] yfinance: Failed to get ticker 'PENGD.IS' reason: Expecting value: line 1 column 1 (char 0)
2026-06-21 20:06:58 [ERROR] yfinance: Failed to get ticker 'METRO.IS' reason: Expecting value: line 1 column 1 (char 0)
2026-06-21 20:06:58 [ERROR] yfinance: Failed to get ticker 'GSRAY.IS' reason: Expecting value: line 1 column 1 (char 0)
2026-06-21 20:06:58 [ERROR] yfinance: Failed to get ticker 'EGPRO.IS' reason: Expecting value: line 1 column 1 (char 0)
2026-06-21 20:06:58 [ERROR] yfinance: Failed to get ticker 'TCELL.IS' reason: Expecting value: line 1 column 1 (char 0)
2026-06-21 20:06:58 [ERROR] yfinance: Failed to get ticker 'BINHO.IS' reason: Expecting value: line 1 column 1 (char 0)
2026-06-21 20:06:58 [ERROR] yfinance: Failed to get ticker 'PARSN.IS' reason: Expecting value: line 1 column 1 (char 0)
2026-06-21 20:06:58 [ERROR] yfinance: Failed to get ticker 'PLTUR.IS' reason: Expecting value: line 1 column 1 (char 0)
2026-06-21 20:06:59 [ERROR] yfinance: Failed to get ticker 'BAYRK.IS' reason: Expecting value: line 1 column 1 (char 0)
2026-06-21 20:06:59 [ERROR] yfinance: Failed to get ticker 'NETAS.IS' reason: Expecting value: line 1 column 1 (char 0)
2026-06-21 20:06:59 [ERROR] yfinance: Failed to get ticker 'BERA.IS' reason: Expecting value: line 1 column 1 (char 0)
2026-06-21 20:06:59 [ERROR] yfinance: Failed to get ticker 'ULUFA.IS' reason: Expecting value: line 1 column 1 (char 0)
2026-06-21 20:06:59 [ERROR] yfinance: Failed to get ticker 'SURGY.IS' reason: Expecting value: line 1 column 1 (char 0)
2026-06-21 20:06:59 [ERROR] yfinance: Failed to get ticker 'KLNMA.IS' reason: Expecting value: line 1 column 1 (char 0)
2026-06-21 20:06:59 [ERROR] yfinance: Failed to get ticker 'INTEM.IS' reason: Expecting value: line 1 column 1 (char 0)
2026-06-21 20:06:59 [ERROR] yfinance: Failed to get ticker 'AKFGY.IS' reason: Expecting value: line 1 column 1 (char 0)
2026-06-21 20:06:59 [ERROR] yfinance: Failed to get ticker 'ERSU.IS' reason: Expecting value: line 1 column 1 (char 0)
2026-06-21 20:06:59 [ERROR] yfinance: Failed to get ticker 'GLCVY.IS' reason: Expecting value: line 1 column 1 (char 0)
2026-06-21 20:06:59 [ERROR] yfinance: Failed to get ticker 'QUAGR.IS' reason: Expecting value: line 1 column 1 (char 0)
2026-06-21 20:06:59 [ERROR] yfinance: Failed to get ticker 'THYAO.IS' reason: Expecting value: line 1 column 1 (char 0)
2026-06-21 20:06:59 [ERROR] yfinance: Failed to get ticker 'SNGYO.IS' reason: Expecting value: line 1 column 1 (char 0)
2026-06-21 20:06:59 [ERROR] yfinance: Failed to get ticker 'BANVT.IS' reason: Expecting value: line 1 column 1 (char 0)
2026-06-21 20:06:59 [ERROR] yfinance: Failed to get ticker 'PCILT.IS' reason: Expecting value: line 1 column 1 (char 0)
2026-06-21 20:06:59 [ERROR] yfinance: Failed to get ticker 'UMPAS.IS' reason: Expecting value: line 1 column 1 (char 0)
2026-06-21 20:06:59 [ERROR] yfinance: Failed to get ticker 'BRISA.IS' reason: Expecting value: line 1 column 1 (char 0)
2026-06-21 20:06:59 [ERROR] yfinance: Failed to get ticker 'ARZUM.IS' reason: Expecting value: line 1 column 1 (char 0)
2026-06-21 20:06:59 [ERROR] yfinance: Failed to get ticker 'LILAK.IS' reason: Expecting value: line 1 column 1 (char 0)
2026-06-21 20:06:59 [ERROR] yfinance: Failed to get ticker 'ISBIR.IS' reason: Expecting value: line 1 column 1 (char 0)
2026-06-21 20:06:59 [ERROR] yfinance: Failed to get ticker 'GARAN.IS' reason: Expecting value: line 1 column 1 (char 0)
2026-06-21 20:06:59 [ERROR] yfinance: Failed to get ticker 'KOTON.IS' reason: Expecting value: line 1 column 1 (char 0)
2026-06-21 20:06:59 [ERROR] yfinance: Failed to get ticker 'RTALB.IS' reason: Expecting value: line 1 column 1 (char 0)
2026-06-21 20:06:59 [ERROR] yfinance: Failed to get ticker 'ULUUN.IS' reason: Expecting value: line 1 column 1 (char 0)
2026-06-21 20:06:59 [ERROR] yfinance: Failed to get ticker 'TSGYO.IS' reason: Expecting value: line 1 column 1 (char 0)
2026-06-21 20:06:59 [ERROR] yfinance: Failed to get ticker 'DOGUB.IS' reason: Expecting value: line 1 column 1 (char 0)
2026-06-21 20:06:59 [ERROR] yfinance: Failed to get ticker 'DEVA.IS' reason: Expecting value: line 1 column 1 (char 0)
2026-06-21 20:06:59 [ERROR] yfinance: Failed to get ticker 'KLSER.IS' reason: Expecting value: line 1 column 1 (char 0)
2026-06-21 20:06:59 [ERROR] yfinance: Failed to get ticker 'TTKOM.IS' reason: Expecting value: line 1 column 1 (char 0)
2026-06-21 20:06:59 [ERROR] yfinance: Failed to get ticker 'ALGYO.IS' reason: Expecting value: line 1 column 1 (char 0)
2026-06-21 20:06:59 [ERROR] yfinance: Failed to get ticker 'IHGZT.IS' reason: Expecting value: line 1 column 1 (char 0)
2026-06-21 20:06:59 [ERROR] yfinance: Failed to get ticker 'NTGAZ.IS' reason: Expecting value: line 1 column 1 (char 0)
2026-06-21 20:06:59 [ERROR] yfinance: Failed to get ticker 'ESCOM.IS' reason: Expecting value: line 1 column 1 (char 0)
2026-06-21 20:06:59 [ERROR] yfinance: Failed to get ticker 'TRCAS.IS' reason: Expecting value: line 1 column 1 (char 0)
2026-06-21 20:06:59 [ERROR] yfinance: Failed to get ticker 'BIENY.IS' reason: Expecting value: line 1 column 1 (char 0)
2026-06-21 20:06:59 [ERROR] yfinance: Failed to get ticker 'KFEIN.IS' reason: Expecting value: line 1 column 1 (char 0)
2026-06-21 20:06:59 [ERROR] yfinance: Failed to get ticker 'SKTAS.IS' reason: Expecting value: line 1 column 1 (char 0)
2026-06-21 20:06:59 [ERROR] yfinance: Failed to get ticker 'YONGA.IS' reason: Expecting value: line 1 column 1 (char 0)
2026-06-21 20:06:59 [ERROR] yfinance: Failed to get ticker 'INGRM.IS' reason: Expecting value: line 1 column 1 (char 0)
2026-06-21 20:06:59 [ERROR] yfinance: Failed to get ticker 'NUHCM.IS' reason: Expecting value: line 1 column 1 (char 0)
2026-06-21 20:06:59 [ERROR] yfinance: Failed to get ticker 'GOKNR.IS' reason: Expecting value: line 1 column 1 (char 0)
2026-06-21 20:06:59 [ERROR] yfinance: Failed to get ticker 'RALYH.IS' reason: Expecting value: line 1 column 1 (char 0)
2026-06-21 20:06:59 [DEBUG] zkr_analiz.jobs: rest_price_poller updated 671 USDT symbols; buffer_size=671
2026-06-21 20:06:59 [ERROR] yfinance: Failed to get ticker 'ULAS.IS' reason: Expecting value: line 1 column 1 (char 0)
2026-06-21 20:06:59 [ERROR] yfinance: Failed to get ticker 'TKFEN.IS' reason: Expecting value: line 1 column 1 (char 0)
2026-06-21 20:06:59 [ERROR] yfinance: Failed to get ticker 'KZBGY.IS' reason: Expecting value: line 1 column 1 (char 0)
2026-06-21 20:06:59 [ERROR] yfinance: Failed to get ticker 'BSOKE.IS' reason: Expecting value: line 1 column 1 (char 0)
2026-06-21 20:06:59 [ERROR] yfinance: Failed to get ticker 'TABGD.IS' reason: Expecting value: line 1 column 1 (char 0)
2026-06-21 20:06:59 [ERROR] yfinance: Failed to get ticker 'TSPOR.IS' reason: Expecting value: line 1 column 1 (char 0)
2026-06-21 20:06:59 [ERROR] yfinance: Failed to get ticker 'CEMTS.IS' reason: Expecting value: line 1 column 1 (char 0)
2026-06-21 20:06:59 [ERROR] yfinance: Failed to get ticker 'DESPC.IS' reason: Expecting value: line 1 column 1 (char 0)
2026-06-21 20:06:59 [ERROR] yfinance: Failed to get ticker 'KBORU.IS' reason: Expecting value: line 1 column 1 (char 0)
2026-06-21 20:07:00 [ERROR] yfinance: Failed to get ticker 'IHLAS.IS' reason: Expecting value: line 1 column 1 (char 0)
2026-06-21 20:07:00 [ERROR] yfinance: Failed to get ticker 'ISATR.IS' reason: Expecting value: line 1 column 1 (char 0)
2026-06-21 20:07:00 [ERROR] yfinance: Failed to get ticker 'ALTNY.IS' reason: Expecting value: line 1 column 1 (char 0)
2026-06-21 20:07:00 [ERROR] yfinance: Failed to get ticker 'ULKER.IS' reason: Expecting value: line 1 column 1 (char 0)
2026-06-21 20:07:00 [ERROR] yfinance: Failed to get ticker 'FORMT.IS' reason: Expecting value: line 1 column 1 (char 0)
2026-06-21 20:07:00 [ERROR] yfinance: Failed to get ticker 'ARCLK.IS' reason: Expecting value: line 1 column 1 (char 0)
2026-06-21 20:07:00 [ERROR] yfinance: Failed to get ticker 'ALCAR.IS' reason: Expecting value: line 1 column 1 (char 0)
2026-06-21 20:07:00 [ERROR] yfinance: Failed to get ticker 'KRSTL.IS' reason: Expecting value: line 1 column 1 (char 0)
2026-06-21 20:07:00 [ERROR] yfinance: Failed to get ticker 'KARSN.IS' reason: Expecting value: line 1 column 1 (char 0)
2026-06-21 20:07:00 [ERROR] yfinance: Failed to get ticker 'BASCM.IS' reason: Expecting value: line 1 column 1 (char 0)
2026-06-21 20:07:00 [DEBUG] zkr_analiz.jobs: broadcast_worker emitting batch size=671
emitting event "price_update_batch" to all [/]
2026-06-21 20:07:00 [INFO] socketio.server: emitting event "price_update_batch" to all [/]
2026-06-21 20:07:00 [ERROR] yfinance: Failed to get ticker 'MAVI.IS' reason: Expecting value: line 1 column 1 (char 0)
2026-06-21 20:07:00 [ERROR] yfinance: Failed to get ticker 'ALKIM.IS' reason: Expecting value: line 1 column 1 (char 0)
2026-06-21 20:07:00 [ERROR] yfinance: Failed to get ticker 'RODRG.IS' reason: Expecting value: line 1 column 1 (char 0)
2026-06-21 20:07:00 [ERROR] yfinance: Failed to get ticker 'MIATK.IS' reason: Expecting value: line 1 column 1 (char 0)
2026-06-21 20:07:00 [ERROR] yfinance: Failed to get ticker 'GOODY.IS' reason: Expecting value: line 1 column 1 (char 0)
2026-06-21 20:07:00 [ERROR] yfinance: Failed to get ticker 'VESTL.IS' reason: Expecting value: line 1 column 1 (char 0)
2026-06-21 20:07:00 [ERROR] yfinance: Failed to get ticker 'MOBTL.IS' reason: Expecting value: line 1 column 1 (char 0)
2026-06-21 20:07:00 [ERROR] yfinance: Failed to get ticker 'SASA.IS' reason: Expecting value: line 1 column 1 (char 0)
2026-06-21 20:07:00 [ERROR] yfinance: Failed to get ticker 'KTSKR.IS' reason: Expecting value: line 1 column 1 (char 0)
2026-06-21 20:07:00 [ERROR] yfinance: Failed to get ticker 'MEDTR.IS' reason: Expecting value: line 1 column 1 (char 0)
2026-06-21 20:07:00 [ERROR] yfinance: Failed to get ticker 'BRLSM.IS' reason: Expecting value: line 1 column 1 (char 0)
2026-06-21 20:07:00 [ERROR] yfinance: Failed to get ticker 'CRFSA.IS' reason: Expecting value: line 1 column 1 (char 0)
2026-06-21 20:07:00 [ERROR] yfinance: Failed to get ticker 'DMRGD.IS' reason: Expecting value: line 1 column 1 (char 0)
2026-06-21 20:07:00 [ERROR] yfinance: Failed to get ticker 'EUYO.IS' reason: Expecting value: line 1 column 1 (char 0)
2026-06-21 20:07:00 [ERROR] yfinance: Failed to get ticker 'BFREN.IS' reason: Expecting value: line 1 column 1 (char 0)
2026-06-21 20:07:00 [ERROR] yfinance: Failed to get ticker 'EUREN.IS' reason: Expecting value: line 1 column 1 (char 0)
2026-06-21 20:07:00 [ERROR] yfinance: Failed to get ticker 'MOGAN.IS' reason: Expecting value: line 1 column 1 (char 0)
2026-06-21 20:07:00 [ERROR] yfinance: Failed to get ticker 'LUKSK.IS' reason: Expecting value: line 1 column 1 (char 0)
2026-06-21 20:07:00 [ERROR] yfinance: Failed to get ticker 'OFSYM.IS' reason: Expecting value: line 1 column 1 (char 0)
2026-06-21 20:07:00 [ERROR] yfinance: Failed to get ticker 'ORMA.IS' reason: Expecting value: line 1 column 1 (char 0)
2026-06-21 20:07:00 [ERROR] yfinance: Failed to get ticker 'OTTO.IS' reason: Expecting value: line 1 column 1 (char 0)
2026-06-21 20:07:00 [ERROR] yfinance: Failed to get ticker 'SUNTK.IS' reason: Expecting value: line 1 column 1 (char 0)
2026-06-21 20:07:00 [ERROR] yfinance: Failed to get ticker 'AKENR.IS' reason: Expecting value: line 1 column 1 (char 0)
2026-06-21 20:07:00 [ERROR] yfinance: Failed to get ticker 'NIBAS.IS' reason: Expecting value: line 1 column 1 (char 0)
2026-06-21 20:07:00 [ERROR] yfinance: Failed to get ticker 'EKSUN.IS' reason: Expecting value: line 1 column 1 (char 0)
2026-06-21 20:07:00 [ERROR] yfinance: Failed to get ticker 'ZEDUR.IS' reason: Expecting value: line 1 column 1 (char 0)
2026-06-21 20:07:00 [ERROR] yfinance: Failed to get ticker 'SANKO.IS' reason: Expecting value: line 1 column 1 (char 0)
2026-06-21 20:07:00 [ERROR] yfinance: Failed to get ticker 'BIGCH.IS' reason: Expecting value: line 1 column 1 (char 0)
2026-06-21 20:07:00 [ERROR] yfinance: Failed to get ticker 'EMKEL.IS' reason: Expecting value: line 1 column 1 (char 0)
2026-06-21 20:07:00 [ERROR] yfinance: Failed to get ticker 'MEGAP.IS' reason: Expecting value: line 1 column 1 (char 0)
2026-06-21 20:07:00 [ERROR] yfinance: Failed to get ticker 'SAYAS.IS' reason: Expecting value: line 1 column 1 (char 0)
2026-06-21 20:07:00 [ERROR] yfinance: Failed to get ticker 'HATSN.IS' reason: Expecting value: line 1 column 1 (char 0)
2026-06-21 20:07:00 [ERROR] yfinance: Failed to get ticker 'GEDIK.IS' reason: Expecting value: line 1 column 1 (char 0)
2026-06-21 20:07:00 [ERROR] yfinance: Failed to get ticker 'MAALT.IS' reason: Expecting value: line 1 column 1 (char 0)
2026-06-21 20:07:00 [ERROR] yfinance: Failed to get ticker 'AVTUR.IS' reason: Expecting value: line 1 column 1 (char 0)
2026-06-21 20:07:00 [ERROR] yfinance: Failed to get ticker 'SUMAS.IS' reason: Expecting value: line 1 column 1 (char 0)
2026-06-21 20:07:00 [ERROR] yfinance: Failed to get ticker 'KCHOL.IS' reason: Expecting value: line 1 column 1 (char 0)
2026-06-21 20:07:00 [ERROR] yfinance: Failed to get ticker 'INDES.IS' reason: Expecting value: line 1 column 1 (char 0)
2026-06-21 20:07:00 [ERROR] yfinance: Failed to get ticker 'CIMSA.IS' reason: Expecting value: line 1 column 1 (char 0)
2026-06-21 20:07:00 [ERROR] yfinance: Failed to get ticker 'OBAMS.IS' reason: Expecting value: line 1 column 1 (char 0)
2026-06-21 20:07:00 [ERROR] yfinance: Failed to get ticker 'HKTM.IS' reason: Expecting value: line 1 column 1 (char 0)
2026-06-21 20:07:00 [ERROR] yfinance: Failed to get ticker 'AGYO.IS' reason: Expecting value: line 1 column 1 (char 0)
2026-06-21 20:07:00 [ERROR] yfinance: Failed to get ticker 'IDGYO.IS' reason: Expecting value: line 1 column 1 (char 0)
2026-06-21 20:07:01 [ERROR] yfinance: Failed to get ticker 'TUKAS.IS' reason: Expecting value: line 1 column 1 (char 0)
2026-06-21 20:07:01 [ERROR] yfinance: Failed to get ticker 'KGYO.IS' reason: Expecting value: line 1 column 1 (char 0)
2026-06-21 20:07:01 [ERROR] yfinance: Failed to get ticker 'MAKIM.IS' reason: Expecting value: line 1 column 1 (char 0)
2026-06-21 20:07:01 [ERROR] yfinance: Failed to get ticker 'AKSEN.IS' reason: Expecting value: line 1 column 1 (char 0)
2026-06-21 20:07:01 [ERROR] yfinance: Failed to get ticker 'ICBCT.IS' reason: Expecting value: line 1 column 1 (char 0)
2026-06-21 20:07:01 [ERROR] yfinance: Failed to get ticker 'TATEN.IS' reason: Expecting value: line 1 column 1 (char 0)
2026-06-21 20:07:01 [ERROR] yfinance: Failed to get ticker 'BLCYT.IS' reason: Expecting value: line 1 column 1 (char 0)
2026-06-21 20:07:01 [ERROR] yfinance: Failed to get ticker 'GLRYH.IS' reason: Expecting value: line 1 column 1 (char 0)
2026-06-21 20:07:01 [ERROR] yfinance: Failed to get ticker 'AGHOL.IS' reason: Expecting value: line 1 column 1 (char 0)
2026-06-21 20:07:01 [ERROR] yfinance: Failed to get ticker 'ALFAS.IS' reason: Expecting value: line 1 column 1 (char 0)
2026-06-21 20:07:01 [ERROR] yfinance: Failed to get ticker 'OSMEN.IS' reason: Expecting value: line 1 column 1 (char 0)
2026-06-21 20:07:01 [ERROR] yfinance: Failed to get ticker 'FORTE.IS' reason: Expecting value: line 1 column 1 (char 0)
2026-06-21 20:07:01 [ERROR] yfinance: Failed to get ticker 'EMNIS.IS' reason: Expecting value: line 1 column 1 (char 0)
2026-06-21 20:07:01 [ERROR] yfinance: Failed to get ticker 'SMART.IS' reason: Expecting value: line 1 column 1 (char 0)
2026-06-21 20:07:01 [ERROR] yfinance: Failed to get ticker 'MTRYO.IS' reason: Expecting value: line 1 column 1 (char 0)
2026-06-21 20:07:01 [ERROR] yfinance: Failed to get ticker 'ANSGR.IS' reason: Expecting value: line 1 column 1 (char 0)
2026-06-21 20:07:01 [ERROR] yfinance: Failed to get ticker 'NTHOL.IS' reason: Expecting value: line 1 column 1 (char 0)
2026-06-21 20:07:01 [ERROR] yfinance: Failed to get ticker 'KAREL.IS' reason: Expecting value: line 1 column 1 (char 0)
2026-06-21 20:07:01 [ERROR] yfinance: Failed to get ticker 'EKGYO.IS' reason: Expecting value: line 1 column 1 (char 0)
2026-06-21 20:07:01 [ERROR] yfinance: Failed to get ticker 'MNDTR.IS' reason: Expecting value: line 1 column 1 (char 0)
2026-06-21 20:07:01 [ERROR] yfinance: Failed to get ticker 'KERVN.IS' reason: Expecting value: line 1 column 1 (char 0)
2026-06-21 20:07:01 [ERROR] yfinance: Failed to get ticker 'YESIL.IS' reason: Expecting value: line 1 column 1 (char 0)
2026-06-21 20:07:01 [ERROR] yfinance: Failed to get ticker 'ESEN.IS' reason: Expecting value: line 1 column 1 (char 0)
2026-06-21 20:07:01 [ERROR] yfinance: Failed to get ticker 'HEKTS.IS' reason: Expecting value: line 1 column 1 (char 0)
2026-06-21 20:07:01 [ERROR] yfinance: Failed to get ticker 'RGYAS.IS' reason: Expecting value: line 1 column 1 (char 0)
2026-06-21 20:07:01 [ERROR] yfinance: Failed to get ticker 'GLRMK.IS' reason: Expecting value: line 1 column 1 (char 0)
2026-06-21 20:07:01 [ERROR] yfinance: Failed to get ticker 'TRGYO.IS' reason: Expecting value: line 1 column 1 (char 0)
2026-06-21 20:07:01 [ERROR] yfinance: Failed to get ticker 'BURCE.IS' reason: Expecting value: line 1 column 1 (char 0)
2026-06-21 20:07:01 [ERROR] yfinance: Failed to get ticker 'SAFKR.IS' reason: Expecting value: line 1 column 1 (char 0)
2026-06-21 20:07:01 [ERROR] yfinance: Failed to get ticker 'BAKAB.IS' reason: Expecting value: line 1 column 1 (char 0)
2026-06-21 20:07:01 [ERROR] yfinance: Failed to get ticker 'TEZOL.IS' reason: Expecting value: line 1 column 1 (char 0)
2026-06-21 20:07:01 [ERROR] yfinance: Failed to get ticker 'GRSEL.IS' reason: Expecting value: line 1 column 1 (char 0)
2026-06-21 20:07:01 [ERROR] yfinance: Failed to get ticker 'BUCIM.IS' reason: Expecting value: line 1 column 1 (char 0)
2026-06-21 20:07:01 [ERROR] yfinance: Failed to get ticker 'MZHLD.IS' reason: Expecting value: line 1 column 1 (char 0)
2026-06-21 20:07:01 [ERROR] yfinance: Failed to get ticker 'MTRKS.IS' reason: Expecting value: line 1 column 1 (char 0)
2026-06-21 20:07:01 [ERROR] yfinance: Failed to get ticker 'GEDZA.IS' reason: Expecting value: line 1 column 1 (char 0)
2026-06-21 20:07:01 [ERROR] yfinance: Failed to get ticker 'BEYAZ.IS' reason: Expecting value: line 1 column 1 (char 0)
2026-06-21 20:07:01 [ERROR] yfinance: Failed to get ticker 'OZKGY.IS' reason: Expecting value: line 1 column 1 (char 0)
2026-06-21 20:07:01 [ERROR] yfinance: Failed to get ticker 'KONKA.IS' reason: Expecting value: line 1 column 1 (char 0)
2026-06-21 20:07:01 [ERROR] yfinance: Failed to get ticker 'SDTTR.IS' reason: Expecting value: line 1 column 1 (char 0)
2026-06-21 20:07:01 [ERROR] yfinance: Failed to get ticker 'VERTU.IS' reason: Expecting value: line 1 column 1 (char 0)
2026-06-21 20:07:01 [ERROR] yfinance: Failed to get ticker 'DITAS.IS' reason: Expecting value: line 1 column 1 (char 0)
2026-06-21 20:07:01 [ERROR] yfinance: Failed to get ticker 'DOAS.IS' reason: Expecting value: line 1 column 1 (char 0)
2026-06-21 20:07:01 [ERROR] yfinance: Failed to get ticker 'TRILC.IS' reason: Expecting value: line 1 column 1 (char 0)
2026-06-21 20:07:01 [ERROR] yfinance: Failed to get ticker 'DYOBY.IS' reason: Expecting value: line 1 column 1 (char 0)
2026-06-21 20:07:01 [ERROR] yfinance: Failed to get ticker 'ARENA.IS' reason: Expecting value: line 1 column 1 (char 0)
2026-06-21 20:07:01 [ERROR] yfinance: Failed to get ticker 'FRIGO.IS' reason: Expecting value: line 1 column 1 (char 0)
2026-06-21 20:07:01 [ERROR] yfinance: Failed to get ticker 'ZRGYO.IS' reason: Expecting value: line 1 column 1 (char 0)
2026-06-21 20:07:01 [ERROR] yfinance: Failed to get ticker 'OYLUM.IS' reason: Expecting value: line 1 column 1 (char 0)
2026-06-21 20:07:01 [ERROR] yfinance: Failed to get ticker 'YATAS.IS' reason: Expecting value: line 1 column 1 (char 0)
2026-06-21 20:07:02 [ERROR] yfinance: Failed to get ticker 'CCOLA.IS' reason: Expecting value: line 1 column 1 (char 0)
2026-06-21 20:07:02 [ERROR] yfinance: Failed to get ticker 'PAGYO.IS' reason: Expecting value: line 1 column 1 (char 0)
2026-06-21 20:07:02 [ERROR] yfinance: Failed to get ticker 'FZLGY.IS' reason: Expecting value: line 1 column 1 (char 0)
2026-06-21 20:07:02 [ERROR] yfinance: Failed to get ticker 'GZNMI.IS' reason: Expecting value: line 1 column 1 (char 0)
2026-06-21 20:07:02 [ERROR] yfinance: Failed to get ticker 'PAMEL.IS' reason: Expecting value: line 1 column 1 (char 0)
2026-06-21 20:07:02 [ERROR] yfinance: Failed to get ticker 'OZRDN.IS' reason: Expecting value: line 1 column 1 (char 0)
2026-06-21 20:07:02 [ERROR] yfinance: Failed to get ticker 'ECILC.IS' reason: Expecting value: line 1 column 1 (char 0)
2026-06-21 20:07:02 [ERROR] yfinance: Failed to get ticker 'IMASM.IS' reason: Expecting value: line 1 column 1 (char 0)
2026-06-21 20:07:02 [ERROR] yfinance: Failed to get ticker 'MERKO.IS' reason: Expecting value: line 1 column 1 (char 0)
2026-06-21 20:07:02 [ERROR] yfinance: Failed to get ticker 'VAKFN.IS' reason: Expecting value: line 1 column 1 (char 0)
2026-06-21 20:07:02 [ERROR] yfinance: Failed to get ticker 'KRONT.IS' reason: Expecting value: line 1 column 1 (char 0)
2026-06-21 20:07:02 [ERROR] yfinance: Failed to get ticker 'DARDL.IS' reason: Expecting value: line 1 column 1 (char 0)
2026-06-21 20:07:02 [ERROR] yfinance: Failed to get ticker 'ULUSE.IS' reason: Expecting value: line 1 column 1 (char 0)
2026-06-21 20:07:02 [ERROR] yfinance: Failed to get ticker 'IZFAS.IS' reason: Expecting value: line 1 column 1 (char 0)
2026-06-21 20:07:02 [ERROR] yfinance: Failed to get ticker 'ROYAL.IS' reason: Expecting value: line 1 column 1 (char 0)
2026-06-21 20:07:02 [ERROR] yfinance: Failed to get ticker 'KZGYO.IS' reason: Expecting value: line 1 column 1 (char 0)
2026-06-21 20:07:02 [ERROR] yfinance: Failed to get ticker 'ENKAI.IS' reason: Expecting value: line 1 column 1 (char 0)
2026-06-21 20:07:02 [ERROR] yfinance: Failed to get ticker 'ONCSM.IS' reason: Expecting value: line 1 column 1 (char 0)
2026-06-21 20:07:02 [ERROR] yfinance: Failed to get ticker 'KAYSE.IS' reason: Expecting value: line 1 column 1 (char 0)
2026-06-21 20:07:02 [ERROR] yfinance: Failed to get ticker 'SMRTG.IS' reason: Expecting value: line 1 column 1 (char 0)
2026-06-21 20:07:02 [ERROR] yfinance: Failed to get ticker 'ESCAR.IS' reason: Expecting value: line 1 column 1 (char 0)
2026-06-21 20:07:02 [ERROR] yfinance: Failed to get ticker 'COSMO.IS' reason: Expecting value: line 1 column 1 (char 0)
2026-06-21 20:07:02 [ERROR] yfinance: Failed to get ticker 'EPLAS.IS' reason: Expecting value: line 1 column 1 (char 0)
2026-06-21 20:07:02 [ERROR] yfinance: Failed to get ticker 'TMPOL.IS' reason: Expecting value: line 1 column 1 (char 0)
2026-06-21 20:07:02 [ERROR] yfinance: Failed to get ticker 'YUNSA.IS' reason: Expecting value: line 1 column 1 (char 0)
2026-06-21 20:07:02 [ERROR] yfinance: Failed to get ticker 'PRDGS.IS' reason: Expecting value: line 1 column 1 (char 0)
2026-06-21 20:07:02 [ERROR] yfinance: Failed to get ticker 'TATGD.IS' reason: Expecting value: line 1 column 1 (char 0)
2026-06-21 20:07:02 [ERROR] yfinance: Failed to get ticker 'PINSU.IS' reason: Expecting value: line 1 column 1 (char 0)
2026-06-21 20:07:02 [ERROR] yfinance: Failed to get ticker 'KLRHO.IS' reason: Expecting value: line 1 column 1 (char 0)
2026-06-21 20:07:02 [ERROR] yfinance: Failed to get ticker 'CVKMD.IS' reason: Expecting value: line 1 column 1 (char 0)
2026-06-21 20:07:02 [ERROR] yfinance: Failed to get ticker 'ATATP.IS' reason: Expecting value: line 1 column 1 (char 0)
2026-06-21 20:07:02 [ERROR] yfinance: Failed to get ticker 'SELVA.IS' reason: Expecting value: line 1 column 1 (char 0)
2026-06-21 20:07:02 [ERROR] yfinance: Failed to get ticker 'TOASO.IS' reason: Expecting value: line 1 column 1 (char 0)
2026-06-21 20:07:02 [ERROR] yfinance: Failed to get ticker 'FONET.IS' reason: Expecting value: line 1 column 1 (char 0)
2026-06-21 20:07:02 [ERROR] yfinance: Failed to get ticker 'DZGYO.IS' reason: Expecting value: line 1 column 1 (char 0)
2026-06-21 20:07:02 [ERROR] yfinance: Failed to get ticker 'EGEEN.IS' reason: Expecting value: line 1 column 1 (char 0)
2026-06-21 20:07:02 [ERROR] yfinance: Failed to get ticker 'EGSER.IS' reason: Expecting value: line 1 column 1 (char 0)
2026-06-21 20:07:02 [ERROR] yfinance: Failed to get ticker 'FROTO.IS' reason: Expecting value: line 1 column 1 (char 0)
2026-06-21 20:07:02 [ERROR] yfinance: Failed to get ticker 'SNKRN.IS' reason: Expecting value: line 1 column 1 (char 0)
2026-06-21 20:07:02 [ERROR] yfinance: Failed to get ticker 'MACKO.IS' reason: Expecting value: line 1 column 1 (char 0)
2026-06-21 20:07:02 [ERROR] yfinance: Failed to get ticker 'EKOS.IS' reason: Expecting value: line 1 column 1 (char 0)
2026-06-21 20:07:02 [ERROR] yfinance: Failed to get ticker 'ALCTL.IS' reason: Expecting value: line 1 column 1 (char 0)
2026-06-21 20:07:02 [ERROR] yfinance: Failed to get ticker 'PETKM.IS' reason: Expecting value: line 1 column 1 (char 0)
2026-06-21 20:07:02 [ERROR] yfinance: Failed to get ticker 'OYAKC.IS' reason: Expecting value: line 1 column 1 (char 0)
2026-06-21 20:07:02 [ERROR] yfinance: Failed to get ticker 'SODSN.IS' reason: Expecting value: line 1 column 1 (char 0)
2026-06-21 20:07:02 [ERROR] yfinance: Failed to get ticker 'ODINE.IS' reason: Expecting value: line 1 column 1 (char 0)
2026-06-21 20:07:02 [ERROR] yfinance: Failed to get ticker 'USAK.IS' reason: Expecting value: line 1 column 1 (char 0)
2026-06-21 20:07:02 [ERROR] yfinance: Failed to get ticker 'CEMAS.IS' reason: Expecting value: line 1 column 1 (char 0)
2026-06-21 20:07:02 [ERROR] yfinance: Failed to get ticker 'VESBE.IS' reason: Expecting value: line 1 column 1 (char 0)
2026-06-21 20:07:02 [ERROR] yfinance: Failed to get ticker 'MANAS.IS' reason: Expecting value: line 1 column 1 (char 0)
2026-06-21 20:07:03 [ERROR] yfinance: 
442 Failed downloads:
2026-06-21 20:07:03 [ERROR] yfinance: ['MERCN.IS', 'KUYAS.IS', 'GENIL.IS']: InterfaceError('bad parameter or other API misuse')
2026-06-21 20:07:03 [ERROR] yfinance: ['DGATE.IS']: IndexError('tuple index out of range')
2026-06-21 20:07:03 [ERROR] yfinance: ['TSKB.IS', 'DGNMO.IS', 'HURGZ.IS', 'YYAPI.IS', 'ETYAT.IS', 'ETILR.IS', 'UFUK.IS', 'BTCIM.IS', 'MAGEN.IS', 'RYGYO.IS', 'IZENR.IS', 'KRVGD.IS', 'UNLU.IS', 'CONSE.IS', 'LKMNH.IS', 'YKBNK.IS', 'AKSGY.IS', 'ALBRK.IS', 'BMSCH.IS', 'POLTK.IS', 'BIOEN.IS', 'MHRGY.IS', 'ERCB.IS', 'ACSEL.IS', 'BIMAS.IS', 'ALARK.IS', 'ISBTR.IS', 'VBTYZ.IS', 'DENGE.IS', 'SKBNK.IS', 'TARKM.IS', 'OSTIM.IS', 'ZOREN.IS', 'SANFM.IS', 'GMTAS.IS', 'PNSUT.IS', 'KIMMR.IS', 'IHLGM.IS', 'NATEN.IS', 'TEKTU.IS', 'MARKA.IS', 'VAKBN.IS', 'ATEKS.IS', 'GWIND.IS', 'ASELS.IS', 'GSDHO.IS', 'PKART.IS', 'KTLEV.IS', 'DERIM.IS', 'DNISI.IS', 'LIDFA.IS', 'TAVHL.IS', 'AYDEM.IS', 'GARFA.IS', 'LIDER.IS', 'POLHO.IS', 'SONME.IS', 'OYYAT.IS', 'ERBOS.IS', 'ICUGS.IS', 'ISKPL.IS', 'MMCAS.IS', 'DMSAS.IS', 'EREGL.IS', 'SEKUR.IS', 'MSGYO.IS', 'DURDO.IS', 'SAMAT.IS', 'EGGUB.IS', 'CMENT.IS', 'SOKM.IS', 'GSDDE.IS', 'TURSG.IS', 'KAPLM.IS', 'VERUS.IS', 'CASA.IS', 'CGCAM.IS', 'IHEVA.IS', 'AVOD.IS', 'KRPLS.IS', 'CEOEM.IS', 'GLYHO.IS', 'KRDMD.IS', 'PGSUS.IS', 'YKSLN.IS', 'HUBVC.IS', 'AVGYO.IS', 'RUBNS.IS', 'HEDEF.IS', 'YYLGD.IS', 'BALAT.IS', 'DERHL.IS', 'GOZDE.IS', 'ASTOR.IS', 'OTKAR.IS', 'HTTBT.IS', 'SNPAM.IS', 'TKNSA.IS', 'BJKAS.IS', 'MEKAG.IS', 'KENT.IS', 'BRKSN.IS', 'CRDFA.IS', 'KMPUR.IS', 'HUNER.IS', 'DAPGM.IS', 'OZSUB.IS', 'IHYAY.IS', 'TTRAK.IS', 'PRKAB.IS', 'BRMEN.IS', 'GUBRF.IS', 'HDFGS.IS', 'ISMEN.IS', 'KONYA.IS', 'EUPWR.IS', 'VRGYO.IS', 'INVEO.IS', 'TERA.IS', 'BOSSA.IS', 'ODAS.IS', 'SISE.IS', 'ENSRI.IS', 'EBEBK.IS', 'KNFRT.IS', 'ENJSA.IS', 'AYCES.IS', 'KATMR.IS', 'VANGD.IS', 'SARKY.IS', 'DOCO.IS', 'OZGYO.IS', 'KLGYO.IS', 'TUREX.IS', 'YGYO.IS', 'ATAGY.IS', 'TMSN.IS', 'VKGYO.IS', 'ISDMR.IS', 'BASGZ.IS', 'ISFIN.IS', 'ARSAN.IS', 'AKSUE.IS', 'AKSA.IS', 'PEKGY.IS', 'ANELE.IS', 'YAPRK.IS', 'TUPRS.IS', 'YEOTK.IS', 'CUSAN.IS', 'BMSTL.IS', 'BURVA.IS', 'REEDR.IS', 'ADEL.IS', 'TLMAN.IS', 'JANTS.IS', 'KCAER.IS', 'AVHOL.IS', 'FENER.IS', 'PAPIL.IS', 'TGSAS.IS', 'MGROS.IS', 'KLMSN.IS', 'ANHYT.IS', 'CELHA.IS', 'HATEK.IS', 'SANEL.IS', 'BARMA.IS', 'GLBMD.IS', 'ISCTR.IS', 'HLGYO.IS', 'KORDS.IS', 'BIZIM.IS', 'KRGYO.IS', 'LOGO.IS', 'MNDRS.IS', 'MPARK.IS', 'ORGE.IS', 'KRTEK.IS', 'CANTE.IS', 'SAHOL.IS', 'BRYAT.IS', 'TDGYO.IS', 'PENTA.IS', 'PKENT.IS', 'MERIT.IS', 'KLSYN.IS', 'SEGYO.IS', 'GENTS.IS', 'SILVR.IS', 'SELEC.IS', 'ISGYO.IS', 'DAGI.IS', 'VAKKO.IS', 'RAYSG.IS', 'BAGFS.IS', 'SRVGY.IS', 'KUTPO.IS', 'MARTI.IS', 'KARTN.IS', 'PNLSN.IS', 'VKFYO.IS', 'SEKFK.IS', 'PRZMA.IS', 'RYSAS.IS', 'DOHOL.IS', 'HALKB.IS', 'LINK.IS', 'OBASE.IS', 'KONTR.IS', 'PASEU.IS', 'ELITE.IS', 'TUCLK.IS', 'SUWEN.IS', 'GESAN.IS', 'BNTAS.IS', 'BOBET.IS', 'ENTRA.IS', 'EDIP.IS', 'PETUN.IS', 'PRKME.IS', 'MEGMT.IS', 'NUGYO.IS', 'IEYHO.IS', 'AEFES.IS', 'PENGD.IS', 'AKBNK.IS', 'METRO.IS', 'GSRAY.IS', 'TCELL.IS', 'EGPRO.IS', 'BINHO.IS', 'PARSN.IS', 'PLTUR.IS', 'BAYRK.IS', 'NETAS.IS', 'BERA.IS', 'SURGY.IS', 'ULUFA.IS', 'GLCVY.IS', 'ERSU.IS', 'KLNMA.IS', 'INTEM.IS', 'AKFGY.IS', 'QUAGR.IS', 'SNGYO.IS', 'THYAO.IS', 'BANVT.IS', 'PCILT.IS', 'UMPAS.IS', 'ARZUM.IS', 'BRISA.IS', 'ISBIR.IS', 'LILAK.IS', 'GARAN.IS', 'KOTON.IS', 'ULUUN.IS', 'RTALB.IS', 'DEVA.IS', 'DOGUB.IS', 'TSGYO.IS', 'KLSER.IS', 'TTKOM.IS', 'IHGZT.IS', 'NTGAZ.IS', 'ESCOM.IS', 'SKTAS.IS', 'KFEIN.IS', 'BIENY.IS', 'TRCAS.IS', 'YONGA.IS', 'GOKNR.IS', 'INGRM.IS', 'ULAS.IS', 'RALYH.IS', 'NUHCM.IS', 'BSOKE.IS', 'TKFEN.IS', 'KZBGY.IS', 'TABGD.IS', 'ALGYO.IS', 'TSPOR.IS', 'KBORU.IS', 'DESPC.IS', 'ISATR.IS', 'CEMTS.IS', 'IHLAS.IS', 'ULKER.IS', 'ALTNY.IS', 'FORMT.IS', 'KRSTL.IS', 'ALCAR.IS', 'KARSN.IS', 'ARCLK.IS', 'BASCM.IS', 'MAVI.IS', 'ALKIM.IS', 'RODRG.IS', 'MOBTL.IS', 'MIATK.IS', 'VESTL.IS', 'SASA.IS', 'MEDTR.IS', 'KTSKR.IS', 'BRLSM.IS', 'DMRGD.IS', 'CRFSA.IS', 'EUREN.IS', 'EUYO.IS', 'BFREN.IS', 'MOGAN.IS', 'LUKSK.IS', 'ORMA.IS', 'OTTO.IS', 'OFSYM.IS', 'NIBAS.IS', 'GOODY.IS', 'SUNTK.IS', 'AKENR.IS', 'EKSUN.IS', 'ZEDUR.IS', 'SANKO.IS', 'MEGAP.IS', 'SAYAS.IS', 'EMKEL.IS', 'BIGCH.IS', 'HATSN.IS', 'GEDIK.IS', 'MAALT.IS', 'AVTUR.IS', 'SUMAS.IS', 'KCHOL.IS', 'CIMSA.IS', 'INDES.IS', 'OBAMS.IS', 'HKTM.IS', 'AGYO.IS', 'IDGYO.IS', 'KGYO.IS', 'TUKAS.IS', 'MAKIM.IS', 'AKSEN.IS', 'TATEN.IS', 'ICBCT.IS', 'AGHOL.IS', 'BLCYT.IS', 'GLRYH.IS', 'OSMEN.IS', 'ALFAS.IS', 'EMNIS.IS', 'FORTE.IS', 'ANSGR.IS', 'MTRYO.IS', 'SMART.IS', 'NTHOL.IS', 'EKGYO.IS', 'MNDTR.IS', 'YESIL.IS', 'KAREL.IS', 'KERVN.IS', 'ESEN.IS', 'RGYAS.IS', 'HEKTS.IS', 'BURCE.IS', 'TRGYO.IS', 'GLRMK.IS', 'SAFKR.IS', 'BAKAB.IS', 'TEZOL.IS', 'BUCIM.IS', 'MZHLD.IS', 'GRSEL.IS', 'MTRKS.IS', 'GEDZA.IS', 'OZKGY.IS', 'BEYAZ.IS', 'SDTTR.IS', 'KONKA.IS', 'VERTU.IS', 'DOAS.IS', 'TRILC.IS', 'DITAS.IS', 'DYOBY.IS', 'ARENA.IS', 'FRIGO.IS', 'ZRGYO.IS', 'YATAS.IS', 'OYLUM.IS', 'CCOLA.IS', 'PAGYO.IS', 'FZLGY.IS', 'GZNMI.IS', 'OZRDN.IS', 'PAMEL.IS', 'ECILC.IS', 'IMASM.IS', 'VAKFN.IS', 'DARDL.IS', 'KRONT.IS', 'ULUSE.IS', 'MERKO.IS', 'IZFAS.IS', 'ROYAL.IS', 'ENKAI.IS', 'KZGYO.IS', 'ONCSM.IS', 'KAYSE.IS', 'ESCAR.IS', 'SMRTG.IS', 'TMPOL.IS', 'COSMO.IS', 'EPLAS.IS', 'PRDGS.IS', 'YUNSA.IS', 'TATGD.IS', 'PINSU.IS', 'KLRHO.IS', 'ATATP.IS', 'CVKMD.IS', 'TOASO.IS', 'FONET.IS', 'SELVA.IS', 'DZGYO.IS', 'EGEEN.IS', 'EGSER.IS', 'FROTO.IS', 'SNKRN.IS', 'MACKO.IS', 'EKOS.IS', 'ALCTL.IS', 'PETKM.IS', 'SODSN.IS', 'ODINE.IS', 'OYAKC.IS', 'USAK.IS', 'CEMAS.IS', 'VESBE.IS', 'MANAS.IS']: Exception('%ticker%: No price data found, symbol may be delisted (period=2d)')
2026-06-21 20:07:03 [INFO] zkr_analiz.yahoo: Single-call got 0/499 prices
2026-06-21 20:07:03 [INFO] zkr_analiz.yahoo: Batch cache updated for bist: 0/499 symbols have prices (0.0%)
2026-06-21 20:07:03 [INFO] zkr_analiz.yahoo: Preload bist complete in 9.0s
2026-06-21 20:07:03 [INFO] zkr_analiz.yahoo: Preloading 552 stocks symbols...
2026-06-21 20:07:03 [INFO] zkr_analiz.yahoo: Batch chunk 1/12 (50 symbols)...
2026-06-21 20:07:03 [ERROR] yfinance: Failed to get ticker 'AIG' reason: Expecting value: line 1 column 1 (char 0)
2026-06-21 20:07:03 [ERROR] yfinance: Failed to get ticker 'AWK' reason: Expecting value: line 1 column 1 (char 0)
2026-06-21 20:07:03 [ERROR] yfinance: Failed to get ticker 'ALB' reason: Expecting value: line 1 column 1 (char 0)
2026-06-21 20:07:03 [ERROR] yfinance: Failed to get ticker 'ABBV' reason: Expecting value: line 1 column 1 (char 0)
2026-06-21 20:07:03 [ERROR] yfinance: Failed to get ticker 'ALK' reason: Expecting value: line 1 column 1 (char 0)
2026-06-21 20:07:03 [ERROR] yfinance: Failed to get ticker 'AMAT' reason: Expecting value: line 1 column 1 (char 0)
2026-06-21 20:07:03 [ERROR] yfinance: Failed to get ticker 'ATO' reason: Expecting value: line 1 column 1 (char 0)
2026-06-21 20:07:03 [ERROR] yfinance: Failed to get ticker 'AXP' reason: Expecting value: line 1 column 1 (char 0)
2026-06-21 20:07:03 [ERROR] yfinance: Failed to get ticker 'APO' reason: Expecting value: line 1 column 1 (char 0)
2026-06-21 20:07:03 [ERROR] yfinance: Failed to get ticker 'AIZ' reason: Expecting value: line 1 column 1 (char 0)
2026-06-21 20:07:03 [ERROR] yfinance: Failed to get ticker 'AZO' reason: Expecting value: line 1 column 1 (char 0)
2026-06-21 20:07:03 [ERROR] yfinance: Failed to get ticker 'AAPL' reason: Expecting value: line 1 column 1 (char 0)
2026-06-21 20:07:03 [ERROR] yfinance: Failed to get ticker 'ARE' reason: Expecting value: line 1 column 1 (char 0)
2026-06-21 20:07:03 [ERROR] yfinance: Failed to get ticker 'ADSK' reason: Expecting value: line 1 column 1 (char 0)
2026-06-21 20:07:03 [ERROR] yfinance: Failed to get ticker 'AFL' reason: Expecting value: line 1 column 1 (char 0)
2026-06-21 20:07:03 [ERROR] yfinance: Failed to get ticker 'ACGL' reason: Expecting value: line 1 column 1 (char 0)
2026-06-21 20:07:03 [ERROR] yfinance: Failed to get ticker 'AEE' reason: Expecting value: line 1 column 1 (char 0)
2026-06-21 20:07:03 [ERROR] yfinance: Failed to get ticker 'AKAM' reason: Expecting value: line 1 column 1 (char 0)
2026-06-21 20:07:03 [ERROR] yfinance: Failed to get ticker 'AMD' reason: Expecting value: line 1 column 1 (char 0)
2026-06-21 20:07:03 [ERROR] yfinance: Failed to get ticker 'AVY' reason: Expecting value: line 1 column 1 (char 0)
2026-06-21 20:07:03 [ERROR] yfinance: Failed to get ticker 'ALLE' reason: Expecting value: line 1 column 1 (char 0)
2026-06-21 20:07:03 [ERROR] yfinance: Failed to get ticker 'AME' reason: Expecting value: line 1 column 1 (char 0)
2026-06-21 20:07:03 [ERROR] yfinance: Failed to get ticker 'AJG' reason: Expecting value: line 1 column 1 (char 0)
2026-06-21 20:07:03 [ERROR] yfinance: Failed to get ticker 'ADP' reason: Expecting value: line 1 column 1 (char 0)
2026-06-21 20:07:03 [ERROR] yfinance: Failed to get ticker 'ADI' reason: Expecting value: line 1 column 1 (char 0)
2026-06-21 20:07:03 [ERROR] yfinance: Failed to get ticker 'AOS' reason: Expecting value: line 1 column 1 (char 0)
2026-06-21 20:07:03 [ERROR] yfinance: Failed to get ticker 'AON' reason: Expecting value: line 1 column 1 (char 0)
2026-06-21 20:07:03 [ERROR] yfinance: Failed to get ticker 'APD' reason: Expecting value: line 1 column 1 (char 0)
2026-06-21 20:07:03 [ERROR] yfinance: Failed to get ticker 'AMZN' reason: Expecting value: line 1 column 1 (char 0)
2026-06-21 20:07:03 [ERROR] yfinance: Failed to get ticker 'ANET' reason: Expecting value: line 1 column 1 (char 0)
2026-06-21 20:07:03 [ERROR] yfinance: Failed to get ticker 'AMP' reason: Expecting value: line 1 column 1 (char 0)
2026-06-21 20:07:03 [ERROR] yfinance: Failed to get ticker 'A' reason: Expecting value: line 1 column 1 (char 0)
2026-06-21 20:07:03 [ERROR] yfinance: Failed to get ticker 'AVGO' reason: Expecting value: line 1 column 1 (char 0)
2026-06-21 20:07:03 [ERROR] yfinance: Failed to get ticker 'ABNB' reason: Expecting value: line 1 column 1 (char 0)
2026-06-21 20:07:03 [ERROR] yfinance: Failed to get ticker 'AES' reason: Expecting value: line 1 column 1 (char 0)
2026-06-21 20:07:03 [ERROR] yfinance: Failed to get ticker 'AVB' reason: Expecting value: line 1 column 1 (char 0)
2026-06-21 20:07:03 [ERROR] yfinance: Failed to get ticker 'ALL' reason: Expecting value: line 1 column 1 (char 0)
2026-06-21 20:07:03 [ERROR] yfinance: Failed to get ticker 'APTV' reason: Expecting value: line 1 column 1 (char 0)
2026-06-21 20:07:03 [ERROR] yfinance: Failed to get ticker 'AMGN' reason: Expecting value: line 1 column 1 (char 0)
2026-06-21 20:07:03 [ERROR] yfinance: Failed to get ticker 'AMCR' reason: Expecting value: line 1 column 1 (char 0)
2026-06-21 20:07:03 [ERROR] yfinance: Failed to get ticker 'ABT' reason: Expecting value: line 1 column 1 (char 0)
2026-06-21 20:07:03 [ERROR] yfinance: Failed to get ticker 'ALGN' reason: Expecting value: line 1 column 1 (char 0)
2026-06-21 20:07:03 [ERROR] yfinance: Failed to get ticker 'ADBE' reason: Expecting value: line 1 column 1 (char 0)
2026-06-21 20:07:03 [ERROR] yfinance: Failed to get ticker 'AEP' reason: Expecting value: line 1 column 1 (char 0)
2026-06-21 20:07:03 [ERROR] yfinance: Failed to get ticker 'APH' reason: Expecting value: line 1 column 1 (char 0)
2026-06-21 20:07:03 [ERROR] yfinance: Failed to get ticker 'ADM' reason: Expecting value: line 1 column 1 (char 0)
2026-06-21 20:07:04 [ERROR] yfinance: 
50 Failed downloads:
2026-06-21 20:07:04 [ERROR] yfinance: ['AAL', 'ACN']: InterfaceError('bad parameter or other API misuse')
2026-06-21 20:07:04 [ERROR] yfinance: ['AMT', 'APA']: IndexError('tuple index out of range')
2026-06-21 20:07:04 [ERROR] yfinance: ['AIG', 'ALB', 'AWK', 'ABBV', 'AMAT', 'ATO', 'AFL', 'AZO', 'AIZ', 'APO', 'ADSK', 'AAPL', 'ARE', 'AXP', 'ALK', 'ACGL', 'AKAM', 'AEE', 'AMD', 'AME', 'ADP', 'AVY', 'ADI', 'AJG', 'ALLE', 'APD', 'AOS', 'AON', 'ANET', 'AMZN', 'AMP', 'A', 'ABNB', 'AES', 'AVGO', 'AMGN', 'AVB', 'ALL', 'APTV', 'AMCR', 'ABT', 'AEP', 'ADBE', 'ADM', 'ALGN', 'APH']: Exception('%ticker%: No price data found, symbol may be delisted (period=2d)')
2026-06-21 20:07:04 [INFO] zkr_analiz.yahoo: Chunk 1/12: got 0 prices so far
2026-06-21 20:07:04 [INFO] zkr_analiz.yahoo: Batch chunk 2/12 (50 symbols)...
2026-06-21 20:07:04 [ERROR] yfinance: Failed to get ticker 'CAT' reason: Expecting value: line 1 column 1 (char 0)
2026-06-21 20:07:04 [ERROR] yfinance: Failed to get ticker 'BR' reason: Expecting value: line 1 column 1 (char 0)
2026-06-21 20:07:04 [ERROR] yfinance: Failed to get ticker 'CHD' reason: Expecting value: line 1 column 1 (char 0)
2026-06-21 20:07:04 [ERROR] yfinance: Failed to get ticker 'CDW' reason: Expecting value: line 1 column 1 (char 0)
2026-06-21 20:07:04 [ERROR] yfinance: Failed to get ticker 'CHTR' reason: Expecting value: line 1 column 1 (char 0)
2026-06-21 20:07:04 [ERROR] yfinance: Failed to get ticker 'CMG' reason: Expecting value: line 1 column 1 (char 0)
2026-06-21 20:07:04 [ERROR] yfinance: Failed to get ticker 'BDX' reason: Expecting value: line 1 column 1 (char 0)
2026-06-21 20:07:04 [ERROR] yfinance: Failed to get ticker 'BF-B' reason: Expecting value: line 1 column 1 (char 0)
2026-06-21 20:07:04 [ERROR] yfinance: Failed to get ticker 'CL' reason: Expecting value: line 1 column 1 (char 0)
2026-06-21 20:07:04 [ERROR] yfinance: Failed to get ticker 'BKNG' reason: Expecting value: line 1 column 1 (char 0)
2026-06-21 20:07:04 [ERROR] yfinance: Failed to get ticker 'CARR' reason: Expecting value: line 1 column 1 (char 0)
2026-06-21 20:07:04 [ERROR] yfinance: Failed to get ticker 'CE' reason: Expecting value: line 1 column 1 (char 0)
2026-06-21 20:07:04 [ERROR] yfinance: Failed to get ticker 'BIO' reason: Expecting value: line 1 column 1 (char 0)
2026-06-21 20:07:04 [ERROR] yfinance: Failed to get ticker 'BMY' reason: Expecting value: line 1 column 1 (char 0)
2026-06-21 20:07:04 [ERROR] yfinance: Failed to get ticker 'BG' reason: Expecting value: line 1 column 1 (char 0)
2026-06-21 20:07:04 [ERROR] yfinance: Failed to get ticker 'CMCSA' reason: Expecting value: line 1 column 1 (char 0)
2026-06-21 20:07:04 [ERROR] yfinance: Failed to get ticker 'CHRW' reason: Expecting value: line 1 column 1 (char 0)
2026-06-21 20:07:04 [ERROR] yfinance: Failed to get ticker 'BIIB' reason: Expecting value: line 1 column 1 (char 0)
2026-06-21 20:07:04 [ERROR] yfinance: Failed to get ticker 'BSX' reason: Expecting value: line 1 column 1 (char 0)
2026-06-21 20:07:04 [ERROR] yfinance: Failed to get ticker 'CCI' reason: Expecting value: line 1 column 1 (char 0)
2026-06-21 20:07:04 [ERROR] yfinance: Failed to get ticker 'CMI' reason: Expecting value: line 1 column 1 (char 0)
2026-06-21 20:07:04 [ERROR] yfinance: Failed to get ticker 'BX' reason: Expecting value: line 1 column 1 (char 0)
2026-06-21 20:07:04 [ERROR] yfinance: Failed to get ticker 'BAX' reason: Expecting value: line 1 column 1 (char 0)
2026-06-21 20:07:04 [ERROR] yfinance: Failed to get ticker 'C' reason: Expecting value: line 1 column 1 (char 0)
2026-06-21 20:07:04 [ERROR] yfinance: Failed to get ticker 'BLK' reason: Expecting value: line 1 column 1 (char 0)
2026-06-21 20:07:04 [ERROR] yfinance: Failed to get ticker 'BWA' reason: Expecting value: line 1 column 1 (char 0)
2026-06-21 20:07:04 [ERROR] yfinance: Failed to get ticker 'CDNS' reason: Expecting value: line 1 column 1 (char 0)
2026-06-21 20:07:04 [ERROR] yfinance: Failed to get ticker 'BAC' reason: Expecting value: line 1 column 1 (char 0)
2026-06-21 20:07:04 [ERROR] yfinance: Failed to get ticker 'BA' reason: Expecting value: line 1 column 1 (char 0)
2026-06-21 20:07:04 [ERROR] yfinance: Failed to get ticker 'CLX' reason: Expecting value: line 1 column 1 (char 0)
2026-06-21 20:07:04 [ERROR] yfinance: Failed to get ticker 'CFG' reason: Expecting value: line 1 column 1 (char 0)
2026-06-21 20:07:04 [ERROR] yfinance: Failed to get ticker 'CBOE' reason: Expecting value: line 1 column 1 (char 0)
2026-06-21 20:07:05 [ERROR] yfinance: Failed to get ticker 'BKR' reason: Expecting value: line 1 column 1 (char 0)
2026-06-21 20:07:05 [ERROR] yfinance: Failed to get ticker 'CB' reason: Expecting value: line 1 column 1 (char 0)
2026-06-21 20:07:05 [ERROR] yfinance: Failed to get ticker 'BBY' reason: Expecting value: line 1 column 1 (char 0)
2026-06-21 20:07:05 [ERROR] yfinance: Failed to get ticker 'CAG' reason: Expecting value: line 1 column 1 (char 0)
2026-06-21 20:07:05 [ERROR] yfinance: Failed to get ticker 'BRO' reason: Expecting value: line 1 column 1 (char 0)
2026-06-21 20:07:05 [ERROR] yfinance: Failed to get ticker 'CCL' reason: Expecting value: line 1 column 1 (char 0)
2026-06-21 20:07:05 [ERROR] yfinance: Failed to get ticker 'BBWI' reason: Expecting value: line 1 column 1 (char 0)
2026-06-21 20:07:05 [DEBUG] zkr_analiz.jobs: rest_price_poller updated 671 USDT symbols; buffer_size=671
2026-06-21 20:07:05 [ERROR] yfinance: Failed to get ticker 'BXP' reason: Expecting value: line 1 column 1 (char 0)
2026-06-21 20:07:05 [ERROR] yfinance: Failed to get ticker 'CINF' reason: Expecting value: line 1 column 1 (char 0)
2026-06-21 20:07:05 [ERROR] yfinance: Failed to get ticker 'CF' reason: Expecting value: line 1 column 1 (char 0)
2026-06-21 20:07:05 [ERROR] yfinance: Failed to get ticker 'CBRE' reason: Expecting value: line 1 column 1 (char 0)
2026-06-21 20:07:05 [ERROR] yfinance: Failed to get ticker 'CEG' reason: Expecting value: line 1 column 1 (char 0)
2026-06-21 20:07:05 [ERROR] yfinance: Failed to get ticker 'BRK-B' reason: Expecting value: line 1 column 1 (char 0)
2026-06-21 20:07:05 [DEBUG] zkr_analiz.jobs: broadcast_worker emitting batch size=671
emitting event "price_update_batch" to all [/]
2026-06-21 20:07:05 [INFO] socketio.server: emitting event "price_update_batch" to all [/]
2026-06-21 20:07:05 [ERROR] yfinance: Failed to get ticker 'CI' reason: Expecting value: line 1 column 1 (char 0)
2026-06-21 20:07:05 [ERROR] yfinance: Failed to get ticker 'BK' reason: Expecting value: line 1 column 1 (char 0)
2026-06-21 20:07:05 [ERROR] yfinance: Failed to get ticker 'BEN' reason: Expecting value: line 1 column 1 (char 0)
2026-06-21 20:07:05 [ERROR] yfinance: Failed to get ticker 'CME' reason: Expecting value: line 1 column 1 (char 0)
2026-06-21 20:07:05 [ERROR] yfinance: Failed to get ticker 'CAH' reason: Expecting value: line 1 column 1 (char 0)
2026-06-21 20:07:05 [ERROR] yfinance: 
50 Failed downloads:
2026-06-21 20:07:05 [ERROR] yfinance: ['CAT', 'CMG', 'CHD', 'CE', 'BDX', 'CMCSA', 'BG', 'CL', 'CHTR', 'CARR', 'BKNG', 'CDW', 'BIO', 'BMY', 'BR', 'BF-B', 'BSX', 'BIIB', 'CHRW', 'BX', 'C', 'CMI', 'BAX', 'BWA', 'CCI', 'BLK', 'BAC', 'BA', 'CDNS', 'CLX', 'CFG', 'CBOE', 'CB', 'BBY', 'BKR', 'BBWI', 'CAG', 'BRO', 'CCL', 'CINF', 'CEG', 'CBRE', 'BXP', 'BRK-B', 'CF', 'CI', 'BK', 'BEN', 'CME', 'CAH']: Exception('%ticker%: No price data found, symbol may be delisted (period=2d)')
2026-06-21 20:07:05 [INFO] zkr_analiz.yahoo: Chunk 2/12: got 0 prices so far
2026-06-21 20:07:05 [INFO] zkr_analiz.yahoo: Batch chunk 3/12 (50 symbols)...
2026-06-21 20:07:05 [ERROR] yfinance: Failed to get ticker 'CRM' reason: Expecting value: line 1 column 1 (char 0)
2026-06-21 20:07:05 [ERROR] yfinance: Failed to get ticker 'CSX' reason: Expecting value: line 1 column 1 (char 0)
2026-06-21 20:07:05 [ERROR] yfinance: Failed to get ticker 'DOV' reason: Expecting value: line 1 column 1 (char 0)
2026-06-21 20:07:05 [ERROR] yfinance: Failed to get ticker 'EFX' reason: Expecting value: line 1 column 1 (char 0)
2026-06-21 20:07:05 [ERROR] yfinance: Failed to get ticker 'CPRT' reason: Expecting value: line 1 column 1 (char 0)
2026-06-21 20:07:05 [ERROR] yfinance: Failed to get ticker 'DLTR' reason: Expecting value: line 1 column 1 (char 0)
2026-06-21 20:07:05 [ERROR] yfinance: Failed to get ticker 'COST' reason: Expecting value: line 1 column 1 (char 0)
2026-06-21 20:07:05 [ERROR] yfinance: Failed to get ticker 'DUK' reason: Expecting value: line 1 column 1 (char 0)
2026-06-21 20:07:05 [ERROR] yfinance: Failed to get ticker 'DIS' reason: Expecting value: line 1 column 1 (char 0)
2026-06-21 20:07:05 [ERROR] yfinance: Failed to get ticker 'CPAY' reason: Expecting value: line 1 column 1 (char 0)
2026-06-21 20:07:05 [ERROR] yfinance: Failed to get ticker 'CTAS' reason: Expecting value: line 1 column 1 (char 0)
2026-06-21 20:07:05 [ERROR] yfinance: Failed to get ticker 'COF' reason: Expecting value: line 1 column 1 (char 0)
2026-06-21 20:07:05 [ERROR] yfinance: Failed to get ticker 'CNP' reason: Expecting value: line 1 column 1 (char 0)
2026-06-21 20:07:05 [ERROR] yfinance: Failed to get ticker 'DECK' reason: Expecting value: line 1 column 1 (char 0)
2026-06-21 20:07:05 [ERROR] yfinance: Failed to get ticker 'CVX' reason: Expecting value: line 1 column 1 (char 0)
2026-06-21 20:07:05 [ERROR] yfinance: Failed to get ticker 'CPT' reason: Expecting value: line 1 column 1 (char 0)
2026-06-21 20:07:06 [ERROR] yfinance: Failed to get ticker 'CVS' reason: Expecting value: line 1 column 1 (char 0)
2026-06-21 20:07:06 [ERROR] yfinance: Failed to get ticker 'DTE' reason: Expecting value: line 1 column 1 (char 0)
2026-06-21 20:07:06 [ERROR] yfinance: Failed to get ticker 'DD' reason: Expecting value: line 1 column 1 (char 0)
2026-06-21 20:07:06 [ERROR] yfinance: Failed to get ticker 'CTRA' reason: Expecting value: line 1 column 1 (char 0)
2026-06-21 20:07:06 [ERROR] yfinance: Failed to get ticker 'CNC' reason: Expecting value: line 1 column 1 (char 0)
2026-06-21 20:07:06 [ERROR] yfinance: Failed to get ticker 'DHI' reason: Expecting value: line 1 column 1 (char 0)
2026-06-21 20:07:06 [ERROR] yfinance: Failed to get ticker 'DE' reason: Expecting value: line 1 column 1 (char 0)
2026-06-21 20:07:06 [ERROR] yfinance: Failed to get ticker 'CTVA' reason: Expecting value: line 1 column 1 (char 0)
2026-06-21 20:07:06 [ERROR] yfinance: Failed to get ticker 'COR' reason: Expecting value: line 1 column 1 (char 0)
2026-06-21 20:07:06 [ERROR] yfinance: Failed to get ticker 'EBAY' reason: Expecting value: line 1 column 1 (char 0)
2026-06-21 20:07:06 [ERROR] yfinance: Failed to get ticker 'DGX' reason: Expecting value: line 1 column 1 (char 0)
2026-06-21 20:07:06 [ERROR] yfinance: Failed to get ticker 'DAL' reason: Expecting value: line 1 column 1 (char 0)
2026-06-21 20:07:06 [ERROR] yfinance: Failed to get ticker 'DG' reason: Expecting value: line 1 column 1 (char 0)
2026-06-21 20:07:06 [ERROR] yfinance: Failed to get ticker 'CPB' reason: Expecting value: line 1 column 1 (char 0)
2026-06-21 20:07:06 [ERROR] yfinance: Failed to get ticker 'COP' reason: Expecting value: line 1 column 1 (char 0)
2026-06-21 20:07:06 [ERROR] yfinance: Failed to get ticker 'DOW' reason: Expecting value: line 1 column 1 (char 0)
2026-06-21 20:07:06 [ERROR] yfinance: Failed to get ticker 'ECL' reason: Expecting value: line 1 column 1 (char 0)
2026-06-21 20:07:06 [ERROR] yfinance: Failed to get ticker 'D' reason: Expecting value: line 1 column 1 (char 0)
2026-06-21 20:07:06 [ERROR] yfinance: Failed to get ticker 'CMS' reason: Expecting value: line 1 column 1 (char 0)
2026-06-21 20:07:06 [ERROR] yfinance: Failed to get ticker 'DPZ' reason: Expecting value: line 1 column 1 (char 0)
2026-06-21 20:07:06 [ERROR] yfinance: Failed to get ticker 'CZR' reason: Expecting value: line 1 column 1 (char 0)
2026-06-21 20:07:06 [ERROR] yfinance: Failed to get ticker 'DRI' reason: Expecting value: line 1 column 1 (char 0)
2026-06-21 20:07:06 [ERROR] yfinance: Failed to get ticker 'ED' reason: Expecting value: line 1 column 1 (char 0)
2026-06-21 20:07:06 [ERROR] yfinance: Failed to get ticker 'EIX' reason: Expecting value: line 1 column 1 (char 0)
2026-06-21 20:07:06 [ERROR] yfinance: Failed to get ticker 'DVN' reason: Expecting value: line 1 column 1 (char 0)
2026-06-21 20:07:06 [ERROR] yfinance: Failed to get ticker 'CRL' reason: Expecting value: line 1 column 1 (char 0)
2026-06-21 20:07:06 [ERROR] yfinance: Failed to get ticker 'CTSH' reason: Expecting value: line 1 column 1 (char 0)
2026-06-21 20:07:06 [ERROR] yfinance: Failed to get ticker 'DHR' reason: Expecting value: line 1 column 1 (char 0)
2026-06-21 20:07:06 [ERROR] yfinance: Failed to get ticker 'DVA' reason: Expecting value: line 1 column 1 (char 0)
2026-06-21 20:07:06 [ERROR] yfinance: Failed to get ticker 'CSCO' reason: Expecting value: line 1 column 1 (char 0)
2026-06-21 20:07:06 [ERROR] yfinance: Failed to get ticker 'DXCM' reason: Expecting value: line 1 column 1 (char 0)
2026-06-21 20:07:06 [ERROR] yfinance: Failed to get ticker 'CSGP' reason: Expecting value: line 1 column 1 (char 0)
2026-06-21 20:07:06 [ERROR] yfinance: Failed to get ticker 'EA' reason: Expecting value: line 1 column 1 (char 0)
2026-06-21 20:07:07 [ERROR] yfinance: Failed to get ticker 'COO' reason: Expecting value: line 1 column 1 (char 0)
2026-06-21 20:07:07 [ERROR] yfinance: 
50 Failed downloads:
2026-06-21 20:07:07 [ERROR] yfinance: ['CRM', 'CSX', 'COST', 'DUK', 'DIS', 'CPRT', 'DLTR', 'CPAY', 'DOV', 'CTAS', 'EFX', 'CVX', 'DECK', 'CPT', 'CNP', 'COF', 'DD', 'CTRA', 'CNC', 'DTE', 'CVS', 'DHI', 'DGX', 'EBAY', 'CTVA', 'DE', 'DG', 'COR', 'DAL', 'CPB', 'COP', 'DOW', 'DPZ', 'ECL', 'CMS', 'D', 'CTSH', 'ED', 'DRI', 'CRL', 'DHR', 'DVN', 'DVA', 'CSCO', 'CZR', 'DXCM', 'CSGP', 'EA', 'COO', 'EIX']: Exception('%ticker%: No price data found, symbol may be delisted (period=2d)')
2026-06-21 20:07:07 [INFO] zkr_analiz.yahoo: Chunk 3/12: got 0 prices so far
2026-06-21 20:07:07 [INFO] zkr_analiz.yahoo: Batch chunk 4/12 (50 symbols)...
2026-06-21 20:07:07 [ERROR] yfinance: Failed to get ticker 'F' reason: Expecting value: line 1 column 1 (char 0)
2026-06-21 20:07:07 [ERROR] yfinance: Failed to get ticker 'ETSY' reason: Expecting value: line 1 column 1 (char 0)
2026-06-21 20:07:07 [ERROR] yfinance: Failed to get ticker 'GEV' reason: Expecting value: line 1 column 1 (char 0)
2026-06-21 20:07:07 [ERROR] yfinance: Failed to get ticker 'EMN' reason: Expecting value: line 1 column 1 (char 0)
2026-06-21 20:07:07 [ERROR] yfinance: Failed to get ticker 'ESS' reason: Expecting value: line 1 column 1 (char 0)
2026-06-21 20:07:07 [ERROR] yfinance: Failed to get ticker 'FE' reason: Expecting value: line 1 column 1 (char 0)
2026-06-21 20:07:07 [ERROR] yfinance: Failed to get ticker 'GM' reason: Expecting value: line 1 column 1 (char 0)
2026-06-21 20:07:07 [ERROR] yfinance: Failed to get ticker 'FSLR' reason: Expecting value: line 1 column 1 (char 0)
2026-06-21 20:07:07 [ERROR] yfinance: Failed to get ticker 'EVRG' reason: Expecting value: line 1 column 1 (char 0)
2026-06-21 20:07:07 [ERROR] yfinance: Failed to get ticker 'FTV' reason: Expecting value: line 1 column 1 (char 0)
2026-06-21 20:07:07 [ERROR] yfinance: Failed to get ticker 'EXR' reason: Expecting value: line 1 column 1 (char 0)
2026-06-21 20:07:07 [ERROR] yfinance: Failed to get ticker 'ETN' reason: Expecting value: line 1 column 1 (char 0)
2026-06-21 20:07:07 [ERROR] yfinance: Failed to get ticker 'FTNT' reason: Expecting value: line 1 column 1 (char 0)
2026-06-21 20:07:07 [ERROR] yfinance: Failed to get ticker 'EXC' reason: Expecting value: line 1 column 1 (char 0)
2026-06-21 20:07:07 [ERROR] yfinance: Failed to get ticker 'GL' reason: Expecting value: line 1 column 1 (char 0)
2026-06-21 20:07:07 [ERROR] yfinance: Failed to get ticker 'FANG' reason: Expecting value: line 1 column 1 (char 0)
2026-06-21 20:07:07 [ERROR] yfinance: Failed to get ticker 'ENPH' reason: Expecting value: line 1 column 1 (char 0)
2026-06-21 20:07:07 [ERROR] yfinance: Failed to get ticker 'EQT' reason: Expecting value: line 1 column 1 (char 0)
2026-06-21 20:07:07 [ERROR] yfinance: Failed to get ticker 'GE' reason: Expecting value: line 1 column 1 (char 0)
2026-06-21 20:07:07 [ERROR] yfinance: Failed to get ticker 'EPAM' reason: Expecting value: line 1 column 1 (char 0)
2026-06-21 20:07:07 [ERROR] yfinance: Failed to get ticker 'GEN' reason: Expecting value: line 1 column 1 (char 0)
2026-06-21 20:07:07 [ERROR] yfinance: Failed to get ticker 'GLW' reason: Expecting value: line 1 column 1 (char 0)
2026-06-21 20:07:07 [ERROR] yfinance: Failed to get ticker 'GILD' reason: Expecting value: line 1 column 1 (char 0)
2026-06-21 20:07:07 [ERROR] yfinance: Failed to get ticker 'FCX' reason: Expecting value: line 1 column 1 (char 0)
2026-06-21 20:07:07 [ERROR] yfinance: Failed to get ticker 'FITB' reason: Expecting value: line 1 column 1 (char 0)
2026-06-21 20:07:07 [ERROR] yfinance: Failed to get ticker 'FCNCA' reason: Expecting value: line 1 column 1 (char 0)
2026-06-21 20:07:07 [ERROR] yfinance: Failed to get ticker 'FIS' reason: Expecting value: line 1 column 1 (char 0)
2026-06-21 20:07:07 [ERROR] yfinance: Failed to get ticker 'EOG' reason: Expecting value: line 1 column 1 (char 0)
2026-06-21 20:07:07 [ERROR] yfinance: Failed to get ticker 'EXPE' reason: Expecting value: line 1 column 1 (char 0)
2026-06-21 20:07:07 [ERROR] yfinance: Failed to get ticker 'FFIV' reason: Expecting value: line 1 column 1 (char 0)
2026-06-21 20:07:07 [ERROR] yfinance: Failed to get ticker 'ETR' reason: Expecting value: line 1 column 1 (char 0)
2026-06-21 20:07:07 [ERROR] yfinance: Failed to get ticker 'FOXA' reason: Expecting value: line 1 column 1 (char 0)
2026-06-21 20:07:08 [ERROR] yfinance: Failed to get ticker 'FDS' reason: Expecting value: line 1 column 1 (char 0)
2026-06-21 20:07:08 [ERROR] yfinance: Failed to get ticker 'FISV' reason: Expecting value: line 1 column 1 (char 0)
2026-06-21 20:07:08 [ERROR] yfinance: Failed to get ticker 'GIS' reason: Expecting value: line 1 column 1 (char 0)
2026-06-21 20:07:08 [ERROR] yfinance: Failed to get ticker 'FAST' reason: Expecting value: line 1 column 1 (char 0)
2026-06-21 20:07:08 [ERROR] yfinance: Failed to get ticker 'EQIX' reason: Expecting value: line 1 column 1 (char 0)
2026-06-21 20:07:08 [ERROR] yfinance: Failed to get ticker 'EL' reason: Expecting value: line 1 column 1 (char 0)
2026-06-21 20:07:08 [ERROR] yfinance: Failed to get ticker 'GD' reason: Expecting value: line 1 column 1 (char 0)
2026-06-21 20:07:08 [ERROR] yfinance: Failed to get ticker 'EXPD' reason: Expecting value: line 1 column 1 (char 0)
2026-06-21 20:07:08 [ERROR] yfinance: Failed to get ticker 'FOX' reason: Expecting value: line 1 column 1 (char 0)
2026-06-21 20:07:08 [ERROR] yfinance: Failed to get ticker 'FDX' reason: Expecting value: line 1 column 1 (char 0)
2026-06-21 20:07:08 [ERROR] yfinance: Failed to get ticker 'EW' reason: Expecting value: line 1 column 1 (char 0)
2026-06-21 20:07:08 [ERROR] yfinance: Failed to get ticker 'FRT' reason: Expecting value: line 1 column 1 (char 0)
2026-06-21 20:07:08 [ERROR] yfinance: Failed to get ticker 'GDDY' reason: Expecting value: line 1 column 1 (char 0)
2026-06-21 20:07:08 [ERROR] yfinance: Failed to get ticker 'EQR' reason: Expecting value: line 1 column 1 (char 0)
2026-06-21 20:07:08 [ERROR] yfinance: Failed to get ticker 'FMC' reason: Expecting value: line 1 column 1 (char 0)
2026-06-21 20:07:08 [ERROR] yfinance: Failed to get ticker 'EMR' reason: Expecting value: line 1 column 1 (char 0)
2026-06-21 20:07:08 [ERROR] yfinance: Failed to get ticker 'GEHC' reason: Expecting value: line 1 column 1 (char 0)
2026-06-21 20:07:08 [ERROR] yfinance: 
50 Failed downloads:
2026-06-21 20:07:08 [ERROR] yfinance: ['FICO']: IndexError('tuple index out of range')
2026-06-21 20:07:08 [ERROR] yfinance: ['ETSY', 'ESS', 'EXR', 'F', 'EVRG', 'GEV', 'GM', 'EMN', 'FTV', 'GL', 'FE', 'FSLR', 'EXC', 'FTNT', 'ETN', 'FANG', 'ENPH', 'GEN', 'FITB', 'GLW', 'FIS', 'GILD', 'GE', 'EPAM', 'EQT', 'FCNCA', 'FCX', 'FFIV', 'ETR', 'EOG', 'EXPE', 'FOXA', 'FDS', 'GIS', 'FISV', 'EQIX', 'GD', 'FOX', 'EXPD', 'EL', 'FDX', 'EQR', 'GDDY', 'FAST', 'FRT', 'FMC', 'EW', 'EMR', 'GEHC']: Exception('%ticker%: No price data found, symbol may be delisted (period=2d)')
2026-06-21 20:07:08 [INFO] zkr_analiz.yahoo: Chunk 4/12: got 0 prices so far
2026-06-21 20:07:08 [INFO] zkr_analiz.yahoo: Batch chunk 5/12 (50 symbols)...
2026-06-21 20:07:08 [ERROR] yfinance: Failed to get ticker 'J' reason: Expecting value: line 1 column 1 (char 0)
2026-06-21 20:07:08 [ERROR] yfinance: Failed to get ticker 'INTU' reason: Expecting value: line 1 column 1 (char 0)
2026-06-21 20:07:08 [ERROR] yfinance: Failed to get ticker 'HSY' reason: Expecting value: line 1 column 1 (char 0)
2026-06-21 20:07:08 [ERROR] yfinance: Failed to get ticker 'HRL' reason: Expecting value: line 1 column 1 (char 0)
2026-06-21 20:07:08 [ERROR] yfinance: Failed to get ticker 'ILMN' reason: Expecting value: line 1 column 1 (char 0)
2026-06-21 20:07:08 [ERROR] yfinance: Failed to get ticker 'GPN' reason: Expecting value: line 1 column 1 (char 0)
2026-06-21 20:07:08 [ERROR] yfinance: Failed to get ticker 'HIG' reason: Expecting value: line 1 column 1 (char 0)
2026-06-21 20:07:08 [ERROR] yfinance: Failed to get ticker 'HSIC' reason: Expecting value: line 1 column 1 (char 0)
2026-06-21 20:07:08 [ERROR] yfinance: Failed to get ticker 'IFF' reason: Expecting value: line 1 column 1 (char 0)
2026-06-21 20:07:08 [ERROR] yfinance: Failed to get ticker 'IT' reason: Expecting value: line 1 column 1 (char 0)
2026-06-21 20:07:08 [ERROR] yfinance: Failed to get ticker 'ITW' reason: Expecting value: line 1 column 1 (char 0)
2026-06-21 20:07:08 [ERROR] yfinance: Failed to get ticker 'HOLX' reason: Expecting value: line 1 column 1 (char 0)
2026-06-21 20:07:08 [ERROR] yfinance: Failed to get ticker 'JBHT' reason: Expecting value: line 1 column 1 (char 0)
2026-06-21 20:07:08 [ERROR] yfinance: Failed to get ticker 'IQV' reason: Expecting value: line 1 column 1 (char 0)
2026-06-21 20:07:08 [ERROR] yfinance: Failed to get ticker 'HLT' reason: Expecting value: line 1 column 1 (char 0)
2026-06-21 20:07:08 [ERROR] yfinance: Failed to get ticker 'JBL' reason: Expecting value: line 1 column 1 (char 0)
2026-06-21 20:07:09 [ERROR] yfinance: Failed to get ticker 'HBAN' reason: Expecting value: line 1 column 1 (char 0)
2026-06-21 20:07:09 [ERROR] yfinance: Failed to get ticker 'ICE' reason: Expecting value: line 1 column 1 (char 0)
2026-06-21 20:07:09 [ERROR] yfinance: Failed to get ticker 'JKHY' reason: Expecting value: line 1 column 1 (char 0)
2026-06-21 20:07:09 [ERROR] yfinance: Failed to get ticker 'IDXX' reason: Expecting value: line 1 column 1 (char 0)
2026-06-21 20:07:09 [ERROR] yfinance: Failed to get ticker 'HUBB' reason: Expecting value: line 1 column 1 (char 0)
2026-06-21 20:07:09 [ERROR] yfinance: Failed to get ticker 'HII' reason: Expecting value: line 1 column 1 (char 0)
2026-06-21 20:07:09 [ERROR] yfinance: Failed to get ticker 'HUM' reason: Expecting value: line 1 column 1 (char 0)
2026-06-21 20:07:09 [ERROR] yfinance: Failed to get ticker 'ISRG' reason: Expecting value: line 1 column 1 (char 0)
2026-06-21 20:07:09 [ERROR] yfinance: Failed to get ticker 'JCI' reason: Expecting value: line 1 column 1 (char 0)
2026-06-21 20:07:09 [ERROR] yfinance: Failed to get ticker 'INTC' reason: Expecting value: line 1 column 1 (char 0)
2026-06-21 20:07:09 [ERROR] yfinance: Failed to get ticker 'GOOGL' reason: Expecting value: line 1 column 1 (char 0)
2026-06-21 20:07:09 [ERROR] yfinance: Failed to get ticker 'IP' reason: Expecting value: line 1 column 1 (char 0)
2026-06-21 20:07:09 [ERROR] yfinance: Failed to get ticker 'HWM' reason: Expecting value: line 1 column 1 (char 0)
2026-06-21 20:07:09 [ERROR] yfinance: Failed to get ticker 'GRMN' reason: Expecting value: line 1 column 1 (char 0)
2026-06-21 20:07:09 [ERROR] yfinance: Failed to get ticker 'HPQ' reason: Expecting value: line 1 column 1 (char 0)
2026-06-21 20:07:09 [ERROR] yfinance: Failed to get ticker 'GWW' reason: Expecting value: line 1 column 1 (char 0)
2026-06-21 20:07:09 [ERROR] yfinance: Failed to get ticker 'IBM' reason: Expecting value: line 1 column 1 (char 0)
2026-06-21 20:07:09 [ERROR] yfinance: Failed to get ticker 'HPE' reason: Expecting value: line 1 column 1 (char 0)
2026-06-21 20:07:09 [ERROR] yfinance: Failed to get ticker 'IEX' reason: Expecting value: line 1 column 1 (char 0)
2026-06-21 20:07:09 [ERROR] yfinance: Failed to get ticker 'HD' reason: Expecting value: line 1 column 1 (char 0)
2026-06-21 20:07:09 [ERROR] yfinance: Failed to get ticker 'IR' reason: Expecting value: line 1 column 1 (char 0)
2026-06-21 20:07:09 [ERROR] yfinance: Failed to get ticker 'GPC' reason: Expecting value: line 1 column 1 (char 0)
2026-06-21 20:07:09 [ERROR] yfinance: Failed to get ticker 'INVH' reason: Expecting value: line 1 column 1 (char 0)
2026-06-21 20:07:09 [ERROR] yfinance: Failed to get ticker 'HCA' reason: Expecting value: line 1 column 1 (char 0)
2026-06-21 20:07:09 [ERROR] yfinance: Failed to get ticker 'IRM' reason: Expecting value: line 1 column 1 (char 0)
2026-06-21 20:07:09 [ERROR] yfinance: Failed to get ticker 'HST' reason: Expecting value: line 1 column 1 (char 0)
2026-06-21 20:07:09 [ERROR] yfinance: Failed to get ticker 'HON' reason: Expecting value: line 1 column 1 (char 0)
2026-06-21 20:07:09 [ERROR] yfinance: Failed to get ticker 'INCY' reason: Expecting value: line 1 column 1 (char 0)
2026-06-21 20:07:09 [ERROR] yfinance: Failed to get ticker 'HAS' reason: Expecting value: line 1 column 1 (char 0)
2026-06-21 20:07:09 [ERROR] yfinance: Failed to get ticker 'HAL' reason: Expecting value: line 1 column 1 (char 0)
2026-06-21 20:07:09 [ERROR] yfinance: Failed to get ticker 'GOOG' reason: Expecting value: line 1 column 1 (char 0)
2026-06-21 20:07:09 [ERROR] yfinance: Failed to get ticker 'GS' reason: Expecting value: line 1 column 1 (char 0)
2026-06-21 20:07:10 [DEBUG] zkr_analiz.jobs: rest_price_poller updated 671 USDT symbols; buffer_size=671
2026-06-21 20:07:10 [DEBUG] zkr_analiz.jobs: broadcast_worker emitting batch size=671
emitting event "price_update_batch" to all [/]
2026-06-21 20:07:10 [INFO] socketio.server: emitting event "price_update_batch" to all [/]
2026-06-21 20:07:11 [DEBUG] zkr_analiz.yahoo: No cache for GC=F, triggering background fetch
2026-06-21 20:07:11 [ERROR] yfinance: Failed to get ticker 'GC=F' reason: Expecting value: line 1 column 1 (char 0)
2026-06-21 20:07:11 [DEBUG] zkr_analiz.yahoo: No cache for SPY, triggering background fetch
2026-06-21 20:07:11 [ERROR] yfinance: Failed to get ticker 'GNRC' reason: Expecting value: line 1 column 1 (char 0)
2026-06-21 20:07:11 [ERROR] yfinance: 
1 Failed download:
2026-06-21 20:07:11 [ERROR] yfinance: ['GC=F']: Exception('%ticker%: No price data found, symbol may be delisted (period=2d)')
2026-06-21 20:07:11 [ERROR] yfinance: Failed to get ticker 'SPY' reason: Expecting value: line 1 column 1 (char 0)
2026-06-21 20:07:12 [DEBUG] zkr_analiz.yahoo: No cache for DX=F, triggering background fetch
2026-06-21 20:07:12 [ERROR] yfinance: 
1 Failed download:
2026-06-21 20:07:12 [ERROR] yfinance: ['SPY']: Exception('%ticker%: No price data found, symbol may be delisted (period=2d)')
2026-06-21 20:07:12 [WARNING] zkr_analiz.activity_stream: Unknown event type: rsi_extreme
2026-06-21 20:07:12 [WARNING] zkr_analiz.activity_stream: Unknown event type: rsi_extreme
2026-06-21 20:07:12 [WARNING] zkr_analiz.activity_stream: Unknown event type: rsi_extreme
2026-06-21 20:07:12 [WARNING] zkr_analiz.activity_stream: Unknown event type: rsi_extreme
2026-06-21 20:07:12 [WARNING] zkr_analiz.activity_stream: Unknown event type: rsi_extreme
2026-06-21 20:07:12 [WARNING] zkr_analiz.activity_stream: Unknown event type: rsi_extreme
2026-06-21 20:07:12 [WARNING] zkr_analiz.activity_stream: Unknown event type: rsi_extreme
2026-06-21 20:07:12 [WARNING] zkr_analiz.activity_stream: Unknown event type: rsi_extreme
2026-06-21 20:07:12 [WARNING] zkr_analiz.activity_stream: Unknown event type: rsi_extreme
2026-06-21 20:07:12 [WARNING] zkr_analiz.activity_stream: Unknown event type: rsi_extreme
2026-06-21 20:07:12 [WARNING] zkr_analiz.activity_stream: Unknown event type: rsi_extreme
2026-06-21 20:07:12 [WARNING] zkr_analiz.activity_stream: Unknown event type: rsi_extreme
2026-06-21 20:07:12 [WARNING] zkr_analiz.activity_stream: Unknown event type: rsi_extreme
2026-06-21 20:07:12 [WARNING] zkr_analiz.activity_stream: Unknown event type: rsi_extreme
2026-06-21 20:07:12 [WARNING] zkr_analiz.activity_stream: Unknown event type: rsi_extreme
2026-06-21 20:07:12 [WARNING] zkr_analiz.activity_stream: Unknown event type: rsi_extreme
2026-06-21 20:07:12 [WARNING] zkr_analiz.activity_stream: Unknown event type: rsi_extreme
2026-06-21 20:07:12 [WARNING] zkr_analiz.activity_stream: Unknown event type: rsi_extreme
2026-06-21 20:07:12 [WARNING] zkr_analiz.activity_stream: Unknown event type: rsi_extreme
2026-06-21 20:07:12 [WARNING] zkr_analiz.activity_stream: Unknown event type: rsi_extreme
2026-06-21 20:07:12 [INFO] zkr_analiz.activity_stream: Activity notification: [CRITICAL] news_impact AMD — Nvidia stock jumps on AI earnings beat
2026-06-21 20:07:12 [INFO] zkr_analiz.activity_stream: Activity notification: [CRITICAL] news_impact GOOGL — Nvidia stock jumps on AI earnings beat
2026-06-21 20:07:12 [INFO] zkr_analiz.activity_stream: Activity notification: [CRITICAL] news_impact GS — Nvidia stock jumps on AI earnings beat
2026-06-21 20:07:12 [DEBUG] zkr_analiz.activity_stream: Duplicate event skipped: news_impact AMD news_impact_engine
2026-06-21 20:07:12 [INFO] zkr_analiz.activity_stream: Activity notification: [CRITICAL] news_impact BTC — Bitcoin price surges to new all-time high above $150k
2026-06-21 20:07:12 [INFO] zkr_analiz.activity_stream: Activity notification: [CRITICAL] news_impact COIN — Bitcoin price surges to new all-time high above $150k
2026-06-21 20:07:12 [DEBUG] zkr_analiz.activity_stream: Duplicate event skipped: strategy_activity BTCUSDT strategy_live_engine
2026-06-21 20:07:12 [DEBUG] zkr_analiz.activity_stream: Duplicate event skipped: strategy_activity BTCUSDT strategy_live_engine
2026-06-21 20:07:12 [DEBUG] zkr_analiz.activity_stream: Duplicate event skipped: strategy_activity BTCUSDT strategy_live_engine
2026-06-21 20:07:12 [INFO] zkr_analiz.activity_stream: Activity stream: collected 6 new events
2026-06-21 20:07:12 [ERROR] yfinance: Failed to get ticker 'DX=F' reason: Expecting value: line 1 column 1 (char 0)
2026-06-21 20:07:12 [ERROR] yfinance: 
2 Failed downloads:
2026-06-21 20:07:12 [ERROR] yfinance: ['SPY', 'DX=F']: Exception('%ticker%: No price data found, symbol may be delisted (period=2d)')
2026-06-21 20:07:15 [DEBUG] zkr_analiz.jobs: rest_price_poller updated 671 USDT symbols; buffer_size=671
2026-06-21 20:07:16 [DEBUG] zkr_analiz.jobs: broadcast_worker emitting batch size=671
emitting event "price_update_batch" to all [/]
2026-06-21 20:07:16 [INFO] socketio.server: emitting event "price_update_batch" to all [/]
2026-06-21 20:07:21 [DEBUG] zkr_analiz.jobs: rest_price_poller updated 671 USDT symbols; buffer_size=671
2026-06-21 20:07:22 [DEBUG] zkr_analiz.jobs: broadcast_worker emitting batch size=671
emitting event "price_update_batch" to all [/]
2026-06-21 20:07:22 [INFO] socketio.server: emitting event "price_update_batch" to all [/]
2026-06-21 20:07:27 [DEBUG] zkr_analiz.jobs: rest_price_poller updated 671 USDT symbols; buffer_size=671
2026-06-21 20:07:27 [INFO] zkr_analiz.yahoo: Cold start: fetching 8 stocks symbols...
2026-06-21 20:07:27 [INFO] zkr_analiz.yahoo: Single-call download for 8 symbols...
2026-06-21 20:07:27 [ERROR] yfinance: Failed to get ticker 'JPM' reason: Expecting value: line 1 column 1 (char 0)
2026-06-21 20:07:27 [ERROR] yfinance: Failed to get ticker 'AAPL' reason: Expecting value: line 1 column 1 (char 0)
2026-06-21 20:07:27 [ERROR] yfinance: Failed to get ticker 'TSLA' reason: Expecting value: line 1 column 1 (char 0)
2026-06-21 20:07:27 [ERROR] yfinance: Failed to get ticker 'GOOGL' reason: Expecting value: line 1 column 1 (char 0)
2026-06-21 20:07:27 [ERROR] yfinance: Failed to get ticker 'AMZN' reason: Expecting value: line 1 column 1 (char 0)
2026-06-21 20:07:27 [ERROR] yfinance: Failed to get ticker 'NVDA' reason: Expecting value: line 1 column 1 (char 0)
2026-06-21 20:07:27 [ERROR] yfinance: Failed to get ticker 'META' reason: Expecting value: line 1 column 1 (char 0)
2026-06-21 20:07:27 [DEBUG] zkr_analiz.jobs: broadcast_worker emitting batch size=671
emitting event "price_update_batch" to all [/]
2026-06-21 20:07:27 [INFO] socketio.server: emitting event "price_update_batch" to all [/]
2026-06-21 20:07:27 [ERROR] yfinance: 
8 Failed downloads:
2026-06-21 20:07:27 [ERROR] yfinance: ['MSFT']: IndexError('tuple index out of range')
2026-06-21 20:07:27 [ERROR] yfinance: ['AAPL', 'JPM', 'TSLA', 'NVDA', 'AMZN', 'GOOGL', 'META']: Exception('%ticker%: No price data found, symbol may be delisted (period=2d)')
2026-06-21 20:07:27 [INFO] zkr_analiz.yahoo: Single-call got 0/8 prices
2026-06-21 20:07:27 [INFO] zkr_analiz.yahoo: Batch download got 0/8 stocks, trying CoinGecko fallback...
2026-06-21 20:07:29 [DEBUG] zkr_analiz.yahoo: CoinGecko quote for TSLA failed: 429 Client Error: Too Many Requests for url: https://api.coingecko.com/api/v3/simple/price?ids=tesla&vs_currencies=usd&include_24hr_vol=true&include_market_cap=false&include_last_updated_at=true
2026-06-21 20:07:29 [INFO] zkr_analiz.yahoo: Batch cache updated for stocks: 3/8 symbols have prices (37.5%)
2026-06-21 20:07:29 [INFO] zkr_analiz.yahoo: Cold start: fetching 5 forex symbols...
2026-06-21 20:07:29 [INFO] zkr_analiz.yahoo: Single-call download for 5 symbols...
2026-06-21 20:07:29 [ERROR] yfinance: Failed to get ticker 'GBPUSD=X' reason: Expecting value: line 1 column 1 (char 0)
2026-06-21 20:07:29 [ERROR] yfinance: Failed to get ticker 'EURUSD=X' reason: Expecting value: line 1 column 1 (char 0)
2026-06-21 20:07:29 [ERROR] yfinance: Failed to get ticker 'USDTRY=X' reason: Expecting value: line 1 column 1 (char 0)
2026-06-21 20:07:29 [ERROR] yfinance: Failed to get ticker 'USDJPY=X' reason: Expecting value: line 1 column 1 (char 0)
2026-06-21 20:07:29 [ERROR] yfinance: Failed to get ticker 'EURTRY=X' reason: Expecting value: line 1 column 1 (char 0)
2026-06-21 20:07:29 [ERROR] yfinance: 
5 Failed downloads:
2026-06-21 20:07:29 [ERROR] yfinance: ['GBPUSD=X', 'USDTRY=X', 'USDJPY=X', 'EURTRY=X', 'EURUSD=X']: Exception('%ticker%: No price data found, symbol may be delisted (period=2d)')
2026-06-21 20:07:29 [INFO] zkr_analiz.yahoo: Single-call got 0/5 prices
2026-06-21 20:07:29 [INFO] zkr_analiz.yahoo: Batch cache updated for forex: 0/5 symbols have prices (0.0%)
2026-06-21 20:07:29 [INFO] zkr_analiz.opportunity_engine: Opportunity scan complete: 4 opportunities found
2026-06-21 20:07:32 [DEBUG] zkr_analiz.jobs: rest_price_poller updated 671 USDT symbols; buffer_size=671
2026-06-21 20:07:32 [DEBUG] zkr_analiz.jobs: broadcast_worker emitting batch size=671
emitting event "price_update_batch" to all [/]
2026-06-21 20:07:32 [INFO] socketio.server: emitting event "price_update_batch" to all [/]
2026-06-21 20:07:38 [DEBUG] zkr_analiz.jobs: rest_price_poller updated 671 USDT symbols; buffer_size=671
2026-06-21 20:07:38 [DEBUG] zkr_analiz.jobs: broadcast_worker emitting batch size=671
emitting event "price_update_batch" to all [/]
2026-06-21 20:07:38 [INFO] socketio.server: emitting event "price_update_batch" to all [/]
2026-06-21 20:07:41 [DEBUG] zkr_analiz.yahoo: No cache for XU100.IS, triggering background fetch
2026-06-21 20:07:41 [DEBUG] zkr_analiz.yahoo: No cache for THYAO.IS, triggering background fetch
2026-06-21 20:07:41 [DEBUG] zkr_analiz.yahoo: No cache for AAPL, triggering background fetch
2026-06-21 20:07:41 [ERROR] yfinance: Failed to get ticker 'AAPL' reason: Expecting value: line 1 column 1 (char 0)
2026-06-21 20:07:41 [ERROR] yfinance: Failed to get ticker 'XU100.IS' reason: Expecting value: line 1 column 1 (char 0)
2026-06-21 20:07:41 [ERROR] yfinance: Failed to get ticker 'THYAO.IS' reason: Expecting value: line 1 column 1 (char 0)
2026-06-21 20:07:41 [ERROR] yfinance: 
1 Failed download:
2026-06-21 20:07:41 [ERROR] yfinance: ['AAPL']: Exception('%ticker%: No price data found, symbol may be delisted (period=2d)')
2026-06-21 20:07:41 [DEBUG] zkr_analiz.yahoo: CoinGecko quote for AAPL failed: 429 Client Error: Too Many Requests for url: https://api.coingecko.com/api/v3/simple/price?ids=apple&vs_currencies=usd&include_24hr_vol=true&include_market_cap=false&include_last_updated_at=true
2026-06-21 20:07:41 [ERROR] yfinance: 
3 Failed downloads:
2026-06-21 20:07:41 [ERROR] yfinance: 
3 Failed downloads:
2026-06-21 20:07:41 [ERROR] yfinance: ['AAPL', 'THYAO.IS', 'XU100.IS']: Exception('%ticker%: No price data found, symbol may be delisted (period=2d)')
2026-06-21 20:07:41 [ERROR] yfinance: ['AAPL', 'THYAO.IS', 'XU100.IS']: Exception('%ticker%: No price data found, symbol may be delisted (period=2d)')
2026-06-21 20:07:43 [DEBUG] zkr_analiz.jobs: rest_price_poller updated 671 USDT symbols; buffer_size=671
2026-06-21 20:07:43 [DEBUG] zkr_analiz.jobs: broadcast_worker emitting batch size=671
emitting event "price_update_batch" to all [/]
2026-06-21 20:07:43 [INFO] socketio.server: emitting event "price_update_batch" to all [/]
2026-06-21 20:07:48 [WARNING] zkr_analiz.yahoo: Chunk 5/12 HARD TIMEOUT
2026-06-21 20:07:48 [DEBUG] zkr_analiz.jobs: rest_price_poller updated 671 USDT symbols; buffer_size=671
2026-06-21 20:07:49 [DEBUG] zkr_analiz.jobs: broadcast_worker emitting batch size=671
emitting event "price_update_batch" to all [/]
2026-06-21 20:07:49 [INFO] socketio.server: emitting event "price_update_batch" to all [/]
2026-06-21 20:07:54 [DEBUG] zkr_analiz.jobs: rest_price_poller updated 671 USDT symbols; buffer_size=671
2026-06-21 20:07:54 [DEBUG] zkr_analiz.jobs: broadcast_worker emitting batch size=671
emitting event "price_update_batch" to all [/]
2026-06-21 20:07:54 [INFO] socketio.server: emitting event "price_update_batch" to all [/]
2026-06-21 20:07:59 [DEBUG] zkr_analiz.jobs: rest_price_poller updated 671 USDT symbols; buffer_size=671
2026-06-21 20:07:59 [DEBUG] zkr_analiz.jobs: broadcast_worker emitting batch size=671
emitting event "price_update_batch" to all [/]
2026-06-21 20:07:59 [INFO] socketio.server: emitting event "price_update_batch" to all [/]
2026-06-21 20:08:04 [DEBUG] zkr_analiz.jobs: rest_price_poller updated 671 USDT symbols; buffer_size=671
2026-06-21 20:08:05 [DEBUG] zkr_analiz.jobs: broadcast_worker emitting batch size=671
emitting event "price_update_batch" to all [/]
2026-06-21 20:08:05 [INFO] socketio.server: emitting event "price_update_batch" to all [/]
2026-06-21 20:08:10 [DEBUG] zkr_analiz.jobs: rest_price_poller updated 671 USDT symbols; buffer_size=671
2026-06-21 20:08:10 [DEBUG] zkr_analiz.jobs: broadcast_worker emitting batch size=671
emitting event "price_update_batch" to all [/]
2026-06-21 20:08:10 [INFO] socketio.server: emitting event "price_update_batch" to all [/]
2026-06-21 20:08:12 [WARNING] zkr_analiz.activity_stream: Unknown event type: rsi_extreme
2026-06-21 20:08:12 [WARNING] zkr_analiz.activity_stream: Unknown event type: rsi_extreme
2026-06-21 20:08:12 [WARNING] zkr_analiz.activity_stream: Unknown event type: breakout
2026-06-21 20:08:12 [WARNING] zkr_analiz.activity_stream: Unknown event type: rsi_extreme
2026-06-21 20:08:12 [DEBUG] zkr_analiz.activity_stream: Duplicate event skipped: news_impact AMD news_impact_engine
2026-06-21 20:08:12 [DEBUG] zkr_analiz.activity_stream: Duplicate event skipped: news_impact GOOGL news_impact_engine
2026-06-21 20:08:12 [DEBUG] zkr_analiz.activity_stream: Duplicate event skipped: news_impact GS news_impact_engine
2026-06-21 20:08:12 [DEBUG] zkr_analiz.activity_stream: Duplicate event skipped: news_impact AMD news_impact_engine
2026-06-21 20:08:12 [DEBUG] zkr_analiz.activity_stream: Duplicate event skipped: news_impact BTC news_impact_engine
2026-06-21 20:08:12 [DEBUG] zkr_analiz.activity_stream: Duplicate event skipped: news_impact COIN news_impact_engine
2026-06-21 20:08:12 [DEBUG] zkr_analiz.activity_stream: Duplicate event skipped: strategy_activity BTCUSDT strategy_live_engine
2026-06-21 20:08:12 [DEBUG] zkr_analiz.activity_stream: Duplicate event skipped: strategy_activity BTCUSDT strategy_live_engine
2026-06-21 20:08:12 [DEBUG] zkr_analiz.activity_stream: Duplicate event skipped: strategy_activity BTCUSDT strategy_live_engine
2026-06-21 20:08:12 [DEBUG] zkr_analiz.activity_stream: Duplicate event skipped: strategy_activity BTCUSDT strategy_live_engine
2026-06-21 20:08:15 [DEBUG] zkr_analiz.jobs: rest_price_poller updated 671 USDT symbols; buffer_size=671
2026-06-21 20:08:16 [DEBUG] zkr_analiz.jobs: broadcast_worker emitting batch size=671
emitting event "price_update_batch" to all [/]
2026-06-21 20:08:16 [INFO] socketio.server: emitting event "price_update_batch" to all [/]
2026-06-21 20:08:21 [DEBUG] zkr_analiz.jobs: rest_price_poller updated 671 USDT symbols; buffer_size=671
2026-06-21 20:08:21 [DEBUG] zkr_analiz.jobs: broadcast_worker emitting batch size=671
emitting event "price_update_batch" to all [/]
2026-06-21 20:08:21 [INFO] socketio.server: emitting event "price_update_batch" to all [/]
2026-06-21 20:08:27 [DEBUG] zkr_analiz.jobs: rest_price_poller updated 671 USDT symbols; buffer_size=671
2026-06-21 20:08:27 [DEBUG] zkr_analiz.jobs: broadcast_worker emitting batch size=671
emitting event "price_update_batch" to all [/]
2026-06-21 20:08:27 [INFO] socketio.server: emitting event "price_update_batch" to all [/]
2026-06-21 20:08:32 [DEBUG] zkr_analiz.jobs: rest_price_poller updated 671 USDT symbols; buffer_size=671
2026-06-21 20:08:33 [DEBUG] zkr_analiz.jobs: broadcast_worker emitting batch size=671
emitting event "price_update_batch" to all [/]
2026-06-21 20:08:33 [INFO] socketio.server: emitting event "price_update_batch" to all [/]
2026-06-21 20:08:38 [DEBUG] zkr_analiz.jobs: rest_price_poller updated 671 USDT symbols; buffer_size=671
2026-06-21 20:08:38 [DEBUG] zkr_analiz.jobs: broadcast_worker emitting batch size=671
emitting event "price_update_batch" to all [/]
2026-06-21 20:08:38 [INFO] socketio.server: emitting event "price_update_batch" to all [/]
2026-06-21 20:08:44 [DEBUG] zkr_analiz.jobs: rest_price_poller updated 671 USDT symbols; buffer_size=671
2026-06-21 20:08:44 [DEBUG] zkr_analiz.jobs: broadcast_worker emitting batch size=671
emitting event "price_update_batch" to all [/]
2026-06-21 20:08:44 [INFO] socketio.server: emitting event "price_update_batch" to all [/]
2026-06-21 20:08:49 [DEBUG] zkr_analiz.jobs: rest_price_poller updated 671 USDT symbols; buffer_size=671
2026-06-21 20:08:50 [DEBUG] zkr_analiz.jobs: broadcast_worker emitting batch size=671
emitting event "price_update_batch" to all [/]
2026-06-21 20:08:50 [INFO] socketio.server: emitting event "price_update_batch" to all [/]
2026-06-21 20:08:55 [DEBUG] zkr_analiz.jobs: rest_price_poller updated 671 USDT symbols; buffer_size=671
2026-06-21 20:08:55 [DEBUG] zkr_analiz.jobs: broadcast_worker emitting batch size=671
emitting event "price_update_batch" to all [/]
2026-06-21 20:08:55 [INFO] socketio.server: emitting event "price_update_batch" to all [/]
2026-06-21 20:09:00 [DEBUG] zkr_analiz.jobs: rest_price_poller updated 671 USDT symbols; buffer_size=671
2026-06-21 20:09:00 [DEBUG] zkr_analiz.jobs: broadcast_worker emitting batch size=671
emitting event "price_update_batch" to all [/]
2026-06-21 20:09:00 [INFO] socketio.server: emitting event "price_update_batch" to all [/]
2026-06-21 20:09:07 [DEBUG] zkr_analiz.jobs: rest_price_poller updated 671 USDT symbols; buffer_size=671
2026-06-21 20:09:07 [DEBUG] zkr_analiz.jobs: broadcast_worker emitting batch size=671
emitting event "price_update_batch" to all [/]
2026-06-21 20:09:07 [INFO] socketio.server: emitting event "price_update_batch" to all [/]
2026-06-21 20:09:12 [WARNING] zkr_analiz.activity_stream: Unknown event type: rsi_extreme
2026-06-21 20:09:12 [WARNING] zkr_analiz.activity_stream: Unknown event type: rsi_extreme
2026-06-21 20:09:12 [WARNING] zkr_analiz.activity_stream: Unknown event type: breakout
2026-06-21 20:09:12 [WARNING] zkr_analiz.activity_stream: Unknown event type: rsi_extreme
2026-06-21 20:09:12 [DEBUG] zkr_analiz.activity_stream: Duplicate event skipped: news_impact AMD news_impact_engine
2026-06-21 20:09:12 [DEBUG] zkr_analiz.activity_stream: Duplicate event skipped: news_impact GOOGL news_impact_engine
2026-06-21 20:09:12 [DEBUG] zkr_analiz.activity_stream: Duplicate event skipped: news_impact GS news_impact_engine
2026-06-21 20:09:12 [DEBUG] zkr_analiz.activity_stream: Duplicate event skipped: news_impact AMD news_impact_engine
2026-06-21 20:09:12 [DEBUG] zkr_analiz.activity_stream: Duplicate event skipped: news_impact BTC news_impact_engine
2026-06-21 20:09:12 [DEBUG] zkr_analiz.activity_stream: Duplicate event skipped: news_impact COIN news_impact_engine
2026-06-21 20:09:12 [DEBUG] zkr_analiz.activity_stream: Duplicate event skipped: strategy_activity BTCUSDT strategy_live_engine
2026-06-21 20:09:12 [DEBUG] zkr_analiz.activity_stream: Duplicate event skipped: strategy_activity BTCUSDT strategy_live_engine
2026-06-21 20:09:12 [DEBUG] zkr_analiz.activity_stream: Duplicate event skipped: strategy_activity BTCUSDT strategy_live_engine
2026-06-21 20:09:12 [DEBUG] zkr_analiz.activity_stream: Duplicate event skipped: strategy_activity BTCUSDT strategy_live_engine
2026-06-21 20:09:12 [DEBUG] zkr_analiz.jobs: rest_price_poller updated 671 USDT symbols; buffer_size=671
2026-06-21 20:09:12 [DEBUG] zkr_analiz.jobs: broadcast_worker emitting batch size=671
emitting event "price_update_batch" to all [/]
2026-06-21 20:09:12 [INFO] socketio.server: emitting event "price_update_batch" to all [/]
2026-06-21 20:09:17 [DEBUG] zkr_analiz.jobs: rest_price_poller updated 671 USDT symbols; buffer_size=671
2026-06-21 20:09:18 [DEBUG] zkr_analiz.jobs: broadcast_worker emitting batch size=671
emitting event "price_update_batch" to all [/]
2026-06-21 20:09:18 [INFO] socketio.server: emitting event "price_update_batch" to all [/]
2026-06-21 20:09:24 [DEBUG] zkr_analiz.jobs: rest_price_poller updated 671 USDT symbols; buffer_size=671
2026-06-21 20:09:24 [DEBUG] zkr_analiz.jobs: broadcast_worker emitting batch size=671
emitting event "price_update_batch" to all [/]
2026-06-21 20:09:24 [INFO] socketio.server: emitting event "price_update_batch" to all [/]
2026-06-21 20:09:29 [DEBUG] zkr_analiz.jobs: rest_price_poller updated 671 USDT symbols; buffer_size=671
2026-06-21 20:09:29 [DEBUG] zkr_analiz.jobs: broadcast_worker emitting batch size=671
emitting event "price_update_batch" to all [/]
2026-06-21 20:09:29 [INFO] socketio.server: emitting event "price_update_batch" to all [/]
2026-06-21 20:09:32 [INFO] zkr_analiz.yahoo: Cold start: fetching 5 forex symbols...
2026-06-21 20:09:32 [INFO] zkr_analiz.yahoo: Single-call download for 5 symbols...
2026-06-21 20:09:32 [ERROR] yfinance: Failed to get ticker 'GBPUSD=X' reason: Expecting value: line 1 column 1 (char 0)
2026-06-21 20:09:32 [ERROR] yfinance: Failed to get ticker 'EURUSD=X' reason: Expecting value: line 1 column 1 (char 0)
2026-06-21 20:09:32 [ERROR] yfinance: Failed to get ticker 'USDTRY=X' reason: Expecting value: line 1 column 1 (char 0)
2026-06-21 20:09:32 [ERROR] yfinance: Failed to get ticker 'EURTRY=X' reason: Expecting value: line 1 column 1 (char 0)
2026-06-21 20:09:32 [ERROR] yfinance: Failed to get ticker 'USDJPY=X' reason: Expecting value: line 1 column 1 (char 0)
2026-06-21 20:09:32 [ERROR] yfinance: 
5 Failed downloads:
2026-06-21 20:09:32 [ERROR] yfinance: ['GBPUSD=X', 'EURUSD=X', 'USDTRY=X', 'USDJPY=X', 'EURTRY=X']: Exception('%ticker%: No price data found, symbol may be delisted (period=2d)')
2026-06-21 20:09:33 [INFO] zkr_analiz.yahoo: Single-call got 0/5 prices
2026-06-21 20:09:33 [INFO] zkr_analiz.yahoo: Batch cache updated for forex: 0/5 symbols have prices (0.0%)
2026-06-21 20:09:33 [INFO] zkr_analiz.opportunity_engine: Opportunity scan complete: 4 opportunities found
2026-06-21 20:09:34 [DEBUG] zkr_analiz.jobs: rest_price_poller updated 671 USDT symbols; buffer_size=671
2026-06-21 20:09:35 [DEBUG] zkr_analiz.jobs: broadcast_worker emitting batch size=671
emitting event "price_update_batch" to all [/]
2026-06-21 20:09:35 [INFO] socketio.server: emitting event "price_update_batch" to all [/]
2026-06-21 20:09:40 [DEBUG] zkr_analiz.jobs: rest_price_poller updated 671 USDT symbols; buffer_size=671
2026-06-21 20:09:40 [DEBUG] zkr_analiz.jobs: broadcast_worker emitting batch size=671
emitting event "price_update_batch" to all [/]
2026-06-21 20:09:40 [INFO] socketio.server: emitting event "price_update_batch" to all [/]
2026-06-21 20:09:41 [DEBUG] zkr_analiz.yahoo: No cache for GC=F, triggering background fetch
2026-06-21 20:09:41 [DEBUG] zkr_analiz.yahoo: No cache for THYAO.IS, triggering background fetch
2026-06-21 20:09:41 [ERROR] yfinance: Failed to get ticker 'THYAO.IS' reason: Expecting value: line 1 column 1 (char 0)
2026-06-21 20:09:41 [ERROR] yfinance: Failed to get ticker 'GC=F' reason: Expecting value: line 1 column 1 (char 0)
2026-06-21 20:09:41 [ERROR] yfinance: 
1 Failed download:
2026-06-21 20:09:41 [ERROR] yfinance: ['THYAO.IS']: Exception('%ticker%: No price data found, symbol may be delisted (period=2d)')
2026-06-21 20:09:41 [ERROR] yfinance: 
2 Failed downloads:
2026-06-21 20:09:41 [ERROR] yfinance: ['THYAO.IS', 'GC=F']: Exception('%ticker%: No price data found, symbol may be delisted (period=2d)')
2026-06-21 20:09:41 [DEBUG] zkr_analiz.yahoo: No cache for SPY, triggering background fetch
2026-06-21 20:09:41 [ERROR] yfinance: Failed to get ticker 'SPY' reason: Expecting value: line 1 column 1 (char 0)
2026-06-21 20:09:42 [DEBUG] zkr_analiz.yahoo: No cache for DX=F, triggering background fetch
2026-06-21 20:09:42 [ERROR] yfinance: 
1 Failed download:
2026-06-21 20:09:42 [ERROR] yfinance: ['SPY']: Exception('%ticker%: No price data found, symbol may be delisted (period=2d)')
2026-06-21 20:09:42 [ERROR] yfinance: Failed to get ticker 'DX=F' reason: Expecting value: line 1 column 1 (char 0)
2026-06-21 20:09:42 [ERROR] yfinance: 
2 Failed downloads:
2026-06-21 20:09:42 [ERROR] yfinance: ['SPY', 'DX=F']: Exception('%ticker%: No price data found, symbol may be delisted (period=2d)')
2026-06-21 20:09:45 [DEBUG] zkr_analiz.jobs: rest_price_poller updated 671 USDT symbols; buffer_size=671
2026-06-21 20:09:45 [DEBUG] zkr_analiz.jobs: broadcast_worker emitting batch size=671
emitting event "price_update_batch" to all [/]
2026-06-21 20:09:45 [INFO] socketio.server: emitting event "price_update_batch" to all [/]
2026-06-21 20:09:50 [DEBUG] zkr_analiz.jobs: rest_price_poller updated 671 USDT symbols; buffer_size=671
2026-06-21 20:09:51 [DEBUG] zkr_analiz.jobs: broadcast_worker emitting batch size=671
emitting event "price_update_batch" to all [/]
2026-06-21 20:09:51 [INFO] socketio.server: emitting event "price_update_batch" to all [/]
2026-06-21 20:09:56 [DEBUG] zkr_analiz.jobs: rest_price_poller updated 671 USDT symbols; buffer_size=671
2026-06-21 20:09:56 [DEBUG] zkr_analiz.jobs: broadcast_worker emitting batch size=671
emitting event "price_update_batch" to all [/]
2026-06-21 20:09:56 [INFO] socketio.server: emitting event "price_update_batch" to all [/]
2026-06-21 20:10:01 [DEBUG] zkr_analiz.jobs: rest_price_poller updated 671 USDT symbols; buffer_size=671
2026-06-21 20:10:01 [DEBUG] zkr_analiz.jobs: broadcast_worker emitting batch size=671
emitting event "price_update_batch" to all [/]
2026-06-21 20:10:01 [INFO] socketio.server: emitting event "price_update_batch" to all [/]
2026-06-21 20:10:07 [DEBUG] zkr_analiz.jobs: rest_price_poller updated 671 USDT symbols; buffer_size=671
2026-06-21 20:10:07 [DEBUG] zkr_analiz.jobs: broadcast_worker emitting batch size=671
emitting event "price_update_batch" to all [/]
2026-06-21 20:10:07 [INFO] socketio.server: emitting event "price_update_batch" to all [/]
2026-06-21 20:10:12 [WARNING] zkr_analiz.activity_stream: Unknown event type: rsi_extreme
2026-06-21 20:10:12 [WARNING] zkr_analiz.activity_stream: Unknown event type: rsi_extreme
2026-06-21 20:10:12 [WARNING] zkr_analiz.activity_stream: Unknown event type: breakout
2026-06-21 20:10:12 [WARNING] zkr_analiz.activity_stream: Unknown event type: rsi_extreme
2026-06-21 20:10:12 [DEBUG] zkr_analiz.activity_stream: Duplicate event skipped: news_impact AMD news_impact_engine
2026-06-21 20:10:12 [DEBUG] zkr_analiz.activity_stream: Duplicate event skipped: news_impact GOOGL news_impact_engine
2026-06-21 20:10:12 [DEBUG] zkr_analiz.activity_stream: Duplicate event skipped: news_impact GS news_impact_engine
2026-06-21 20:10:12 [DEBUG] zkr_analiz.activity_stream: Duplicate event skipped: news_impact AMD news_impact_engine
2026-06-21 20:10:12 [DEBUG] zkr_analiz.activity_stream: Duplicate event skipped: news_impact BTC news_impact_engine
2026-06-21 20:10:12 [DEBUG] zkr_analiz.activity_stream: Duplicate event skipped: news_impact COIN news_impact_engine
2026-06-21 20:10:12 [DEBUG] zkr_analiz.activity_stream: Duplicate event skipped: strategy_activity BTCUSDT strategy_live_engine
2026-06-21 20:10:12 [DEBUG] zkr_analiz.activity_stream: Duplicate event skipped: strategy_activity BTCUSDT strategy_live_engine
2026-06-21 20:10:12 [DEBUG] zkr_analiz.activity_stream: Duplicate event skipped: strategy_activity BTCUSDT strategy_live_engine
2026-06-21 20:10:12 [DEBUG] zkr_analiz.activity_stream: Duplicate event skipped: strategy_activity BTCUSDT strategy_live_engine
2026-06-21 20:10:12 [DEBUG] zkr_analiz.jobs: rest_price_poller updated 671 USDT symbols; buffer_size=671
2026-06-21 20:10:12 [DEBUG] zkr_analiz.jobs: broadcast_worker emitting batch size=671
emitting event "price_update_batch" to all [/]
2026-06-21 20:10:12 [INFO] socketio.server: emitting event "price_update_batch" to all [/]
2026-06-21 20:10:17 [DEBUG] zkr_analiz.jobs: rest_price_poller updated 671 USDT symbols; buffer_size=671
2026-06-21 20:10:18 [DEBUG] zkr_analiz.jobs: broadcast_worker emitting batch size=671
emitting event "price_update_batch" to all [/]
2026-06-21 20:10:18 [INFO] socketio.server: emitting event "price_update_batch" to all [/]
2026-06-21 20:10:23 [DEBUG] zkr_analiz.jobs: rest_price_poller updated 671 USDT symbols; buffer_size=671
2026-06-21 20:10:23 [DEBUG] zkr_analiz.jobs: broadcast_worker emitting batch size=671
emitting event "price_update_batch" to all [/]
2026-06-21 20:10:23 [INFO] socketio.server: emitting event "price_update_batch" to all [/]
2026-06-21 20:10:28 [DEBUG] zkr_analiz.jobs: rest_price_poller updated 671 USDT symbols; buffer_size=671
2026-06-21 20:10:28 [DEBUG] zkr_analiz.jobs: broadcast_worker emitting batch size=671
emitting event "price_update_batch" to all [/]
2026-06-21 20:10:28 [INFO] socketio.server: emitting event "price_update_batch" to all [/]
2026-06-21 20:10:33 [DEBUG] zkr_analiz.jobs: rest_price_poller updated 671 USDT symbols; buffer_size=671
2026-06-21 20:10:34 [DEBUG] zkr_analiz.jobs: broadcast_worker emitting batch size=671
emitting event "price_update_batch" to all [/]
2026-06-21 20:10:34 [INFO] socketio.server: emitting event "price_update_batch" to all [/]
2026-06-21 20:10:34 [DEBUG] zkr_analiz.monolith: ws/activity client disconnected: Connection closed: 1001 
2026-06-21 20:10:34 [DEBUG] zkr_analiz.monolith: ws/market client disconnected: Connection closed: 1001 
2026-06-21 20:10:34 [DEBUG] zkr_analiz.yahoo: No cache for XU100.IS, triggering background fetch
2026-06-21 20:10:34 [DEBUG] zkr_analiz.yahoo: No cache for AAPL, triggering background fetch
2026-06-21 20:10:34 [INFO] zkr_analiz.monolith: ws/market client connected
2026-06-21 20:10:34 [INFO] zkr_analiz.monolith: ws/activity client connected
2026-06-21 20:10:34 [DEBUG] zkr_analiz.activity_stream: Activity WS listener registered (total: 1)
2026-06-21 20:10:34 [ERROR] yfinance: Failed to get ticker 'XU100.IS' reason: Expecting value: line 1 column 1 (char 0)
2026-06-21 20:10:34 [ERROR] yfinance: Failed to get ticker 'AAPL' reason: Expecting value: line 1 column 1 (char 0)
2026-06-21 20:10:35 [ERROR] yfinance: 
1 Failed download:
2026-06-21 20:10:35 [ERROR] yfinance: ['XU100.IS']: Exception('%ticker%: No price data found, symbol may be delisted (period=2d)')
2026-06-21 20:10:35 [ERROR] yfinance: 
2 Failed downloads:
2026-06-21 20:10:35 [ERROR] yfinance: ['XU100.IS', 'AAPL']: Exception('%ticker%: No price data found, symbol may be delisted (period=2d)')
2026-06-21 20:10:35 [WARNING] zkr_analiz.news: RSS parse error for CryptoPanic: mismatched tag: line 90, column 2
2026-06-21 20:10:35 [WARNING] zkr_analiz.news: RSS parse error for CryptoPanic: mismatched tag: line 90, column 2
2026-06-21 20:10:39 [DEBUG] zkr_analiz.jobs: rest_price_poller updated 671 USDT symbols; buffer_size=671
2026-06-21 20:10:39 [DEBUG] zkr_analiz.jobs: broadcast_worker emitting batch size=671
emitting event "price_update_batch" to all [/]
2026-06-21 20:10:39 [INFO] socketio.server: emitting event "price_update_batch" to all [/]
2026-06-21 20:10:44 [DEBUG] zkr_analiz.jobs: rest_price_poller updated 671 USDT symbols; buffer_size=671
2026-06-21 20:10:45 [DEBUG] zkr_analiz.jobs: broadcast_worker emitting batch size=671
emitting event "price_update_batch" to all [/]
2026-06-21 20:10:45 [INFO] socketio.server: emitting event "price_update_batch" to all [/]
2026-06-21 20:10:50 [DEBUG] zkr_analiz.jobs: rest_price_poller updated 671 USDT symbols; buffer_size=671
2026-06-21 20:10:50 [DEBUG] zkr_analiz.jobs: broadcast_worker emitting batch size=671
emitting event "price_update_batch" to all [/]
2026-06-21 20:10:50 [INFO] socketio.server: emitting event "price_update_batch" to all [/]
2026-06-21 20:10:55 [DEBUG] zkr_analiz.jobs: rest_price_poller updated 671 USDT symbols; buffer_size=671
2026-06-21 20:10:55 [DEBUG] zkr_analiz.jobs: broadcast_worker emitting batch size=671
emitting event "price_update_batch" to all [/]
2026-06-21 20:10:55 [INFO] socketio.server: emitting event "price_update_batch" to all [/]
2026-06-21 20:11:01 [DEBUG] zkr_analiz.jobs: rest_price_poller updated 671 USDT symbols; buffer_size=671
2026-06-21 20:11:01 [DEBUG] zkr_analiz.jobs: broadcast_worker emitting batch size=671
emitting event "price_update_batch" to all [/]
2026-06-21 20:11:01 [INFO] socketio.server: emitting event "price_update_batch" to all [/]
2026-06-21 20:11:06 [DEBUG] zkr_analiz.jobs: rest_price_poller updated 671 USDT symbols; buffer_size=671
2026-06-21 20:11:06 [DEBUG] zkr_analiz.jobs: broadcast_worker emitting batch size=671
emitting event "price_update_batch" to all [/]
2026-06-21 20:11:06 [INFO] socketio.server: emitting event "price_update_batch" to all [/]
2026-06-21 20:11:12 [DEBUG] zkr_analiz.jobs: rest_price_poller updated 671 USDT symbols; buffer_size=671
2026-06-21 20:11:12 [WARNING] zkr_analiz.activity_stream: Unknown event type: rsi_extreme
2026-06-21 20:11:12 [WARNING] zkr_analiz.activity_stream: Unknown event type: rsi_extreme
2026-06-21 20:11:12 [WARNING] zkr_analiz.activity_stream: Unknown event type: breakout
2026-06-21 20:11:12 [WARNING] zkr_analiz.activity_stream: Unknown event type: rsi_extreme
2026-06-21 20:11:12 [DEBUG] zkr_analiz.activity_stream: Duplicate event skipped: news_impact AMD news_impact_engine
2026-06-21 20:11:12 [DEBUG] zkr_analiz.activity_stream: Duplicate event skipped: news_impact GOOGL news_impact_engine
2026-06-21 20:11:12 [DEBUG] zkr_analiz.activity_stream: Duplicate event skipped: news_impact GS news_impact_engine
2026-06-21 20:11:12 [DEBUG] zkr_analiz.activity_stream: Duplicate event skipped: news_impact AMD news_impact_engine
2026-06-21 20:11:12 [DEBUG] zkr_analiz.activity_stream: Duplicate event skipped: news_impact BTC news_impact_engine
2026-06-21 20:11:12 [DEBUG] zkr_analiz.activity_stream: Duplicate event skipped: news_impact COIN news_impact_engine
2026-06-21 20:11:12 [DEBUG] zkr_analiz.activity_stream: Duplicate event skipped: strategy_activity BTCUSDT strategy_live_engine
2026-06-21 20:11:12 [DEBUG] zkr_analiz.activity_stream: Duplicate event skipped: strategy_activity BTCUSDT strategy_live_engine
2026-06-21 20:11:12 [DEBUG] zkr_analiz.activity_stream: Duplicate event skipped: strategy_activity BTCUSDT strategy_live_engine
2026-06-21 20:11:12 [DEBUG] zkr_analiz.activity_stream: Duplicate event skipped: strategy_activity BTCUSDT strategy_live_engine
2026-06-21 20:11:12 [DEBUG] zkr_analiz.jobs: broadcast_worker emitting batch size=671
emitting event "price_update_batch" to all [/]
2026-06-21 20:11:12 [INFO] socketio.server: emitting event "price_update_batch" to all [/]
2026-06-21 20:11:17 [DEBUG] zkr_analiz.jobs: rest_price_poller updated 671 USDT symbols; buffer_size=671
2026-06-21 20:11:18 [DEBUG] zkr_analiz.jobs: broadcast_worker emitting batch size=671
emitting event "price_update_batch" to all [/]
2026-06-21 20:11:18 [INFO] socketio.server: emitting event "price_update_batch" to all [/]
2026-06-21 20:11:23 [DEBUG] zkr_analiz.jobs: rest_price_poller updated 671 USDT symbols; buffer_size=671
2026-06-21 20:11:23 [DEBUG] zkr_analiz.jobs: broadcast_worker emitting batch size=671
emitting event "price_update_batch" to all [/]
2026-06-21 20:11:23 [INFO] socketio.server: emitting event "price_update_batch" to all [/]
2026-06-21 20:11:28 [DEBUG] zkr_analiz.jobs: rest_price_poller updated 671 USDT symbols; buffer_size=671
2026-06-21 20:11:29 [DEBUG] zkr_analiz.jobs: broadcast_worker emitting batch size=671
emitting event "price_update_batch" to all [/]
2026-06-21 20:11:29 [INFO] socketio.server: emitting event "price_update_batch" to all [/]
2026-06-21 20:11:34 [DEBUG] zkr_analiz.jobs: rest_price_poller updated 671 USDT symbols; buffer_size=671
2026-06-21 20:11:34 [DEBUG] zkr_analiz.jobs: broadcast_worker emitting batch size=671
emitting event "price_update_batch" to all [/]
2026-06-21 20:11:34 [INFO] socketio.server: emitting event "price_update_batch" to all [/]
2026-06-21 20:11:36 [INFO] zkr_analiz.yahoo: Cold start: fetching 5 forex symbols...
2026-06-21 20:11:36 [INFO] zkr_analiz.yahoo: Single-call download for 5 symbols...
2026-06-21 20:11:36 [ERROR] yfinance: Failed to get ticker 'GBPUSD=X' reason: Expecting value: line 1 column 1 (char 0)
2026-06-21 20:11:36 [ERROR] yfinance: Failed to get ticker 'USDJPY=X' reason: Expecting value: line 1 column 1 (char 0)
2026-06-21 20:11:36 [ERROR] yfinance: Failed to get ticker 'EURUSD=X' reason: Expecting value: line 1 column 1 (char 0)
2026-06-21 20:11:36 [ERROR] yfinance: Failed to get ticker 'USDTRY=X' reason: Expecting value: line 1 column 1 (char 0)
2026-06-21 20:11:36 [ERROR] yfinance: Failed to get ticker 'EURTRY=X' reason: Expecting value: line 1 column 1 (char 0)
2026-06-21 20:11:36 [ERROR] yfinance: 
5 Failed downloads:
2026-06-21 20:11:36 [ERROR] yfinance: ['GBPUSD=X', 'EURUSD=X', 'USDTRY=X', 'USDJPY=X', 'EURTRY=X']: Exception('%ticker%: No price data found, symbol may be delisted (period=2d)')
2026-06-21 20:11:36 [INFO] zkr_analiz.yahoo: Single-call got 0/5 prices
2026-06-21 20:11:36 [INFO] zkr_analiz.yahoo: Batch cache updated for forex: 0/5 symbols have prices (0.0%)
2026-06-21 20:11:36 [INFO] zkr_analiz.opportunity_engine: Opportunity scan complete: 4 opportunities found
2026-06-21 20:11:39 [DEBUG] zkr_analiz.jobs: rest_price_poller updated 671 USDT symbols; buffer_size=671
2026-06-21 20:11:39 [DEBUG] zkr_analiz.jobs: broadcast_worker emitting batch size=671
emitting event "price_update_batch" to all [/]
2026-06-21 20:11:39 [INFO] socketio.server: emitting event "price_update_batch" to all [/]
2026-06-21 20:11:44 [DEBUG] zkr_analiz.jobs: rest_price_poller updated 671 USDT symbols; buffer_size=671
2026-06-21 20:11:45 [DEBUG] zkr_analiz.jobs: broadcast_worker emitting batch size=671
emitting event "price_update_batch" to all [/]
2026-06-21 20:11:45 [INFO] socketio.server: emitting event "price_update_batch" to all [/]
2026-06-21 20:11:50 [DEBUG] zkr_analiz.jobs: rest_price_poller updated 671 USDT symbols; buffer_size=671
2026-06-21 20:11:50 [DEBUG] zkr_analiz.jobs: broadcast_worker emitting batch size=671
emitting event "price_update_batch" to all [/]
2026-06-21 20:11:50 [INFO] socketio.server: emitting event "price_update_batch" to all [/]
2026-06-21 20:11:55 [DEBUG] zkr_analiz.jobs: rest_price_poller updated 671 USDT symbols; buffer_size=671
2026-06-21 20:11:55 [DEBUG] zkr_analiz.jobs: broadcast_worker emitting batch size=671
emitting event "price_update_batch" to all [/]
2026-06-21 20:11:55 [INFO] socketio.server: emitting event "price_update_batch" to all [/]
2026-06-21 20:12:01 [DEBUG] zkr_analiz.jobs: rest_price_poller updated 671 USDT symbols; buffer_size=671
2026-06-21 20:12:01 [DEBUG] zkr_analiz.jobs: broadcast_worker emitting batch size=671
emitting event "price_update_batch" to all [/]
2026-06-21 20:12:01 [INFO] socketio.server: emitting event "price_update_batch" to all [/]
2026-06-21 20:12:04 [DEBUG] zkr_analiz.yahoo: No cache for GC=F, triggering background fetch
2026-06-21 20:12:04 [ERROR] yfinance: Failed to get ticker 'GC=F' reason: Expecting value: line 1 column 1 (char 0)
2026-06-21 20:12:04 [ERROR] yfinance: 
1 Failed download:
2026-06-21 20:12:04 [ERROR] yfinance: ['GC=F']: Exception('%ticker%: No price data found, symbol may be delisted (period=2d)')
2026-06-21 20:12:05 [DEBUG] zkr_analiz.yahoo: No cache for SPY, triggering background fetch
2026-06-21 20:12:05 [ERROR] yfinance: Failed to get ticker 'SPY' reason: Expecting value: line 1 column 1 (char 0)
2026-06-21 20:12:05 [ERROR] yfinance: 
1 Failed download:
2026-06-21 20:12:05 [ERROR] yfinance: ['SPY']: Exception('%ticker%: No price data found, symbol may be delisted (period=2d)')
2026-06-21 20:12:05 [DEBUG] zkr_analiz.yahoo: No cache for DX=F, triggering background fetch
2026-06-21 20:12:05 [ERROR] yfinance: Failed to get ticker 'DX=F' reason: Expecting value: line 1 column 1 (char 0)
2026-06-21 20:12:05 [ERROR] yfinance: 
1 Failed download:
2026-06-21 20:12:05 [ERROR] yfinance: ['DX=F']: Exception('%ticker%: No price data found, symbol may be delisted (period=2d)')
2026-06-21 20:12:06 [DEBUG] zkr_analiz.jobs: rest_price_poller updated 671 USDT symbols; buffer_size=671
2026-06-21 20:12:06 [DEBUG] zkr_analiz.jobs: broadcast_worker emitting batch size=671
emitting event "price_update_batch" to all [/]
2026-06-21 20:12:06 [INFO] socketio.server: emitting event "price_update_batch" to all [/]
2026-06-21 20:12:11 [DEBUG] zkr_analiz.jobs: rest_price_poller updated 671 USDT symbols; buffer_size=671
2026-06-21 20:12:12 [WARNING] zkr_analiz.activity_stream: Unknown event type: rsi_extreme
2026-06-21 20:12:12 [WARNING] zkr_analiz.activity_stream: Unknown event type: rsi_extreme
2026-06-21 20:12:12 [WARNING] zkr_analiz.activity_stream: Unknown event type: breakout
2026-06-21 20:12:12 [WARNING] zkr_analiz.activity_stream: Unknown event type: rsi_extreme
2026-06-21 20:12:12 [INFO] zkr_analiz.activity_stream: Activity notification: [CRITICAL] news_impact AMD — Nvidia stock jumps on AI earnings beat
2026-06-21 20:12:12 [INFO] zkr_analiz.activity_stream: Activity notification: [CRITICAL] news_impact GOOGL — Nvidia stock jumps on AI earnings beat
2026-06-21 20:12:12 [INFO] zkr_analiz.activity_stream: Activity notification: [CRITICAL] news_impact GS — Nvidia stock jumps on AI earnings beat
2026-06-21 20:12:12 [DEBUG] zkr_analiz.activity_stream: Duplicate event skipped: news_impact AMD news_impact_engine
2026-06-21 20:12:12 [INFO] zkr_analiz.activity_stream: Activity notification: [CRITICAL] news_impact BTC — Bitcoin price surges to new all-time high above $150k
2026-06-21 20:12:12 [INFO] zkr_analiz.activity_stream: Activity notification: [CRITICAL] news_impact COIN — Bitcoin price surges to new all-time high above $150k
2026-06-21 20:12:12 [DEBUG] zkr_analiz.activity_stream: Duplicate event skipped: strategy_activity BTCUSDT strategy_live_engine
2026-06-21 20:12:12 [DEBUG] zkr_analiz.activity_stream: Duplicate event skipped: strategy_activity BTCUSDT strategy_live_engine
2026-06-21 20:12:12 [DEBUG] zkr_analiz.activity_stream: Duplicate event skipped: strategy_activity BTCUSDT strategy_live_engine
2026-06-21 20:12:12 [INFO] zkr_analiz.activity_stream: Activity stream: collected 6 new events
2026-06-21 20:12:12 [DEBUG] zkr_analiz.jobs: broadcast_worker emitting batch size=671
emitting event "price_update_batch" to all [/]
2026-06-21 20:12:12 [INFO] socketio.server: emitting event "price_update_batch" to all [/]
2026-06-21 20:12:17 [DEBUG] zkr_analiz.jobs: rest_price_poller updated 671 USDT symbols; buffer_size=671
2026-06-21 20:12:17 [DEBUG] zkr_analiz.jobs: broadcast_worker emitting batch size=671
emitting event "price_update_batch" to all [/]
2026-06-21 20:12:17 [INFO] socketio.server: emitting event "price_update_batch" to all [/]
2026-06-21 20:12:22 [DEBUG] zkr_analiz.jobs: rest_price_poller updated 671 USDT symbols; buffer_size=671
2026-06-21 20:12:22 [DEBUG] zkr_analiz.jobs: broadcast_worker emitting batch size=671
emitting event "price_update_batch" to all [/]
2026-06-21 20:12:22 [INFO] socketio.server: emitting event "price_update_batch" to all [/]
2026-06-21 20:12:28 [DEBUG] zkr_analiz.jobs: rest_price_poller updated 671 USDT symbols; buffer_size=671
2026-06-21 20:12:28 [DEBUG] zkr_analiz.jobs: broadcast_worker emitting batch size=671
emitting event "price_update_batch" to all [/]
2026-06-21 20:12:28 [INFO] socketio.server: emitting event "price_update_batch" to all [/]
2026-06-21 20:12:33 [DEBUG] zkr_analiz.jobs: rest_price_poller updated 671 USDT symbols; buffer_size=671
2026-06-21 20:12:33 [DEBUG] zkr_analiz.jobs: broadcast_worker emitting batch size=671
emitting event "price_update_batch" to all [/]
2026-06-21 20:12:33 [INFO] socketio.server: emitting event "price_update_batch" to all [/]
2026-06-21 20:12:34 [DEBUG] zkr_analiz.yahoo: No cache for THYAO.IS, triggering background fetch
2026-06-21 20:12:34 [DEBUG] zkr_analiz.yahoo: Stale ticker NVDA (306s old), bg refresh
2026-06-21 20:12:34 [ERROR] yfinance: Failed to get ticker 'NVDA' reason: Expecting value: line 1 column 1 (char 0)
2026-06-21 20:12:34 [ERROR] yfinance: Failed to get ticker 'THYAO.IS' reason: Expecting value: line 1 column 1 (char 0)
2026-06-21 20:12:34 [ERROR] yfinance: 
1 Failed download:
2026-06-21 20:12:34 [ERROR] yfinance: ['NVDA']: Exception('%ticker%: No price data found, symbol may be delisted (period=2d)')
2026-06-21 20:12:35 [ERROR] yfinance: 
2 Failed downloads:
2026-06-21 20:12:35 [ERROR] yfinance: ['NVDA', 'THYAO.IS']: Exception('%ticker%: No price data found, symbol may be delisted (period=2d)')
2026-06-21 20:12:38 [DEBUG] zkr_analiz.jobs: rest_price_poller updated 671 USDT symbols; buffer_size=671
2026-06-21 20:12:38 [DEBUG] zkr_analiz.jobs: broadcast_worker emitting batch size=671
emitting event "price_update_batch" to all [/]
2026-06-21 20:12:38 [INFO] socketio.server: emitting event "price_update_batch" to all [/]
2026-06-21 20:12:43 [DEBUG] zkr_analiz.jobs: rest_price_poller updated 671 USDT symbols; buffer_size=671
2026-06-21 20:12:44 [DEBUG] zkr_analiz.jobs: broadcast_worker emitting batch size=671
emitting event "price_update_batch" to all [/]
2026-06-21 20:12:44 [INFO] socketio.server: emitting event "price_update_batch" to all [/]
2026-06-21 20:12:49 [DEBUG] zkr_analiz.jobs: rest_price_poller updated 671 USDT symbols; buffer_size=671
2026-06-21 20:12:49 [DEBUG] zkr_analiz.jobs: broadcast_worker emitting batch size=671
emitting event "price_update_batch" to all [/]
2026-06-21 20:12:49 [INFO] socketio.server: emitting event "price_update_batch" to all [/]
2026-06-21 20:12:54 [DEBUG] zkr_analiz.jobs: rest_price_poller updated 671 USDT symbols; buffer_size=671
2026-06-21 20:12:54 [DEBUG] zkr_analiz.jobs: broadcast_worker emitting batch size=671
emitting event "price_update_batch" to all [/]
2026-06-21 20:12:54 [INFO] socketio.server: emitting event "price_update_batch" to all [/]
2026-06-21 20:12:59 [DEBUG] zkr_analiz.jobs: rest_price_poller updated 671 USDT symbols; buffer_size=671
2026-06-21 20:13:00 [DEBUG] zkr_analiz.jobs: broadcast_worker emitting batch size=671
emitting event "price_update_batch" to all [/]
2026-06-21 20:13:00 [INFO] socketio.server: emitting event "price_update_batch" to all [/]
2026-06-21 20:13:05 [DEBUG] zkr_analiz.jobs: rest_price_poller updated 671 USDT symbols; buffer_size=671
2026-06-21 20:13:05 [DEBUG] zkr_analiz.jobs: broadcast_worker emitting batch size=671
emitting event "price_update_batch" to all [/]
2026-06-21 20:13:05 [INFO] socketio.server: emitting event "price_update_batch" to all [/]
2026-06-21 20:13:10 [DEBUG] zkr_analiz.jobs: rest_price_poller updated 671 USDT symbols; buffer_size=671
2026-06-21 20:13:10 [DEBUG] zkr_analiz.jobs: broadcast_worker emitting batch size=671
emitting event "price_update_batch" to all [/]
2026-06-21 20:13:10 [INFO] socketio.server: emitting event "price_update_batch" to all [/]
2026-06-21 20:13:12 [WARNING] zkr_analiz.activity_stream: Unknown event type: rsi_extreme
2026-06-21 20:13:12 [WARNING] zkr_analiz.activity_stream: Unknown event type: rsi_extreme
2026-06-21 20:13:12 [WARNING] zkr_analiz.activity_stream: Unknown event type: breakout
2026-06-21 20:13:12 [WARNING] zkr_analiz.activity_stream: Unknown event type: rsi_extreme
2026-06-21 20:13:12 [DEBUG] zkr_analiz.activity_stream: Duplicate event skipped: news_impact AMD news_impact_engine
2026-06-21 20:13:12 [DEBUG] zkr_analiz.activity_stream: Duplicate event skipped: news_impact GOOGL news_impact_engine
2026-06-21 20:13:12 [DEBUG] zkr_analiz.activity_stream: Duplicate event skipped: news_impact GS news_impact_engine
2026-06-21 20:13:12 [DEBUG] zkr_analiz.activity_stream: Duplicate event skipped: news_impact AMD news_impact_engine
2026-06-21 20:13:12 [DEBUG] zkr_analiz.activity_stream: Duplicate event skipped: news_impact BTC news_impact_engine
2026-06-21 20:13:12 [DEBUG] zkr_analiz.activity_stream: Duplicate event skipped: news_impact COIN news_impact_engine
2026-06-21 20:13:12 [DEBUG] zkr_analiz.activity_stream: Duplicate event skipped: strategy_activity BTCUSDT strategy_live_engine
2026-06-21 20:13:12 [DEBUG] zkr_analiz.activity_stream: Duplicate event skipped: strategy_activity BTCUSDT strategy_live_engine
2026-06-21 20:13:12 [DEBUG] zkr_analiz.activity_stream: Duplicate event skipped: strategy_activity BTCUSDT strategy_live_engine
2026-06-21 20:13:12 [DEBUG] zkr_analiz.activity_stream: Duplicate event skipped: strategy_activity BTCUSDT strategy_live_engine
2026-06-21 20:13:16 [DEBUG] zkr_analiz.jobs: rest_price_poller updated 671 USDT symbols; buffer_size=671
2026-06-21 20:13:16 [DEBUG] zkr_analiz.jobs: broadcast_worker emitting batch size=671
emitting event "price_update_batch" to all [/]
2026-06-21 20:13:16 [INFO] socketio.server: emitting event "price_update_batch" to all [/]
2026-06-21 20:13:21 [DEBUG] zkr_analiz.jobs: rest_price_poller updated 671 USDT symbols; buffer_size=671
2026-06-21 20:13:21 [DEBUG] zkr_analiz.jobs: broadcast_worker emitting batch size=671
emitting event "price_update_batch" to all [/]
2026-06-21 20:13:21 [INFO] socketio.server: emitting event "price_update_batch" to all [/]
2026-06-21 20:13:26 [DEBUG] zkr_analiz.jobs: rest_price_poller updated 671 USDT symbols; buffer_size=671
2026-06-21 20:13:26 [DEBUG] zkr_analiz.jobs: broadcast_worker emitting batch size=671
emitting event "price_update_batch" to all [/]
2026-06-21 20:13:26 [INFO] socketio.server: emitting event "price_update_batch" to all [/]
2026-06-21 20:13:32 [DEBUG] zkr_analiz.jobs: rest_price_poller updated 671 USDT symbols; buffer_size=671
2026-06-21 20:13:32 [DEBUG] zkr_analiz.jobs: broadcast_worker emitting batch size=671
emitting event "price_update_batch" to all [/]
2026-06-21 20:13:32 [INFO] socketio.server: emitting event "price_update_batch" to all [/]
2026-06-21 20:13:34 [DEBUG] zkr_analiz.yahoo: No cache for XU100.IS, triggering background fetch
2026-06-21 20:13:34 [DEBUG] zkr_analiz.yahoo: No cache for AAPL, triggering background fetch
2026-06-21 20:13:34 [ERROR] yfinance: Failed to get ticker 'XU100.IS' reason: Expecting value: line 1 column 1 (char 0)
2026-06-21 20:13:34 [ERROR] yfinance: Failed to get ticker 'AAPL' reason: Expecting value: line 1 column 1 (char 0)
2026-06-21 20:13:35 [ERROR] yfinance: 
1 Failed download:
2026-06-21 20:13:35 [ERROR] yfinance: ['XU100.IS']: Exception('%ticker%: No price data found, symbol may be delisted (period=2d)')
2026-06-21 20:13:35 [ERROR] yfinance: 
2 Failed downloads:
2026-06-21 20:13:35 [ERROR] yfinance: ['XU100.IS', 'AAPL']: Exception('%ticker%: No price data found, symbol may be delisted (period=2d)')
2026-06-21 20:13:37 [DEBUG] zkr_analiz.jobs: rest_price_poller updated 671 USDT symbols; buffer_size=671
2026-06-21 20:13:38 [DEBUG] zkr_analiz.jobs: broadcast_worker emitting batch size=671
emitting event "price_update_batch" to all [/]
2026-06-21 20:13:38 [INFO] socketio.server: emitting event "price_update_batch" to all [/]
2026-06-21 20:13:39 [INFO] zkr_analiz.yahoo: Stale cache for stocks, triggering background refresh
2026-06-21 20:13:39 [INFO] zkr_analiz.yahoo: Single-call download for 8 symbols...
2026-06-21 20:13:39 [INFO] zkr_analiz.yahoo: Cold start: fetching 5 forex symbols...
2026-06-21 20:13:39 [INFO] zkr_analiz.yahoo: Single-call download for 5 symbols...
2026-06-21 20:13:40 [ERROR] yfinance: Failed to get ticker 'AMZN' reason: Expecting value: line 1 column 1 (char 0)
2026-06-21 20:13:40 [ERROR] yfinance: Failed to get ticker 'EURUSD=X' reason: Expecting value: line 1 column 1 (char 0)
2026-06-21 20:13:40 [ERROR] yfinance: Failed to get ticker 'EURTRY=X' reason: Expecting value: line 1 column 1 (char 0)
2026-06-21 20:13:40 [ERROR] yfinance: Failed to get ticker 'JPM' reason: Expecting value: line 1 column 1 (char 0)
2026-06-21 20:13:40 [ERROR] yfinance: Failed to get ticker 'USDTRY=X' reason: Expecting value: line 1 column 1 (char 0)
2026-06-21 20:13:40 [ERROR] yfinance: Failed to get ticker 'GBPUSD=X' reason: Expecting value: line 1 column 1 (char 0)
2026-06-21 20:13:40 [ERROR] yfinance: Failed to get ticker 'MSFT' reason: Expecting value: line 1 column 1 (char 0)
2026-06-21 20:13:40 [ERROR] yfinance: Failed to get ticker 'NVDA' reason: Expecting value: line 1 column 1 (char 0)
2026-06-21 20:13:40 [ERROR] yfinance: Failed to get ticker 'TSLA' reason: Expecting value: line 1 column 1 (char 0)
2026-06-21 20:13:40 [ERROR] yfinance: Failed to get ticker 'META' reason: Expecting value: line 1 column 1 (char 0)
2026-06-21 20:13:40 [ERROR] yfinance: Failed to get ticker 'USDJPY=X' reason: Expecting value: line 1 column 1 (char 0)
2026-06-21 20:13:40 [ERROR] yfinance: Failed to get ticker 'GOOGL' reason: Expecting value: line 1 column 1 (char 0)
2026-06-21 20:13:40 [ERROR] yfinance: 
6 Failed downloads:
2026-06-21 20:13:40 [ERROR] yfinance: ['AAPL']: IndexError('tuple index out of range')
2026-06-21 20:13:40 [ERROR] yfinance: ['NVDA', 'EURUSD=X', 'JPM', 'AMZN', 'MSFT']: Exception('%ticker%: No price data found, symbol may be delisted (period=2d)')
2026-06-21 20:13:40 [INFO] zkr_analiz.yahoo: Single-call got 0/5 prices
2026-06-21 20:13:40 [INFO] zkr_analiz.yahoo: Batch cache updated for forex: 0/5 symbols have prices (0.0%)
2026-06-21 20:13:40 [INFO] zkr_analiz.opportunity_engine: Opportunity scan complete: 4 opportunities found
2026-06-21 20:13:40 [ERROR] yfinance: 
8 Failed downloads:
2026-06-21 20:13:40 [ERROR] yfinance: ['AAPL']: IndexError('tuple index out of range')
2026-06-21 20:13:40 [ERROR] yfinance: ['NVDA', 'EURUSD=X', 'JPM', 'AMZN', 'MSFT', 'EURTRY=X', 'GBPUSD=X']: Exception('%ticker%: No price data found, symbol may be delisted (period=2d)')
2026-06-21 20:13:40 [INFO] zkr_analiz.yahoo: Single-call got 0/8 prices
2026-06-21 20:13:40 [INFO] zkr_analiz.yahoo: Batch download got 0/8 stocks, trying CoinGecko fallback...
2026-06-21 20:13:41 [INFO] zkr_analiz.yahoo: Batch cache updated for stocks: 4/8 symbols have prices (50.0%)
2026-06-21 20:13:43 [DEBUG] zkr_analiz.jobs: rest_price_poller updated 671 USDT symbols; buffer_size=671
2026-06-21 20:13:43 [DEBUG] zkr_analiz.jobs: broadcast_worker emitting batch size=671
emitting event "price_update_batch" to all [/]
2026-06-21 20:13:43 [INFO] socketio.server: emitting event "price_update_batch" to all [/]
2026-06-21 20:13:48 [DEBUG] zkr_analiz.jobs: rest_price_poller updated 671 USDT symbols; buffer_size=671
2026-06-21 20:13:48 [DEBUG] zkr_analiz.jobs: broadcast_worker emitting batch size=671
emitting event "price_update_batch" to all [/]
2026-06-21 20:13:48 [INFO] socketio.server: emitting event "price_update_batch" to all [/]
2026-06-21 20:13:53 [DEBUG] zkr_analiz.jobs: rest_price_poller updated 671 USDT symbols; buffer_size=671
2026-06-21 20:13:53 [DEBUG] zkr_analiz.jobs: broadcast_worker emitting batch size=671
emitting event "price_update_batch" to all [/]
2026-06-21 20:13:53 [INFO] socketio.server: emitting event "price_update_batch" to all [/]
2026-06-21 20:13:59 [DEBUG] zkr_analiz.jobs: rest_price_poller updated 671 USDT symbols; buffer_size=671
2026-06-21 20:13:59 [DEBUG] zkr_analiz.jobs: broadcast_worker emitting batch size=671
emitting event "price_update_batch" to all [/]
2026-06-21 20:13:59 [INFO] socketio.server: emitting event "price_update_batch" to all [/]
2026-06-21 20:14:04 [DEBUG] zkr_analiz.jobs: rest_price_poller updated 671 USDT symbols; buffer_size=671
2026-06-21 20:14:05 [DEBUG] zkr_analiz.jobs: broadcast_worker emitting batch size=671
emitting event "price_update_batch" to all [/]
2026-06-21 20:14:05 [INFO] socketio.server: emitting event "price_update_batch" to all [/]
2026-06-21 20:14:10 [DEBUG] zkr_analiz.jobs: rest_price_poller updated 671 USDT symbols; buffer_size=671
2026-06-21 20:14:10 [DEBUG] zkr_analiz.jobs: broadcast_worker emitting batch size=671
emitting event "price_update_batch" to all [/]
2026-06-21 20:14:10 [INFO] socketio.server: emitting event "price_update_batch" to all [/]
2026-06-21 20:14:12 [WARNING] zkr_analiz.activity_stream: Unknown event type: rsi_extreme
2026-06-21 20:14:12 [WARNING] zkr_analiz.activity_stream: Unknown event type: rsi_extreme
2026-06-21 20:14:12 [WARNING] zkr_analiz.activity_stream: Unknown event type: breakout
2026-06-21 20:14:12 [WARNING] zkr_analiz.activity_stream: Unknown event type: rsi_extreme
2026-06-21 20:14:12 [DEBUG] zkr_analiz.activity_stream: Duplicate event skipped: news_impact AMD news_impact_engine
2026-06-21 20:14:12 [DEBUG] zkr_analiz.activity_stream: Duplicate event skipped: news_impact GOOGL news_impact_engine
2026-06-21 20:14:12 [DEBUG] zkr_analiz.activity_stream: Duplicate event skipped: news_impact GS news_impact_engine
2026-06-21 20:14:12 [DEBUG] zkr_analiz.activity_stream: Duplicate event skipped: news_impact AMD news_impact_engine
2026-06-21 20:14:12 [DEBUG] zkr_analiz.activity_stream: Duplicate event skipped: news_impact BTC news_impact_engine
2026-06-21 20:14:12 [DEBUG] zkr_analiz.activity_stream: Duplicate event skipped: news_impact COIN news_impact_engine
2026-06-21 20:14:12 [DEBUG] zkr_analiz.activity_stream: Duplicate event skipped: strategy_activity BTCUSDT strategy_live_engine
2026-06-21 20:14:12 [DEBUG] zkr_analiz.activity_stream: Duplicate event skipped: strategy_activity BTCUSDT strategy_live_engine
2026-06-21 20:14:12 [DEBUG] zkr_analiz.activity_stream: Duplicate event skipped: strategy_activity BTCUSDT strategy_live_engine
2026-06-21 20:14:12 [DEBUG] zkr_analiz.activity_stream: Duplicate event skipped: strategy_activity BTCUSDT strategy_live_engine
2026-06-21 20:14:15 [DEBUG] zkr_analiz.jobs: rest_price_poller updated 671 USDT symbols; buffer_size=671
2026-06-21 20:14:15 [DEBUG] zkr_analiz.jobs: broadcast_worker emitting batch size=671
emitting event "price_update_batch" to all [/]
2026-06-21 20:14:15 [INFO] socketio.server: emitting event "price_update_batch" to all [/]
2026-06-21 20:14:20 [DEBUG] zkr_analiz.jobs: rest_price_poller updated 671 USDT symbols; buffer_size=671
2026-06-21 20:14:21 [DEBUG] zkr_analiz.jobs: broadcast_worker emitting batch size=671
emitting event "price_update_batch" to all [/]
2026-06-21 20:14:21 [INFO] socketio.server: emitting event "price_update_batch" to all [/]
2026-06-21 20:14:26 [DEBUG] zkr_analiz.jobs: rest_price_poller updated 671 USDT symbols; buffer_size=671
2026-06-21 20:14:26 [DEBUG] zkr_analiz.monolith: ws/market client disconnected: Connection closed: 1001 
2026-06-21 20:14:26 [DEBUG] zkr_analiz.monolith: ws/activity client disconnected: Connection closed: 1001 
2026-06-21 20:14:26 [DEBUG] zkr_analiz.yahoo: No cache for GC=F, triggering background fetch
2026-06-21 20:14:26 [INFO] zkr_analiz.monolith: ws/market client connected
2026-06-21 20:14:26 [INFO] zkr_analiz.monolith: ws/activity client connected
2026-06-21 20:14:26 [DEBUG] zkr_analiz.activity_stream: Activity WS listener registered (total: 1)
2026-06-21 20:14:26 [ERROR] yfinance: Failed to get ticker 'GC=F' reason: Expecting value: line 1 column 1 (char 0)
2026-06-21 20:14:26 [ERROR] yfinance: 
1 Failed download:
2026-06-21 20:14:26 [ERROR] yfinance: ['GC=F']: Exception('%ticker%: No price data found, symbol may be delisted (period=2d)')
2026-06-21 20:14:26 [DEBUG] zkr_analiz.yahoo: No cache for SPY, triggering background fetch
2026-06-21 20:14:26 [DEBUG] zkr_analiz.jobs: broadcast_worker emitting batch size=671
emitting event "price_update_batch" to all [/]
2026-06-21 20:14:26 [INFO] socketio.server: emitting event "price_update_batch" to all [/]
2026-06-21 20:14:26 [ERROR] yfinance: Failed to get ticker 'SPY' reason: Expecting value: line 1 column 1 (char 0)
2026-06-21 20:14:27 [ERROR] yfinance: 
1 Failed download:
2026-06-21 20:14:27 [ERROR] yfinance: ['SPY']: Exception('%ticker%: No price data found, symbol may be delisted (period=2d)')
2026-06-21 20:14:27 [WARNING] zkr_analiz.news: RSS parse error for CryptoPanic: mismatched tag: line 90, column 2
2026-06-21 20:14:27 [DEBUG] zkr_analiz.yahoo: No cache for DX=F, triggering background fetch
2026-06-21 20:14:27 [ERROR] yfinance: Failed to get ticker 'DX=F' reason: Expecting value: line 1 column 1 (char 0)
2026-06-21 20:14:27 [ERROR] yfinance: 
1 Failed download:
2026-06-21 20:14:27 [ERROR] yfinance: ['DX=F']: Exception('%ticker%: No price data found, symbol may be delisted (period=2d)')
2026-06-21 20:14:27 [WARNING] zkr_analiz.news: RSS parse error for CryptoPanic: mismatched tag: line 90, column 2
2026-06-21 20:14:31 [DEBUG] zkr_analiz.jobs: rest_price_poller updated 671 USDT symbols; buffer_size=671
2026-06-21 20:14:31 [DEBUG] zkr_analiz.jobs: broadcast_worker emitting batch size=671
emitting event "price_update_batch" to all [/]
2026-06-21 20:14:31 [INFO] socketio.server: emitting event "price_update_batch" to all [/]
2026-06-21 20:14:36 [DEBUG] zkr_analiz.jobs: rest_price_poller updated 671 USDT symbols; buffer_size=671
2026-06-21 20:14:37 [DEBUG] zkr_analiz.jobs: broadcast_worker emitting batch size=671
emitting event "price_update_batch" to all [/]
2026-06-21 20:14:37 [INFO] socketio.server: emitting event "price_update_batch" to all [/]
2026-06-21 20:14:42 [DEBUG] zkr_analiz.jobs: rest_price_poller updated 671 USDT symbols; buffer_size=671
2026-06-21 20:14:42 [DEBUG] zkr_analiz.jobs: broadcast_worker emitting batch size=671
emitting event "price_update_batch" to all [/]
2026-06-21 20:14:42 [INFO] socketio.server: emitting event "price_update_batch" to all [/]
2026-06-21 20:14:47 [DEBUG] zkr_analiz.jobs: rest_price_poller updated 671 USDT symbols; buffer_size=671
2026-06-21 20:14:47 [DEBUG] zkr_analiz.jobs: broadcast_worker emitting batch size=671
emitting event "price_update_batch" to all [/]
2026-06-21 20:14:47 [INFO] socketio.server: emitting event "price_update_batch" to all [/]
2026-06-21 20:14:52 [DEBUG] zkr_analiz.jobs: rest_price_poller updated 671 USDT symbols; buffer_size=671
2026-06-21 20:14:53 [DEBUG] zkr_analiz.jobs: broadcast_worker emitting batch size=671
emitting event "price_update_batch" to all [/]
2026-06-21 20:14:53 [INFO] socketio.server: emitting event "price_update_batch" to all [/]
2026-06-21 20:14:58 [DEBUG] zkr_analiz.jobs: rest_price_poller updated 671 USDT symbols; buffer_size=671
2026-06-21 20:14:58 [DEBUG] zkr_analiz.jobs: broadcast_worker emitting batch size=671
emitting event "price_update_batch" to all [/]
2026-06-21 20:14:58 [INFO] socketio.server: emitting event "price_update_batch" to all [/]
2026-06-21 20:15:03 [DEBUG] zkr_analiz.jobs: rest_price_poller updated 671 USDT symbols; buffer_size=671
2026-06-21 20:15:03 [DEBUG] zkr_analiz.jobs: broadcast_worker emitting batch size=671
emitting event "price_update_batch" to all [/]
2026-06-21 20:15:03 [INFO] socketio.server: emitting event "price_update_batch" to all [/]
2026-06-21 20:15:09 [DEBUG] zkr_analiz.jobs: rest_price_poller updated 671 USDT symbols; buffer_size=671
2026-06-21 20:15:09 [DEBUG] zkr_analiz.jobs: broadcast_worker emitting batch size=671
emitting event "price_update_batch" to all [/]
2026-06-21 20:15:09 [INFO] socketio.server: emitting event "price_update_batch" to all [/]
2026-06-21 20:15:12 [WARNING] zkr_analiz.activity_stream: Unknown event type: rsi_extreme
2026-06-21 20:15:12 [WARNING] zkr_analiz.activity_stream: Unknown event type: rsi_extreme
2026-06-21 20:15:12 [WARNING] zkr_analiz.activity_stream: Unknown event type: breakout
2026-06-21 20:15:12 [WARNING] zkr_analiz.activity_stream: Unknown event type: rsi_extreme
2026-06-21 20:15:12 [DEBUG] zkr_analiz.activity_stream: Duplicate event skipped: news_impact AMD news_impact_engine
2026-06-21 20:15:12 [DEBUG] zkr_analiz.activity_stream: Duplicate event skipped: news_impact GOOGL news_impact_engine
2026-06-21 20:15:12 [DEBUG] zkr_analiz.activity_stream: Duplicate event skipped: news_impact GS news_impact_engine
2026-06-21 20:15:12 [DEBUG] zkr_analiz.activity_stream: Duplicate event skipped: news_impact AMD news_impact_engine
2026-06-21 20:15:12 [DEBUG] zkr_analiz.activity_stream: Duplicate event skipped: news_impact BTC news_impact_engine
2026-06-21 20:15:12 [DEBUG] zkr_analiz.activity_stream: Duplicate event skipped: news_impact COIN news_impact_engine
2026-06-21 20:15:12 [DEBUG] zkr_analiz.activity_stream: Duplicate event skipped: strategy_activity BTCUSDT strategy_live_engine
2026-06-21 20:15:12 [DEBUG] zkr_analiz.activity_stream: Duplicate event skipped: strategy_activity BTCUSDT strategy_live_engine
2026-06-21 20:15:12 [DEBUG] zkr_analiz.activity_stream: Duplicate event skipped: strategy_activity BTCUSDT strategy_live_engine
2026-06-21 20:15:12 [DEBUG] zkr_analiz.activity_stream: Duplicate event skipped: strategy_activity BTCUSDT strategy_live_engine
2026-06-21 20:15:14 [DEBUG] zkr_analiz.jobs: rest_price_poller updated 671 USDT symbols; buffer_size=671
2026-06-21 20:15:14 [DEBUG] zkr_analiz.jobs: broadcast_worker emitting batch size=671
emitting event "price_update_batch" to all [/]
2026-06-21 20:15:14 [INFO] socketio.server: emitting event "price_update_batch" to all [/]
2026-06-21 20:15:19 [DEBUG] zkr_analiz.jobs: rest_price_poller updated 671 USDT symbols; buffer_size=671
2026-06-21 20:15:19 [DEBUG] zkr_analiz.jobs: broadcast_worker emitting batch size=671
emitting event "price_update_batch" to all [/]
2026-06-21 20:15:19 [INFO] socketio.server: emitting event "price_update_batch" to all [/]
2026-06-21 20:15:25 [DEBUG] zkr_analiz.jobs: rest_price_poller updated 671 USDT symbols; buffer_size=671
2026-06-21 20:15:25 [DEBUG] zkr_analiz.jobs: broadcast_worker emitting batch size=671
emitting event "price_update_batch" to all [/]
2026-06-21 20:15:25 [INFO] socketio.server: emitting event "price_update_batch" to all [/]
2026-06-21 20:15:26 [DEBUG] zkr_analiz.yahoo: No cache for THYAO.IS, triggering background fetch
2026-06-21 20:15:26 [ERROR] yfinance: Failed to get ticker 'THYAO.IS' reason: Expecting value: line 1 column 1 (char 0)
2026-06-21 20:15:26 [ERROR] yfinance: 
1 Failed download:
2026-06-21 20:15:26 [ERROR] yfinance: ['THYAO.IS']: Exception('%ticker%: No price data found, symbol may be delisted (period=2d)')
2026-06-21 20:15:30 [DEBUG] zkr_analiz.jobs: rest_price_poller updated 671 USDT symbols; buffer_size=671
2026-06-21 20:15:30 [DEBUG] zkr_analiz.jobs: broadcast_worker emitting batch size=671
emitting event "price_update_batch" to all [/]
2026-06-21 20:15:30 [INFO] socketio.server: emitting event "price_update_batch" to all [/]
2026-06-21 20:15:35 [DEBUG] zkr_analiz.jobs: rest_price_poller updated 671 USDT symbols; buffer_size=671
2026-06-21 20:15:36 [DEBUG] zkr_analiz.jobs: broadcast_worker emitting batch size=671
emitting event "price_update_batch" to all [/]
2026-06-21 20:15:36 [INFO] socketio.server: emitting event "price_update_batch" to all [/]
2026-06-21 20:15:41 [DEBUG] zkr_analiz.jobs: rest_price_poller updated 671 USDT symbols; buffer_size=671
2026-06-21 20:15:41 [DEBUG] zkr_analiz.jobs: broadcast_worker emitting batch size=671
emitting event "price_update_batch" to all [/]
2026-06-21 20:15:41 [INFO] socketio.server: emitting event "price_update_batch" to all [/]
2026-06-21 20:15:43 [INFO] zkr_analiz.yahoo: Cold start: fetching 5 forex symbols...
2026-06-21 20:15:43 [INFO] zkr_analiz.yahoo: Single-call download for 5 symbols...
2026-06-21 20:15:44 [ERROR] yfinance: Failed to get ticker 'EURUSD=X' reason: Expecting value: line 1 column 1 (char 0)
2026-06-21 20:15:44 [ERROR] yfinance: Failed to get ticker 'EURTRY=X' reason: Expecting value: line 1 column 1 (char 0)
2026-06-21 20:15:44 [ERROR] yfinance: Failed to get ticker 'USDTRY=X' reason: Expecting value: line 1 column 1 (char 0)
2026-06-21 20:15:44 [ERROR] yfinance: Failed to get ticker 'GBPUSD=X' reason: Expecting value: line 1 column 1 (char 0)
2026-06-21 20:15:44 [ERROR] yfinance: Failed to get ticker 'USDJPY=X' reason: Expecting value: line 1 column 1 (char 0)
2026-06-21 20:15:44 [ERROR] yfinance: 
5 Failed downloads:
2026-06-21 20:15:44 [ERROR] yfinance: ['EURUSD=X', 'EURTRY=X', 'GBPUSD=X', 'USDTRY=X', 'USDJPY=X']: Exception('%ticker%: No price data found, symbol may be delisted (period=2d)')
2026-06-21 20:15:44 [INFO] zkr_analiz.yahoo: Single-call got 0/5 prices
2026-06-21 20:15:44 [INFO] zkr_analiz.yahoo: Batch cache updated for forex: 0/5 symbols have prices (0.0%)
2026-06-21 20:15:44 [INFO] zkr_analiz.opportunity_engine: Opportunity scan complete: 4 opportunities found
2026-06-21 20:15:46 [DEBUG] zkr_analiz.jobs: rest_price_poller updated 671 USDT symbols; buffer_size=671
2026-06-21 20:15:46 [DEBUG] zkr_analiz.jobs: broadcast_worker emitting batch size=671
emitting event "price_update_batch" to all [/]
2026-06-21 20:15:46 [INFO] socketio.server: emitting event "price_update_batch" to all [/]
2026-06-21 20:15:52 [DEBUG] zkr_analiz.jobs: rest_price_poller updated 671 USDT symbols; buffer_size=671
2026-06-21 20:15:52 [DEBUG] zkr_analiz.jobs: broadcast_worker emitting batch size=671
emitting event "price_update_batch" to all [/]
2026-06-21 20:15:52 [INFO] socketio.server: emitting event "price_update_batch" to all [/]
2026-06-21 20:15:55 [DEBUG] zkr_analiz.monolith: ws/market client disconnected: Connection closed: 1001 
2026-06-21 20:15:55 [DEBUG] zkr_analiz.monolith: ws/activity client disconnected: Connection closed: 1001 
2026-06-21 20:15:55 [DEBUG] zkr_analiz.yahoo: No cache for XU100.IS, triggering background fetch
2026-06-21 20:15:55 [DEBUG] zkr_analiz.yahoo: No cache for AAPL, triggering background fetch
2026-06-21 20:15:55 [INFO] zkr_analiz.monolith: ws/market client connected
2026-06-21 20:15:55 [INFO] zkr_analiz.monolith: ws/activity client connected
2026-06-21 20:15:55 [DEBUG] zkr_analiz.activity_stream: Activity WS listener registered (total: 1)
2026-06-21 20:15:56 [ERROR] yfinance: Failed to get ticker 'AAPL' reason: Expecting value: line 1 column 1 (char 0)
2026-06-21 20:15:56 [ERROR] yfinance: Failed to get ticker 'XU100.IS' reason: Expecting value: line 1 column 1 (char 0)
2026-06-21 20:15:56 [ERROR] yfinance: 
2 Failed downloads:
2026-06-21 20:15:56 [ERROR] yfinance: ['XU100.IS', 'AAPL']: Exception('%ticker%: No price data found, symbol may be delisted (period=2d)')
2026-06-21 20:15:56 [ERROR] yfinance: 
2 Failed downloads:
2026-06-21 20:15:56 [ERROR] yfinance: ['XU100.IS', 'AAPL']: Exception('%ticker%: No price data found, symbol may be delisted (period=2d)')
2026-06-21 20:15:58 [DEBUG] zkr_analiz.jobs: rest_price_poller updated 671 USDT symbols; buffer_size=671
2026-06-21 20:15:58 [DEBUG] zkr_analiz.jobs: broadcast_worker emitting batch size=671
emitting event "price_update_batch" to all [/]
2026-06-21 20:15:58 [INFO] socketio.server: emitting event "price_update_batch" to all [/]
2026-06-21 20:16:03 [DEBUG] zkr_analiz.jobs: rest_price_poller updated 671 USDT symbols; buffer_size=671
2026-06-21 20:16:03 [DEBUG] zkr_analiz.jobs: broadcast_worker emitting batch size=671
emitting event "price_update_batch" to all [/]
2026-06-21 20:16:03 [INFO] socketio.server: emitting event "price_update_batch" to all [/]
2026-06-21 20:16:09 [DEBUG] zkr_analiz.jobs: rest_price_poller updated 671 USDT symbols; buffer_size=671
2026-06-21 20:16:09 [DEBUG] zkr_analiz.jobs: broadcast_worker emitting batch size=671
emitting event "price_update_batch" to all [/]
2026-06-21 20:16:09 [INFO] socketio.server: emitting event "price_update_batch" to all [/]
2026-06-21 20:16:12 [WARNING] zkr_analiz.activity_stream: Unknown event type: rsi_extreme
2026-06-21 20:16:12 [WARNING] zkr_analiz.activity_stream: Unknown event type: rsi_extreme
2026-06-21 20:16:12 [WARNING] zkr_analiz.activity_stream: Unknown event type: breakout
2026-06-21 20:16:12 [WARNING] zkr_analiz.activity_stream: Unknown event type: rsi_extreme
2026-06-21 20:16:12 [DEBUG] zkr_analiz.activity_stream: Duplicate event skipped: news_impact AMD news_impact_engine
2026-06-21 20:16:12 [DEBUG] zkr_analiz.activity_stream: Duplicate event skipped: news_impact GOOGL news_impact_engine
2026-06-21 20:16:12 [DEBUG] zkr_analiz.activity_stream: Duplicate event skipped: news_impact GS news_impact_engine
2026-06-21 20:16:12 [DEBUG] zkr_analiz.activity_stream: Duplicate event skipped: news_impact AMD news_impact_engine
2026-06-21 20:16:12 [DEBUG] zkr_analiz.activity_stream: Duplicate event skipped: news_impact BTC news_impact_engine
2026-06-21 20:16:12 [DEBUG] zkr_analiz.activity_stream: Duplicate event skipped: news_impact COIN news_impact_engine
2026-06-21 20:16:12 [DEBUG] zkr_analiz.activity_stream: Duplicate event skipped: strategy_activity BTCUSDT strategy_live_engine
2026-06-21 20:16:12 [DEBUG] zkr_analiz.activity_stream: Duplicate event skipped: strategy_activity BTCUSDT strategy_live_engine
2026-06-21 20:16:12 [DEBUG] zkr_analiz.activity_stream: Duplicate event skipped: strategy_activity BTCUSDT strategy_live_engine
2026-06-21 20:16:12 [DEBUG] zkr_analiz.activity_stream: Duplicate event skipped: strategy_activity BTCUSDT strategy_live_engine
2026-06-21 20:16:14 [DEBUG] zkr_analiz.jobs: rest_price_poller updated 671 USDT symbols; buffer_size=671
2026-06-21 20:16:14 [DEBUG] zkr_analiz.jobs: broadcast_worker emitting batch size=671
emitting event "price_update_batch" to all [/]
2026-06-21 20:16:14 [INFO] socketio.server: emitting event "price_update_batch" to all [/]
2026-06-21 20:16:16 [INFO] zkr_analiz.monolith: ws/market client connected
2026-06-21 20:16:16 [INFO] zkr_analiz.monolith: ws/activity client connected
2026-06-21 20:16:16 [DEBUG] zkr_analiz.activity_stream: Activity WS listener registered (total: 2)
2026-06-21 20:16:19 [DEBUG] zkr_analiz.jobs: rest_price_poller updated 671 USDT symbols; buffer_size=671
2026-06-21 20:16:19 [DEBUG] zkr_analiz.jobs: broadcast_worker emitting batch size=671
emitting event "price_update_batch" to all [/]
2026-06-21 20:16:19 [INFO] socketio.server: emitting event "price_update_batch" to all [/]
2026-06-21 20:16:20 [DEBUG] zkr_analiz.monolith: ws/market client disconnected: Connection closed: 1001 
2026-06-21 20:16:20 [DEBUG] zkr_analiz.monolith: ws/activity client disconnected: Connection closed: 1001 
2026-06-21 20:16:20 [INFO] zkr_analiz.monolith: ws/market client connected
2026-06-21 20:16:20 [INFO] zkr_analiz.monolith: ws/activity client connected
2026-06-21 20:16:20 [DEBUG] zkr_analiz.activity_stream: Activity WS listener registered (total: 2)
2026-06-21 20:16:21 [DEBUG] zkr_analiz.monolith: ws/market client disconnected: Connection closed: 1001 
2026-06-21 20:16:21 [DEBUG] zkr_analiz.monolith: ws/activity client disconnected: Connection closed: 1001 
2026-06-21 20:16:21 [INFO] zkr_analiz.monolith: ws/market client connected
2026-06-21 20:16:21 [INFO] zkr_analiz.monolith: ws/activity client connected
2026-06-21 20:16:21 [DEBUG] zkr_analiz.activity_stream: Activity WS listener registered (total: 2)
2026-06-21 20:16:23 [DEBUG] zkr_analiz.monolith: ws/activity client disconnected: Connection closed: 1001 
2026-06-21 20:16:23 [DEBUG] zkr_analiz.monolith: ws/market client disconnected: Connection closed: 1001 
2026-06-21 20:16:23 [INFO] zkr_analiz.monolith: ws/market client connected
2026-06-21 20:16:23 [INFO] zkr_analiz.monolith: ws/activity client connected
2026-06-21 20:16:23 [DEBUG] zkr_analiz.activity_stream: Activity WS listener registered (total: 2)
2026-06-21 20:16:25 [DEBUG] zkr_analiz.jobs: rest_price_poller updated 671 USDT symbols; buffer_size=671
2026-06-21 20:16:25 [DEBUG] zkr_analiz.jobs: broadcast_worker emitting batch size=671
emitting event "price_update_batch" to all [/]
2026-06-21 20:16:25 [INFO] socketio.server: emitting event "price_update_batch" to all [/]
2026-06-21 20:16:28 [DEBUG] zkr_analiz.monolith: ws/market client disconnected: Connection closed: 1001 
2026-06-21 20:16:28 [DEBUG] zkr_analiz.monolith: ws/activity client disconnected: Connection closed: 1001 
2026-06-21 20:16:28 [DEBUG] zkr_analiz.yahoo: No cache for GC=F, triggering background fetch
2026-06-21 20:16:28 [INFO] zkr_analiz.monolith: ws/market client connected
2026-06-21 20:16:28 [INFO] zkr_analiz.monolith: ws/activity client connected
2026-06-21 20:16:28 [DEBUG] zkr_analiz.activity_stream: Activity WS listener registered (total: 2)
2026-06-21 20:16:28 [ERROR] yfinance: Failed to get ticker 'GC=F' reason: Expecting value: line 1 column 1 (char 0)
2026-06-21 20:16:28 [ERROR] yfinance: 
1 Failed download:
2026-06-21 20:16:28 [ERROR] yfinance: ['GC=F']: Exception('%ticker%: No price data found, symbol may be delisted (period=2d)')
2026-06-21 20:16:28 [DEBUG] zkr_analiz.yahoo: No cache for SPY, triggering background fetch
2026-06-21 20:16:28 [ERROR] yfinance: Failed to get ticker 'SPY' reason: Expecting value: line 1 column 1 (char 0)
2026-06-21 20:16:28 [ERROR] yfinance: 
1 Failed download:
2026-06-21 20:16:28 [ERROR] yfinance: ['SPY']: Exception('%ticker%: No price data found, symbol may be delisted (period=2d)')
2026-06-21 20:16:28 [DEBUG] zkr_analiz.yahoo: No cache for DX=F, triggering background fetch
2026-06-21 20:16:28 [ERROR] yfinance: Failed to get ticker 'DX=F' reason: Expecting value: line 1 column 1 (char 0)
2026-06-21 20:16:29 [ERROR] yfinance: 
1 Failed download:
2026-06-21 20:16:29 [ERROR] yfinance: ['DX=F']: Exception('%ticker%: No price data found, symbol may be delisted (period=2d)')
2026-06-21 20:16:30 [DEBUG] zkr_analiz.jobs: rest_price_poller updated 671 USDT symbols; buffer_size=671
2026-06-21 20:16:30 [DEBUG] zkr_analiz.jobs: broadcast_worker emitting batch size=671
emitting event "price_update_batch" to all [/]
2026-06-21 20:16:30 [INFO] socketio.server: emitting event "price_update_batch" to all [/]
2026-06-21 20:16:35 [DEBUG] zkr_analiz.jobs: rest_price_poller updated 671 USDT symbols; buffer_size=671
2026-06-21 20:16:35 [DEBUG] zkr_analiz.jobs: broadcast_worker emitting batch size=671
emitting event "price_update_batch" to all [/]
2026-06-21 20:16:35 [INFO] socketio.server: emitting event "price_update_batch" to all [/]
2026-06-21 20:16:40 [DEBUG] zkr_analiz.jobs: rest_price_poller updated 671 USDT symbols; buffer_size=671
2026-06-21 20:16:41 [DEBUG] zkr_analiz.jobs: broadcast_worker emitting batch size=671
emitting event "price_update_batch" to all [/]
2026-06-21 20:16:41 [INFO] socketio.server: emitting event "price_update_batch" to all [/]
2026-06-21 20:16:46 [DEBUG] zkr_analiz.jobs: rest_price_poller updated 671 USDT symbols; buffer_size=671
2026-06-21 20:16:46 [DEBUG] zkr_analiz.jobs: broadcast_worker emitting batch size=671
emitting event "price_update_batch" to all [/]
2026-06-21 20:16:46 [INFO] socketio.server: emitting event "price_update_batch" to all [/]
2026-06-21 20:16:51 [DEBUG] zkr_analiz.jobs: rest_price_poller updated 671 USDT symbols; buffer_size=671
2026-06-21 20:16:51 [DEBUG] zkr_analiz.jobs: broadcast_worker emitting batch size=671
emitting event "price_update_batch" to all [/]
2026-06-21 20:16:51 [INFO] socketio.server: emitting event "price_update_batch" to all [/]
2026-06-21 20:16:54 [DEBUG] zkr_analiz.monolith: ws/market client disconnected: Connection closed: 1001 
2026-06-21 20:16:54 [DEBUG] zkr_analiz.monolith: ws/activity client disconnected: Connection closed: 1001 
2026-06-21 20:16:54 [INFO] zkr_analiz.monolith: ws/market client connected
2026-06-21 20:16:54 [INFO] zkr_analiz.monolith: ws/activity client connected
2026-06-21 20:16:54 [DEBUG] zkr_analiz.activity_stream: Activity WS listener registered (total: 2)
2026-06-21 20:16:57 [DEBUG] zkr_analiz.jobs: rest_price_poller updated 671 USDT symbols; buffer_size=671
2026-06-21 20:16:57 [DEBUG] zkr_analiz.jobs: broadcast_worker emitting batch size=671
emitting event "price_update_batch" to all [/]
2026-06-21 20:16:57 [INFO] socketio.server: emitting event "price_update_batch" to all [/]
2026-06-21 20:17:02 [DEBUG] zkr_analiz.jobs: rest_price_poller updated 671 USDT symbols; buffer_size=671
2026-06-21 20:17:02 [DEBUG] zkr_analiz.jobs: broadcast_worker emitting batch size=671
emitting event "price_update_batch" to all [/]
2026-06-21 20:17:02 [INFO] socketio.server: emitting event "price_update_batch" to all [/]
2026-06-21 20:17:08 [DEBUG] zkr_analiz.jobs: rest_price_poller updated 671 USDT symbols; buffer_size=671
2026-06-21 20:17:08 [DEBUG] zkr_analiz.jobs: broadcast_worker emitting batch size=671
emitting event "price_update_batch" to all [/]
2026-06-21 20:17:08 [INFO] socketio.server: emitting event "price_update_batch" to all [/]
2026-06-21 20:17:08 [DEBUG] zkr_analiz.monolith: ws/activity client disconnected: Connection closed: 1001 
2026-06-21 20:17:08 [DEBUG] zkr_analiz.monolith: ws/market client disconnected: Connection closed: 1001 
2026-06-21 20:17:08 [INFO] zkr_analiz.monolith: ws/market client connected
2026-06-21 20:17:08 [INFO] zkr_analiz.monolith: ws/activity client connected
2026-06-21 20:17:08 [DEBUG] zkr_analiz.activity_stream: Activity WS listener registered (total: 2)
2026-06-21 20:17:12 [WARNING] zkr_analiz.activity_stream: Unknown event type: rsi_extreme
2026-06-21 20:17:12 [WARNING] zkr_analiz.activity_stream: Unknown event type: rsi_extreme
2026-06-21 20:17:12 [WARNING] zkr_analiz.activity_stream: Unknown event type: breakout
2026-06-21 20:17:12 [WARNING] zkr_analiz.activity_stream: Unknown event type: rsi_extreme
2026-06-21 20:17:12 [INFO] zkr_analiz.activity_stream: Activity notification: [CRITICAL] news_impact AMD — Nvidia stock jumps on AI earnings beat
2026-06-21 20:17:12 [INFO] zkr_analiz.activity_stream: Activity notification: [CRITICAL] news_impact GOOGL — Nvidia stock jumps on AI earnings beat
2026-06-21 20:17:12 [INFO] zkr_analiz.activity_stream: Activity notification: [CRITICAL] news_impact GS — Nvidia stock jumps on AI earnings beat
2026-06-21 20:17:12 [DEBUG] zkr_analiz.activity_stream: Duplicate event skipped: news_impact AMD news_impact_engine
2026-06-21 20:17:12 [INFO] zkr_analiz.activity_stream: Activity notification: [CRITICAL] news_impact BTC — Bitcoin price surges to new all-time high above $150k
2026-06-21 20:17:12 [INFO] zkr_analiz.activity_stream: Activity notification: [CRITICAL] news_impact COIN — Bitcoin price surges to new all-time high above $150k
2026-06-21 20:17:12 [DEBUG] zkr_analiz.activity_stream: Duplicate event skipped: strategy_activity BTCUSDT strategy_live_engine
2026-06-21 20:17:12 [DEBUG] zkr_analiz.activity_stream: Duplicate event skipped: strategy_activity BTCUSDT strategy_live_engine
2026-06-21 20:17:12 [DEBUG] zkr_analiz.activity_stream: Duplicate event skipped: strategy_activity BTCUSDT strategy_live_engine
2026-06-21 20:17:12 [INFO] zkr_analiz.activity_stream: Activity stream: collected 6 new events
2026-06-21 20:17:13 [DEBUG] zkr_analiz.jobs: rest_price_poller updated 671 USDT symbols; buffer_size=671
2026-06-21 20:17:13 [DEBUG] zkr_analiz.jobs: broadcast_worker emitting batch size=671
emitting event "price_update_batch" to all [/]
2026-06-21 20:17:13 [INFO] socketio.server: emitting event "price_update_batch" to all [/]
2026-06-21 20:17:18 [DEBUG] zkr_analiz.jobs: rest_price_poller updated 671 USDT symbols; buffer_size=671
2026-06-21 20:17:18 [DEBUG] zkr_analiz.jobs: broadcast_worker emitting batch size=671
emitting event "price_update_batch" to all [/]
2026-06-21 20:17:18 [INFO] socketio.server: emitting event "price_update_batch" to all [/]
2026-06-21 20:17:24 [DEBUG] zkr_analiz.jobs: rest_price_poller updated 671 USDT symbols; buffer_size=671
2026-06-21 20:17:24 [DEBUG] zkr_analiz.jobs: broadcast_worker emitting batch size=671
emitting event "price_update_batch" to all [/]
2026-06-21 20:17:24 [INFO] socketio.server: emitting event "price_update_batch" to all [/]
2026-06-21 20:17:29 [DEBUG] zkr_analiz.jobs: rest_price_poller updated 671 USDT symbols; buffer_size=671
2026-06-21 20:17:29 [DEBUG] zkr_analiz.jobs: broadcast_worker emitting batch size=671
emitting event "price_update_batch" to all [/]
2026-06-21 20:17:29 [INFO] socketio.server: emitting event "price_update_batch" to all [/]
2026-06-21 20:17:34 [DEBUG] zkr_analiz.jobs: rest_price_poller updated 671 USDT symbols; buffer_size=671
2026-06-21 20:17:34 [DEBUG] zkr_analiz.jobs: broadcast_worker emitting batch size=671
emitting event "price_update_batch" to all [/]
2026-06-21 20:17:34 [INFO] socketio.server: emitting event "price_update_batch" to all [/]
2026-06-21 20:17:40 [DEBUG] zkr_analiz.jobs: rest_price_poller updated 671 USDT symbols; buffer_size=671
2026-06-21 20:17:40 [DEBUG] zkr_analiz.jobs: broadcast_worker emitting batch size=671
emitting event "price_update_batch" to all [/]
2026-06-21 20:17:40 [INFO] socketio.server: emitting event "price_update_batch" to all [/]
2026-06-21 20:17:45 [DEBUG] zkr_analiz.jobs: rest_price_poller updated 671 USDT symbols; buffer_size=671
2026-06-21 20:17:45 [DEBUG] zkr_analiz.jobs: broadcast_worker emitting batch size=671
emitting event "price_update_batch" to all [/]
2026-06-21 20:17:45 [INFO] socketio.server: emitting event "price_update_batch" to all [/]
2026-06-21 20:17:47 [INFO] zkr_analiz.yahoo: Cold start: fetching 5 forex symbols...
2026-06-21 20:17:47 [INFO] zkr_analiz.yahoo: Single-call download for 5 symbols...
2026-06-21 20:17:48 [ERROR] yfinance: Failed to get ticker 'EURTRY=X' reason: Expecting value: line 1 column 1 (char 0)
2026-06-21 20:17:48 [ERROR] yfinance: Failed to get ticker 'USDJPY=X' reason: Expecting value: line 1 column 1 (char 0)
2026-06-21 20:17:48 [ERROR] yfinance: Failed to get ticker 'EURUSD=X' reason: Expecting value: line 1 column 1 (char 0)
2026-06-21 20:17:48 [ERROR] yfinance: Failed to get ticker 'GBPUSD=X' reason: Expecting value: line 1 column 1 (char 0)
2026-06-21 20:17:48 [ERROR] yfinance: Failed to get ticker 'USDTRY=X' reason: Expecting value: line 1 column 1 (char 0)
2026-06-21 20:17:48 [ERROR] yfinance: 
5 Failed downloads:
2026-06-21 20:17:48 [ERROR] yfinance: ['EURTRY=X', 'EURUSD=X', 'GBPUSD=X', 'USDJPY=X', 'USDTRY=X']: Exception('%ticker%: No price data found, symbol may be delisted (period=2d)')
2026-06-21 20:17:48 [INFO] zkr_analiz.yahoo: Single-call got 0/5 prices
2026-06-21 20:17:48 [INFO] zkr_analiz.yahoo: Batch cache updated for forex: 0/5 symbols have prices (0.0%)
2026-06-21 20:17:48 [INFO] zkr_analiz.opportunity_engine: Opportunity scan complete: 3 opportunities found
2026-06-21 20:17:50 [DEBUG] zkr_analiz.jobs: rest_price_poller updated 671 USDT symbols; buffer_size=671
2026-06-21 20:17:51 [DEBUG] zkr_analiz.jobs: broadcast_worker emitting batch size=671
emitting event "price_update_batch" to all [/]
2026-06-21 20:17:51 [INFO] socketio.server: emitting event "price_update_batch" to all [/]
2026-06-21 20:17:55 [DEBUG] zkr_analiz.yahoo: No cache for THYAO.IS, triggering background fetch
2026-06-21 20:17:56 [ERROR] yfinance: Failed to get ticker 'THYAO.IS' reason: Expecting value: line 1 column 1 (char 0)
2026-06-21 20:17:56 [DEBUG] zkr_analiz.jobs: rest_price_poller updated 671 USDT symbols; buffer_size=671
2026-06-21 20:17:56 [ERROR] yfinance: 
1 Failed download:
2026-06-21 20:17:56 [ERROR] yfinance: ['THYAO.IS']: Exception('%ticker%: No price data found, symbol may be delisted (period=2d)')
2026-06-21 20:17:56 [DEBUG] zkr_analiz.jobs: broadcast_worker emitting batch size=671
emitting event "price_update_batch" to all [/]
2026-06-21 20:17:56 [INFO] socketio.server: emitting event "price_update_batch" to all [/]
2026-06-21 20:18:01 [DEBUG] zkr_analiz.jobs: rest_price_poller updated 671 USDT symbols; buffer_size=671
2026-06-21 20:18:01 [DEBUG] zkr_analiz.jobs: broadcast_worker emitting batch size=671
emitting event "price_update_batch" to all [/]
2026-06-21 20:18:01 [INFO] socketio.server: emitting event "price_update_batch" to all [/]
2026-06-21 20:18:06 [DEBUG] zkr_analiz.jobs: rest_price_poller updated 671 USDT symbols; buffer_size=671
2026-06-21 20:18:07 [DEBUG] zkr_analiz.jobs: broadcast_worker emitting batch size=671
emitting event "price_update_batch" to all [/]
2026-06-21 20:18:07 [INFO] socketio.server: emitting event "price_update_batch" to all [/]
2026-06-21 20:18:08 [DEBUG] zkr_analiz.yahoo: No cache for XU100.IS, triggering background fetch
2026-06-21 20:18:08 [DEBUG] zkr_analiz.yahoo: No cache for AAPL, triggering background fetch
2026-06-21 20:18:08 [ERROR] yfinance: 
1 Failed download:
2026-06-21 20:18:08 [ERROR] yfinance: ['AAPL']: InterfaceError('bad parameter or other API misuse')
2026-06-21 20:18:08 [ERROR] yfinance: Failed to get ticker 'XU100.IS' reason: Expecting value: line 1 column 1 (char 0)
2026-06-21 20:18:08 [ERROR] yfinance: 
2 Failed downloads:
2026-06-21 20:18:08 [ERROR] yfinance: ['AAPL']: InterfaceError('bad parameter or other API misuse')
2026-06-21 20:18:08 [ERROR] yfinance: ['XU100.IS']: Exception('%ticker%: No price data found, symbol may be delisted (period=2d)')
2026-06-21 20:18:12 [WARNING] zkr_analiz.activity_stream: Unknown event type: rsi_extreme
2026-06-21 20:18:12 [WARNING] zkr_analiz.activity_stream: Unknown event type: rsi_extreme
2026-06-21 20:18:12 [WARNING] zkr_analiz.activity_stream: Unknown event type: rsi_extreme
2026-06-21 20:18:12 [DEBUG] zkr_analiz.activity_stream: Duplicate event skipped: news_impact AMD news_impact_engine
2026-06-21 20:18:12 [DEBUG] zkr_analiz.activity_stream: Duplicate event skipped: news_impact GOOGL news_impact_engine
2026-06-21 20:18:12 [DEBUG] zkr_analiz.activity_stream: Duplicate event skipped: news_impact GS news_impact_engine
2026-06-21 20:18:12 [DEBUG] zkr_analiz.activity_stream: Duplicate event skipped: news_impact AMD news_impact_engine
2026-06-21 20:18:12 [DEBUG] zkr_analiz.activity_stream: Duplicate event skipped: news_impact BTC news_impact_engine
2026-06-21 20:18:12 [DEBUG] zkr_analiz.activity_stream: Duplicate event skipped: news_impact COIN news_impact_engine
2026-06-21 20:18:12 [DEBUG] zkr_analiz.activity_stream: Duplicate event skipped: strategy_activity BTCUSDT strategy_live_engine
2026-06-21 20:18:12 [DEBUG] zkr_analiz.activity_stream: Duplicate event skipped: strategy_activity BTCUSDT strategy_live_engine
2026-06-21 20:18:12 [DEBUG] zkr_analiz.activity_stream: Duplicate event skipped: strategy_activity BTCUSDT strategy_live_engine
2026-06-21 20:18:12 [DEBUG] zkr_analiz.activity_stream: Duplicate event skipped: strategy_activity BTCUSDT strategy_live_engine
2026-06-21 20:18:12 [DEBUG] zkr_analiz.jobs: rest_price_poller updated 671 USDT symbols; buffer_size=671
2026-06-21 20:18:12 [DEBUG] zkr_analiz.jobs: broadcast_worker emitting batch size=671
emitting event "price_update_batch" to all [/]
2026-06-21 20:18:12 [INFO] socketio.server: emitting event "price_update_batch" to all [/]
2026-06-21 20:18:17 [DEBUG] zkr_analiz.jobs: rest_price_poller updated 671 USDT symbols; buffer_size=671
2026-06-21 20:18:17 [DEBUG] zkr_analiz.jobs: broadcast_worker emitting batch size=671
emitting event "price_update_batch" to all [/]
2026-06-21 20:18:17 [INFO] socketio.server: emitting event "price_update_batch" to all [/]
2026-06-21 20:18:22 [DEBUG] zkr_analiz.jobs: rest_price_poller updated 671 USDT symbols; buffer_size=671
2026-06-21 20:18:23 [DEBUG] zkr_analiz.jobs: broadcast_worker emitting batch size=671
emitting event "price_update_batch" to all [/]
2026-06-21 20:18:23 [INFO] socketio.server: emitting event "price_update_batch" to all [/]
2026-06-21 20:18:28 [DEBUG] zkr_analiz.jobs: rest_price_poller updated 671 USDT symbols; buffer_size=671
2026-06-21 20:18:28 [DEBUG] zkr_analiz.jobs: broadcast_worker emitting batch size=671
emitting event "price_update_batch" to all [/]
2026-06-21 20:18:28 [INFO] socketio.server: emitting event "price_update_batch" to all [/]
2026-06-21 20:18:33 [DEBUG] zkr_analiz.jobs: rest_price_poller updated 671 USDT symbols; buffer_size=671
2026-06-21 20:18:33 [DEBUG] zkr_analiz.jobs: broadcast_worker emitting batch size=671
emitting event "price_update_batch" to all [/]
2026-06-21 20:18:33 [INFO] socketio.server: emitting event "price_update_batch" to all [/]
2026-06-21 20:18:38 [DEBUG] zkr_analiz.yahoo: No cache for GC=F, triggering background fetch
2026-06-21 20:18:38 [ERROR] yfinance: Failed to get ticker 'GC=F' reason: Expecting value: line 1 column 1 (char 0)
2026-06-21 20:18:38 [DEBUG] zkr_analiz.jobs: rest_price_poller updated 671 USDT symbols; buffer_size=671
2026-06-21 20:18:38 [DEBUG] zkr_analiz.yahoo: No cache for SPY, triggering background fetch
2026-06-21 20:18:39 [ERROR] yfinance: 
1 Failed download:
2026-06-21 20:18:39 [ERROR] yfinance: ['GC=F']: Exception('%ticker%: No price data found, symbol may be delisted (period=2d)')
2026-06-21 20:18:39 [ERROR] yfinance: Failed to get ticker 'SPY' reason: Expecting value: line 1 column 1 (char 0)
2026-06-21 20:18:39 [ERROR] yfinance: 
2 Failed downloads:
2026-06-21 20:18:39 [ERROR] yfinance: ['GC=F', 'SPY']: Exception('%ticker%: No price data found, symbol may be delisted (period=2d)')
2026-06-21 20:18:39 [DEBUG] zkr_analiz.yahoo: No cache for DX=F, triggering background fetch
2026-06-21 20:18:39 [DEBUG] zkr_analiz.jobs: broadcast_worker emitting batch size=671
emitting event "price_update_batch" to all [/]
2026-06-21 20:18:39 [INFO] socketio.server: emitting event "price_update_batch" to all [/]
2026-06-21 20:18:39 [ERROR] yfinance: Failed to get ticker 'DX=F' reason: Expecting value: line 1 column 1 (char 0)
2026-06-21 20:18:39 [ERROR] yfinance: 
1 Failed download:
2026-06-21 20:18:39 [ERROR] yfinance: ['DX=F']: Exception('%ticker%: No price data found, symbol may be delisted (period=2d)')
2026-06-21 20:18:44 [DEBUG] zkr_analiz.jobs: rest_price_poller updated 671 USDT symbols; buffer_size=671
2026-06-21 20:18:44 [DEBUG] zkr_analiz.jobs: broadcast_worker emitting batch size=671
emitting event "price_update_batch" to all [/]
2026-06-21 20:18:44 [INFO] socketio.server: emitting event "price_update_batch" to all [/]
2026-06-21 20:18:49 [DEBUG] zkr_analiz.jobs: rest_price_poller updated 671 USDT symbols; buffer_size=671
2026-06-21 20:18:49 [DEBUG] zkr_analiz.jobs: broadcast_worker emitting batch size=671
emitting event "price_update_batch" to all [/]
2026-06-21 20:18:49 [INFO] socketio.server: emitting event "price_update_batch" to all [/]
2026-06-21 20:18:55 [DEBUG] zkr_analiz.jobs: rest_price_poller updated 671 USDT symbols; buffer_size=671
2026-06-21 20:18:55 [DEBUG] zkr_analiz.jobs: broadcast_worker emitting batch size=671
emitting event "price_update_batch" to all [/]
2026-06-21 20:18:55 [INFO] socketio.server: emitting event "price_update_batch" to all [/]
2026-06-21 20:19:00 [DEBUG] zkr_analiz.jobs: rest_price_poller updated 671 USDT symbols; buffer_size=671
2026-06-21 20:19:00 [DEBUG] zkr_analiz.jobs: broadcast_worker emitting batch size=671
emitting event "price_update_batch" to all [/]
2026-06-21 20:19:00 [INFO] socketio.server: emitting event "price_update_batch" to all [/]
2026-06-21 20:19:05 [DEBUG] zkr_analiz.jobs: rest_price_poller updated 671 USDT symbols; buffer_size=671
2026-06-21 20:19:05 [DEBUG] zkr_analiz.jobs: broadcast_worker emitting batch size=671
emitting event "price_update_batch" to all [/]
2026-06-21 20:19:05 [INFO] socketio.server: emitting event "price_update_batch" to all [/]
2026-06-21 20:19:11 [DEBUG] zkr_analiz.jobs: rest_price_poller updated 671 USDT symbols; buffer_size=671
2026-06-21 20:19:11 [DEBUG] zkr_analiz.jobs: broadcast_worker emitting batch size=671
emitting event "price_update_batch" to all [/]
2026-06-21 20:19:11 [INFO] socketio.server: emitting event "price_update_batch" to all [/]
2026-06-21 20:19:12 [WARNING] zkr_analiz.activity_stream: Unknown event type: rsi_extreme
2026-06-21 20:19:12 [WARNING] zkr_analiz.activity_stream: Unknown event type: rsi_extreme
2026-06-21 20:19:12 [WARNING] zkr_analiz.activity_stream: Unknown event type: rsi_extreme
2026-06-21 20:19:12 [DEBUG] zkr_analiz.activity_stream: Duplicate event skipped: news_impact AMD news_impact_engine
2026-06-21 20:19:12 [DEBUG] zkr_analiz.activity_stream: Duplicate event skipped: news_impact GOOGL news_impact_engine
2026-06-21 20:19:12 [DEBUG] zkr_analiz.activity_stream: Duplicate event skipped: news_impact GS news_impact_engine
2026-06-21 20:19:12 [DEBUG] zkr_analiz.activity_stream: Duplicate event skipped: news_impact AMD news_impact_engine
2026-06-21 20:19:12 [DEBUG] zkr_analiz.activity_stream: Duplicate event skipped: news_impact BTC news_impact_engine
2026-06-21 20:19:12 [DEBUG] zkr_analiz.activity_stream: Duplicate event skipped: news_impact COIN news_impact_engine
2026-06-21 20:19:12 [DEBUG] zkr_analiz.activity_stream: Duplicate event skipped: strategy_activity BTCUSDT strategy_live_engine
2026-06-21 20:19:12 [DEBUG] zkr_analiz.activity_stream: Duplicate event skipped: strategy_activity BTCUSDT strategy_live_engine
2026-06-21 20:19:12 [DEBUG] zkr_analiz.activity_stream: Duplicate event skipped: strategy_activity BTCUSDT strategy_live_engine
2026-06-21 20:19:12 [DEBUG] zkr_analiz.activity_stream: Duplicate event skipped: strategy_activity BTCUSDT strategy_live_engine
2026-06-21 20:19:16 [DEBUG] zkr_analiz.jobs: rest_price_poller updated 671 USDT symbols; buffer_size=671
2026-06-21 20:19:16 [DEBUG] zkr_analiz.jobs: broadcast_worker emitting batch size=671
emitting event "price_update_batch" to all [/]
2026-06-21 20:19:16 [INFO] socketio.server: emitting event "price_update_batch" to all [/]
2026-06-21 20:19:21 [DEBUG] zkr_analiz.jobs: rest_price_poller updated 671 USDT symbols; buffer_size=671
2026-06-21 20:19:21 [DEBUG] zkr_analiz.jobs: broadcast_worker emitting batch size=671
emitting event "price_update_batch" to all [/]
2026-06-21 20:19:21 [INFO] socketio.server: emitting event "price_update_batch" to all [/]
2026-06-21 20:19:27 [DEBUG] zkr_analiz.jobs: rest_price_poller updated 671 USDT symbols; buffer_size=671
2026-06-21 20:19:27 [DEBUG] zkr_analiz.jobs: broadcast_worker emitting batch size=671
emitting event "price_update_batch" to all [/]
2026-06-21 20:19:27 [INFO] socketio.server: emitting event "price_update_batch" to all [/]
2026-06-21 20:19:32 [DEBUG] zkr_analiz.jobs: rest_price_poller updated 671 USDT symbols; buffer_size=671
2026-06-21 20:19:32 [DEBUG] zkr_analiz.jobs: broadcast_worker emitting batch size=671
emitting event "price_update_batch" to all [/]
2026-06-21 20:19:32 [INFO] socketio.server: emitting event "price_update_batch" to all [/]
2026-06-21 20:19:37 [DEBUG] zkr_analiz.jobs: rest_price_poller updated 671 USDT symbols; buffer_size=671
2026-06-21 20:19:37 [DEBUG] zkr_analiz.jobs: broadcast_worker emitting batch size=671
emitting event "price_update_batch" to all [/]
2026-06-21 20:19:37 [INFO] socketio.server: emitting event "price_update_batch" to all [/]
2026-06-21 20:19:43 [DEBUG] zkr_analiz.jobs: rest_price_poller updated 671 USDT symbols; buffer_size=671
2026-06-21 20:19:43 [DEBUG] zkr_analiz.jobs: broadcast_worker emitting batch size=671
emitting event "price_update_batch" to all [/]
2026-06-21 20:19:43 [INFO] socketio.server: emitting event "price_update_batch" to all [/]
2026-06-21 20:19:48 [DEBUG] zkr_analiz.jobs: rest_price_poller updated 671 USDT symbols; buffer_size=671
2026-06-21 20:19:48 [DEBUG] zkr_analiz.jobs: broadcast_worker emitting batch size=671
emitting event "price_update_batch" to all [/]
2026-06-21 20:19:48 [INFO] socketio.server: emitting event "price_update_batch" to all [/]
2026-06-21 20:19:51 [INFO] zkr_analiz.yahoo: Stale cache for stocks, triggering background refresh
2026-06-21 20:19:51 [INFO] zkr_analiz.yahoo: Single-call download for 8 symbols...
2026-06-21 20:19:51 [INFO] zkr_analiz.yahoo: Cold start: fetching 5 forex symbols...
2026-06-21 20:19:51 [INFO] zkr_analiz.yahoo: Single-call download for 5 symbols...
2026-06-21 20:19:51 [ERROR] yfinance: Failed to get ticker 'MSFT' reason: Expecting value: line 1 column 1 (char 0)
2026-06-21 20:19:51 [ERROR] yfinance: Failed to get ticker 'META' reason: Expecting value: line 1 column 1 (char 0)
2026-06-21 20:19:51 [ERROR] yfinance: Failed to get ticker 'USDTRY=X' reason: Expecting value: line 1 column 1 (char 0)
2026-06-21 20:19:51 [ERROR] yfinance: Failed to get ticker 'JPM' reason: Expecting value: line 1 column 1 (char 0)
2026-06-21 20:19:51 [ERROR] yfinance: Failed to get ticker 'EURUSD=X' reason: Expecting value: line 1 column 1 (char 0)
2026-06-21 20:19:51 [ERROR] yfinance: Failed to get ticker 'TSLA' reason: Expecting value: line 1 column 1 (char 0)
2026-06-21 20:19:51 [ERROR] yfinance: Failed to get ticker 'GOOGL' reason: Expecting value: line 1 column 1 (char 0)
2026-06-21 20:19:51 [ERROR] yfinance: Failed to get ticker 'NVDA' reason: Expecting value: line 1 column 1 (char 0)
2026-06-21 20:19:51 [ERROR] yfinance: Failed to get ticker 'USDJPY=X' reason: Expecting value: line 1 column 1 (char 0)
2026-06-21 20:19:51 [ERROR] yfinance: Failed to get ticker 'EURTRY=X' reason: Expecting value: line 1 column 1 (char 0)
2026-06-21 20:19:51 [ERROR] yfinance: Failed to get ticker 'AAPL' reason: Expecting value: line 1 column 1 (char 0)
2026-06-21 20:19:51 [ERROR] yfinance: Failed to get ticker 'GBPUSD=X' reason: Expecting value: line 1 column 1 (char 0)
2026-06-21 20:19:51 [ERROR] yfinance: Failed to get ticker 'AMZN' reason: Expecting value: line 1 column 1 (char 0)
2026-06-21 20:19:51 [ERROR] yfinance: 
8 Failed downloads:
2026-06-21 20:19:51 [ERROR] yfinance: 
8 Failed downloads:
2026-06-21 20:19:51 [ERROR] yfinance: ['META', 'MSFT', 'JPM', 'USDTRY=X', 'TSLA', 'NVDA', 'EURUSD=X', 'GOOGL']: Exception('%ticker%: No price data found, symbol may be delisted (period=2d)')
2026-06-21 20:19:51 [ERROR] yfinance: ['META', 'MSFT', 'JPM', 'USDTRY=X', 'TSLA', 'NVDA', 'EURUSD=X', 'GOOGL']: Exception('%ticker%: No price data found, symbol may be delisted (period=2d)')
2026-06-21 20:19:51 [INFO] zkr_analiz.yahoo: Single-call got 0/8 prices
2026-06-21 20:19:51 [INFO] zkr_analiz.yahoo: Batch download got 0/8 stocks, trying CoinGecko fallback...
2026-06-21 20:19:51 [INFO] zkr_analiz.yahoo: Single-call got 0/5 prices
2026-06-21 20:19:51 [INFO] zkr_analiz.yahoo: Batch cache updated for forex: 0/5 symbols have prices (0.0%)
2026-06-21 20:19:51 [INFO] zkr_analiz.opportunity_engine: Opportunity scan complete: 3 opportunities found
2026-06-21 20:19:53 [INFO] zkr_analiz.yahoo: Batch cache updated for stocks: 4/8 symbols have prices (50.0%)
2026-06-21 20:19:53 [DEBUG] zkr_analiz.jobs: rest_price_poller updated 671 USDT symbols; buffer_size=671
2026-06-21 20:19:53 [DEBUG] zkr_analiz.jobs: broadcast_worker emitting batch size=671
emitting event "price_update_batch" to all [/]
2026-06-21 20:19:53 [INFO] socketio.server: emitting event "price_update_batch" to all [/]
2026-06-21 20:19:59 [DEBUG] zkr_analiz.jobs: rest_price_poller updated 671 USDT symbols; buffer_size=671
2026-06-21 20:19:59 [DEBUG] zkr_analiz.jobs: broadcast_worker emitting batch size=671
emitting event "price_update_batch" to all [/]
2026-06-21 20:19:59 [INFO] socketio.server: emitting event "price_update_batch" to all [/]
2026-06-21 20:20:05 [DEBUG] zkr_analiz.jobs: rest_price_poller updated 671 USDT symbols; buffer_size=671
2026-06-21 20:20:05 [DEBUG] zkr_analiz.jobs: broadcast_worker emitting batch size=671
emitting event "price_update_batch" to all [/]
2026-06-21 20:20:05 [INFO] socketio.server: emitting event "price_update_batch" to all [/]
2026-06-21 20:20:08 [DEBUG] zkr_analiz.yahoo: No cache for XU100.IS, triggering background fetch
2026-06-21 20:20:08 [DEBUG] zkr_analiz.yahoo: No cache for THYAO.IS, triggering background fetch
2026-06-21 20:20:08 [ERROR] yfinance: Failed to get ticker 'THYAO.IS' reason: Expecting value: line 1 column 1 (char 0)
2026-06-21 20:20:08 [ERROR] yfinance: Failed to get ticker 'XU100.IS' reason: Expecting value: line 1 column 1 (char 0)
2026-06-21 20:20:08 [ERROR] yfinance: 
1 Failed download:
2026-06-21 20:20:08 [ERROR] yfinance: ['THYAO.IS']: Exception('%ticker%: No price data found, symbol may be delisted (period=2d)')
2026-06-21 20:20:08 [ERROR] yfinance: 
2 Failed downloads:
2026-06-21 20:20:08 [ERROR] yfinance: ['THYAO.IS', 'XU100.IS']: Exception('%ticker%: No price data found, symbol may be delisted (period=2d)')
2026-06-21 20:20:10 [DEBUG] zkr_analiz.jobs: rest_price_poller updated 671 USDT symbols; buffer_size=671
2026-06-21 20:20:10 [DEBUG] zkr_analiz.jobs: broadcast_worker emitting batch size=671
emitting event "price_update_batch" to all [/]
2026-06-21 20:20:10 [INFO] socketio.server: emitting event "price_update_batch" to all [/]
2026-06-21 20:20:12 [WARNING] zkr_analiz.activity_stream: Unknown event type: rsi_extreme
2026-06-21 20:20:12 [WARNING] zkr_analiz.activity_stream: Unknown event type: rsi_extreme
2026-06-21 20:20:12 [WARNING] zkr_analiz.activity_stream: Unknown event type: breakout
2026-06-21 20:20:12 [DEBUG] zkr_analiz.activity_stream: Duplicate event skipped: news_impact AMD news_impact_engine
2026-06-21 20:20:12 [DEBUG] zkr_analiz.activity_stream: Duplicate event skipped: news_impact GOOGL news_impact_engine
2026-06-21 20:20:12 [DEBUG] zkr_analiz.activity_stream: Duplicate event skipped: news_impact GS news_impact_engine
2026-06-21 20:20:12 [DEBUG] zkr_analiz.activity_stream: Duplicate event skipped: news_impact AMD news_impact_engine
2026-06-21 20:20:12 [DEBUG] zkr_analiz.activity_stream: Duplicate event skipped: news_impact BTC news_impact_engine
2026-06-21 20:20:12 [DEBUG] zkr_analiz.activity_stream: Duplicate event skipped: news_impact COIN news_impact_engine
2026-06-21 20:20:12 [DEBUG] zkr_analiz.activity_stream: Duplicate event skipped: strategy_activity BTCUSDT strategy_live_engine
2026-06-21 20:20:12 [DEBUG] zkr_analiz.activity_stream: Duplicate event skipped: strategy_activity BTCUSDT strategy_live_engine
2026-06-21 20:20:12 [DEBUG] zkr_analiz.activity_stream: Duplicate event skipped: strategy_activity BTCUSDT strategy_live_engine
2026-06-21 20:20:12 [DEBUG] zkr_analiz.activity_stream: Duplicate event skipped: strategy_activity BTCUSDT strategy_live_engine
2026-06-21 20:20:15 [DEBUG] zkr_analiz.jobs: rest_price_poller updated 671 USDT symbols; buffer_size=671
2026-06-21 20:20:15 [DEBUG] zkr_analiz.jobs: broadcast_worker emitting batch size=671
emitting event "price_update_batch" to all [/]
2026-06-21 20:20:15 [INFO] socketio.server: emitting event "price_update_batch" to all [/]
2026-06-21 20:20:21 [DEBUG] zkr_analiz.jobs: rest_price_poller updated 671 USDT symbols; buffer_size=671
2026-06-21 20:20:21 [DEBUG] zkr_analiz.jobs: broadcast_worker emitting batch size=671
emitting event "price_update_batch" to all [/]
2026-06-21 20:20:21 [INFO] socketio.server: emitting event "price_update_batch" to all [/]
2026-06-21 20:20:25 [DEBUG] zkr_analiz.yahoo: No cache for AAPL, triggering background fetch
2026-06-21 20:20:26 [ERROR] yfinance: Failed to get ticker 'AAPL' reason: Expecting value: line 1 column 1 (char 0)
2026-06-21 20:20:26 [ERROR] yfinance: 
1 Failed download:
2026-06-21 20:20:26 [ERROR] yfinance: ['AAPL']: Exception('%ticker%: No price data found, symbol may be delisted (period=2d)')
2026-06-21 20:20:26 [DEBUG] zkr_analiz.jobs: rest_price_poller updated 671 USDT symbols; buffer_size=671
2026-06-21 20:20:27 [DEBUG] zkr_analiz.jobs: broadcast_worker emitting batch size=671
emitting event "price_update_batch" to all [/]
2026-06-21 20:20:27 [INFO] socketio.server: emitting event "price_update_batch" to all [/]
2026-06-21 20:20:32 [DEBUG] zkr_analiz.jobs: rest_price_poller updated 671 USDT symbols; buffer_size=671
2026-06-21 20:20:32 [DEBUG] zkr_analiz.jobs: broadcast_worker emitting batch size=671
emitting event "price_update_batch" to all [/]
2026-06-21 20:20:32 [INFO] socketio.server: emitting event "price_update_batch" to all [/]
2026-06-21 20:20:37 [DEBUG] zkr_analiz.jobs: rest_price_poller updated 671 USDT symbols; buffer_size=671
2026-06-21 20:20:37 [DEBUG] zkr_analiz.jobs: broadcast_worker emitting batch size=671
emitting event "price_update_batch" to all [/]
2026-06-21 20:20:37 [INFO] socketio.server: emitting event "price_update_batch" to all [/]
2026-06-21 20:20:42 [DEBUG] zkr_analiz.jobs: rest_price_poller updated 671 USDT symbols; buffer_size=671
2026-06-21 20:20:43 [DEBUG] zkr_analiz.jobs: broadcast_worker emitting batch size=671
emitting event "price_update_batch" to all [/]
2026-06-21 20:20:43 [INFO] socketio.server: emitting event "price_update_batch" to all [/]
2026-06-21 20:20:48 [DEBUG] zkr_analiz.jobs: rest_price_poller updated 671 USDT symbols; buffer_size=671
2026-06-21 20:20:48 [DEBUG] zkr_analiz.jobs: broadcast_worker emitting batch size=671
emitting event "price_update_batch" to all [/]
2026-06-21 20:20:48 [INFO] socketio.server: emitting event "price_update_batch" to all [/]
2026-06-21 20:20:53 [DEBUG] zkr_analiz.jobs: rest_price_poller updated 671 USDT symbols; buffer_size=671
2026-06-21 20:20:53 [DEBUG] zkr_analiz.jobs: broadcast_worker emitting batch size=671
emitting event "price_update_batch" to all [/]
2026-06-21 20:20:53 [INFO] socketio.server: emitting event "price_update_batch" to all [/]
2026-06-21 20:20:55 [DEBUG] zkr_analiz.yahoo: No cache for GC=F, triggering background fetch
2026-06-21 20:20:56 [ERROR] yfinance: Failed to get ticker 'GC=F' reason: Expecting value: line 1 column 1 (char 0)
2026-06-21 20:20:56 [DEBUG] zkr_analiz.yahoo: No cache for SPY, triggering background fetch
2026-06-21 20:20:56 [ERROR] yfinance: 
1 Failed download:
2026-06-21 20:20:56 [ERROR] yfinance: ['GC=F']: Exception('%ticker%: No price data found, symbol may be delisted (period=2d)')
2026-06-21 20:20:56 [ERROR] yfinance: Failed to get ticker 'SPY' reason: Expecting value: line 1 column 1 (char 0)
2026-06-21 20:20:56 [ERROR] yfinance: 
2 Failed downloads:
2026-06-21 20:20:56 [ERROR] yfinance: ['GC=F', 'SPY']: Exception('%ticker%: No price data found, symbol may be delisted (period=2d)')
2026-06-21 20:20:56 [DEBUG] zkr_analiz.yahoo: No cache for DX=F, triggering background fetch
2026-06-21 20:20:56 [ERROR] yfinance: Failed to get ticker 'DX=F' reason: Expecting value: line 1 column 1 (char 0)
2026-06-21 20:20:56 [ERROR] yfinance: 
1 Failed download:
2026-06-21 20:20:56 [ERROR] yfinance: ['DX=F']: Exception('%ticker%: No price data found, symbol may be delisted (period=2d)')
2026-06-21 20:20:59 [DEBUG] zkr_analiz.jobs: rest_price_poller updated 671 USDT symbols; buffer_size=671
2026-06-21 20:20:59 [DEBUG] zkr_analiz.jobs: broadcast_worker emitting batch size=671
emitting event "price_update_batch" to all [/]
2026-06-21 20:20:59 [INFO] socketio.server: emitting event "price_update_batch" to all [/]
2026-06-21 20:21:04 [DEBUG] zkr_analiz.jobs: rest_price_poller updated 671 USDT symbols; buffer_size=671
2026-06-21 20:21:05 [DEBUG] zkr_analiz.jobs: broadcast_worker emitting batch size=671
emitting event "price_update_batch" to all [/]
2026-06-21 20:21:05 [INFO] socketio.server: emitting event "price_update_batch" to all [/]
2026-06-21 20:21:10 [DEBUG] zkr_analiz.jobs: rest_price_poller updated 671 USDT symbols; buffer_size=671
2026-06-21 20:21:10 [DEBUG] zkr_analiz.jobs: broadcast_worker emitting batch size=671
emitting event "price_update_batch" to all [/]
2026-06-21 20:21:10 [INFO] socketio.server: emitting event "price_update_batch" to all [/]
2026-06-21 20:21:12 [WARNING] zkr_analiz.activity_stream: Unknown event type: rsi_extreme
2026-06-21 20:21:12 [WARNING] zkr_analiz.activity_stream: Unknown event type: rsi_extreme
2026-06-21 20:21:12 [WARNING] zkr_analiz.activity_stream: Unknown event type: breakout
2026-06-21 20:21:12 [DEBUG] zkr_analiz.activity_stream: Duplicate event skipped: news_impact AMD news_impact_engine
2026-06-21 20:21:12 [DEBUG] zkr_analiz.activity_stream: Duplicate event skipped: news_impact GOOGL news_impact_engine
2026-06-21 20:21:12 [DEBUG] zkr_analiz.activity_stream: Duplicate event skipped: news_impact GS news_impact_engine
2026-06-21 20:21:12 [DEBUG] zkr_analiz.activity_stream: Duplicate event skipped: news_impact AMD news_impact_engine
2026-06-21 20:21:12 [DEBUG] zkr_analiz.activity_stream: Duplicate event skipped: news_impact BTC news_impact_engine
2026-06-21 20:21:12 [DEBUG] zkr_analiz.activity_stream: Duplicate event skipped: news_impact COIN news_impact_engine
2026-06-21 20:21:12 [DEBUG] zkr_analiz.activity_stream: Duplicate event skipped: strategy_activity BTCUSDT strategy_live_engine
2026-06-21 20:21:12 [DEBUG] zkr_analiz.activity_stream: Duplicate event skipped: strategy_activity BTCUSDT strategy_live_engine
2026-06-21 20:21:12 [DEBUG] zkr_analiz.activity_stream: Duplicate event skipped: strategy_activity BTCUSDT strategy_live_engine
2026-06-21 20:21:12 [DEBUG] zkr_analiz.activity_stream: Duplicate event skipped: strategy_activity BTCUSDT strategy_live_engine
2026-06-21 20:21:15 [DEBUG] zkr_analiz.jobs: rest_price_poller updated 671 USDT symbols; buffer_size=671
2026-06-21 20:21:15 [DEBUG] zkr_analiz.jobs: broadcast_worker emitting batch size=671
emitting event "price_update_batch" to all [/]
2026-06-21 20:21:15 [INFO] socketio.server: emitting event "price_update_batch" to all [/]
2026-06-21 20:21:20 [DEBUG] zkr_analiz.jobs: rest_price_poller updated 671 USDT symbols; buffer_size=671
2026-06-21 20:21:21 [DEBUG] zkr_analiz.jobs: broadcast_worker emitting batch size=671
emitting event "price_update_batch" to all [/]
2026-06-21 20:21:21 [INFO] socketio.server: emitting event "price_update_batch" to all [/]
2026-06-21 20:21:27 [DEBUG] zkr_analiz.jobs: rest_price_poller updated 671 USDT symbols; buffer_size=671
2026-06-21 20:21:27 [DEBUG] zkr_analiz.jobs: broadcast_worker emitting batch size=671
emitting event "price_update_batch" to all [/]
2026-06-21 20:21:27 [INFO] socketio.server: emitting event "price_update_batch" to all [/]
2026-06-21 20:21:33 [DEBUG] zkr_analiz.jobs: rest_price_poller updated 671 USDT symbols; buffer_size=671
2026-06-21 20:21:33 [DEBUG] zkr_analiz.jobs: broadcast_worker emitting batch size=671
emitting event "price_update_batch" to all [/]
2026-06-21 20:21:33 [INFO] socketio.server: emitting event "price_update_batch" to all [/]
2026-06-21 20:21:38 [DEBUG] zkr_analiz.jobs: rest_price_poller updated 671 USDT symbols; buffer_size=671
2026-06-21 20:21:38 [DEBUG] zkr_analiz.jobs: broadcast_worker emitting batch size=671
emitting event "price_update_batch" to all [/]
2026-06-21 20:21:38 [INFO] socketio.server: emitting event "price_update_batch" to all [/]
2026-06-21 20:21:43 [DEBUG] zkr_analiz.jobs: rest_price_poller updated 671 USDT symbols; buffer_size=671
2026-06-21 20:21:44 [DEBUG] zkr_analiz.jobs: broadcast_worker emitting batch size=671
emitting event "price_update_batch" to all [/]
2026-06-21 20:21:44 [INFO] socketio.server: emitting event "price_update_batch" to all [/]
2026-06-21 20:21:49 [DEBUG] zkr_analiz.jobs: rest_price_poller updated 671 USDT symbols; buffer_size=671
2026-06-21 20:21:49 [DEBUG] zkr_analiz.jobs: broadcast_worker emitting batch size=671
emitting event "price_update_batch" to all [/]
2026-06-21 20:21:49 [INFO] socketio.server: emitting event "price_update_batch" to all [/]
2026-06-21 20:21:54 [DEBUG] zkr_analiz.jobs: rest_price_poller updated 671 USDT symbols; buffer_size=671
2026-06-21 20:21:54 [DEBUG] zkr_analiz.jobs: broadcast_worker emitting batch size=671
emitting event "price_update_batch" to all [/]
2026-06-21 20:21:54 [INFO] socketio.server: emitting event "price_update_batch" to all [/]
2026-06-21 20:21:55 [INFO] zkr_analiz.yahoo: Cold start: fetching 5 forex symbols...
2026-06-21 20:21:55 [INFO] zkr_analiz.yahoo: Single-call download for 5 symbols...
2026-06-21 20:21:55 [ERROR] yfinance: Failed to get ticker 'USDJPY=X' reason: Expecting value: line 1 column 1 (char 0)
2026-06-21 20:21:55 [ERROR] yfinance: Failed to get ticker 'EURUSD=X' reason: Expecting value: line 1 column 1 (char 0)
2026-06-21 20:21:55 [ERROR] yfinance: Failed to get ticker 'USDTRY=X' reason: Expecting value: line 1 column 1 (char 0)
2026-06-21 20:21:55 [ERROR] yfinance: Failed to get ticker 'GBPUSD=X' reason: Expecting value: line 1 column 1 (char 0)
2026-06-21 20:21:55 [ERROR] yfinance: Failed to get ticker 'EURTRY=X' reason: Expecting value: line 1 column 1 (char 0)
2026-06-21 20:21:56 [ERROR] yfinance: 
5 Failed downloads:
2026-06-21 20:21:56 [ERROR] yfinance: ['EURUSD=X', 'USDTRY=X', 'USDJPY=X', 'GBPUSD=X', 'EURTRY=X']: Exception('%ticker%: No price data found, symbol may be delisted (period=2d)')
2026-06-21 20:21:56 [INFO] zkr_analiz.yahoo: Single-call got 0/5 prices
2026-06-21 20:21:56 [INFO] zkr_analiz.yahoo: Batch cache updated for forex: 0/5 symbols have prices (0.0%)
2026-06-21 20:21:56 [INFO] zkr_analiz.opportunity_engine: Opportunity scan complete: 3 opportunities found
2026-06-21 20:21:59 [DEBUG] asyncio: Using selector: EpollSelector
2026-06-21 20:21:59 [DEBUG] zkr_analiz.jobs: rest_price_poller updated 671 USDT symbols; buffer_size=671
2026-06-21 20:22:00 [DEBUG] zkr_analiz.jobs: broadcast_worker emitting batch size=671
emitting event "price_update_batch" to all [/]
2026-06-21 20:22:00 [INFO] socketio.server: emitting event "price_update_batch" to all [/]
2026-06-21 20:22:06 [DEBUG] zkr_analiz.jobs: rest_price_poller updated 671 USDT symbols; buffer_size=671
2026-06-21 20:22:06 [DEBUG] zkr_analiz.jobs: broadcast_worker emitting batch size=671
emitting event "price_update_batch" to all [/]
2026-06-21 20:22:06 [INFO] socketio.server: emitting event "price_update_batch" to all [/]
2026-06-21 20:22:12 [DEBUG] zkr_analiz.jobs: rest_price_poller updated 671 USDT symbols; buffer_size=671
2026-06-21 20:22:12 [WARNING] zkr_analiz.activity_stream: Unknown event type: rsi_extreme
2026-06-21 20:22:12 [WARNING] zkr_analiz.activity_stream: Unknown event type: rsi_extreme
2026-06-21 20:22:12 [WARNING] zkr_analiz.activity_stream: Unknown event type: breakout
2026-06-21 20:22:12 [INFO] zkr_analiz.activity_stream: Activity notification: [CRITICAL] news_impact AMD — Nvidia stock jumps on AI earnings beat
2026-06-21 20:22:12 [INFO] zkr_analiz.activity_stream: Activity notification: [CRITICAL] news_impact GOOGL — Nvidia stock jumps on AI earnings beat
2026-06-21 20:22:12 [INFO] zkr_analiz.activity_stream: Activity notification: [CRITICAL] news_impact GS — Nvidia stock jumps on AI earnings beat
2026-06-21 20:22:12 [DEBUG] zkr_analiz.activity_stream: Duplicate event skipped: news_impact AMD news_impact_engine
2026-06-21 20:22:12 [INFO] zkr_analiz.activity_stream: Activity notification: [CRITICAL] news_impact BTC — Bitcoin price surges to new all-time high above $150k
2026-06-21 20:22:12 [INFO] zkr_analiz.activity_stream: Activity notification: [CRITICAL] news_impact COIN — Bitcoin price surges to new all-time high above $150k
2026-06-21 20:22:12 [DEBUG] zkr_analiz.activity_stream: Duplicate event skipped: strategy_activity BTCUSDT strategy_live_engine
2026-06-21 20:22:12 [DEBUG] zkr_analiz.activity_stream: Duplicate event skipped: strategy_activity BTCUSDT strategy_live_engine
2026-06-21 20:22:12 [DEBUG] zkr_analiz.activity_stream: Duplicate event skipped: strategy_activity BTCUSDT strategy_live_engine
2026-06-21 20:22:12 [INFO] zkr_analiz.activity_stream: Activity stream: collected 6 new events
2026-06-21 20:22:12 [DEBUG] zkr_analiz.jobs: broadcast_worker emitting batch size=671
emitting event "price_update_batch" to all [/]
2026-06-21 20:22:12 [INFO] socketio.server: emitting event "price_update_batch" to all [/]
2026-06-21 20:22:17 [DEBUG] zkr_analiz.jobs: rest_price_poller updated 671 USDT symbols; buffer_size=671
2026-06-21 20:22:17 [DEBUG] zkr_analiz.jobs: broadcast_worker emitting batch size=671
emitting event "price_update_batch" to all [/]
2026-06-21 20:22:17 [INFO] socketio.server: emitting event "price_update_batch" to all [/]
2026-06-21 20:22:22 [DEBUG] zkr_analiz.jobs: rest_price_poller updated 671 USDT symbols; buffer_size=671
2026-06-21 20:22:22 [DEBUG] zkr_analiz.jobs: broadcast_worker emitting batch size=671
emitting event "price_update_batch" to all [/]
2026-06-21 20:22:22 [INFO] socketio.server: emitting event "price_update_batch" to all [/]
2026-06-21 20:22:25 [DEBUG] zkr_analiz.yahoo: No cache for XU100.IS, triggering background fetch
2026-06-21 20:22:25 [DEBUG] zkr_analiz.yahoo: No cache for THYAO.IS, triggering background fetch
2026-06-21 20:22:26 [ERROR] yfinance: Failed to get ticker 'THYAO.IS' reason: Expecting value: line 1 column 1 (char 0)
2026-06-21 20:22:26 [ERROR] yfinance: Failed to get ticker 'XU100.IS' reason: Expecting value: line 1 column 1 (char 0)
2026-06-21 20:22:26 [ERROR] yfinance: 
1 Failed download:
2026-06-21 20:22:26 [ERROR] yfinance: ['THYAO.IS']: Exception('%ticker%: No price data found, symbol may be delisted (period=2d)')
2026-06-21 20:22:26 [ERROR] yfinance: 
2 Failed downloads:
2026-06-21 20:22:26 [ERROR] yfinance: ['THYAO.IS', 'XU100.IS']: Exception('%ticker%: No price data found, symbol may be delisted (period=2d)')
2026-06-21 20:22:28 [DEBUG] zkr_analiz.jobs: rest_price_poller updated 671 USDT symbols; buffer_size=671
2026-06-21 20:22:28 [DEBUG] zkr_analiz.jobs: broadcast_worker emitting batch size=671
emitting event "price_update_batch" to all [/]
2026-06-21 20:22:28 [INFO] socketio.server: emitting event "price_update_batch" to all [/]
2026-06-21 20:22:33 [DEBUG] zkr_analiz.jobs: rest_price_poller updated 671 USDT symbols; buffer_size=671
2026-06-21 20:22:33 [DEBUG] zkr_analiz.jobs: broadcast_worker emitting batch size=671
emitting event "price_update_batch" to all [/]
2026-06-21 20:22:33 [INFO] socketio.server: emitting event "price_update_batch" to all [/]
2026-06-21 20:22:39 [DEBUG] zkr_analiz.jobs: rest_price_poller updated 671 USDT symbols; buffer_size=671
2026-06-21 20:22:39 [DEBUG] zkr_analiz.jobs: broadcast_worker emitting batch size=671
emitting event "price_update_batch" to all [/]
2026-06-21 20:22:39 [INFO] socketio.server: emitting event "price_update_batch" to all [/]
2026-06-21 20:22:44 [DEBUG] zkr_analiz.jobs: rest_price_poller updated 671 USDT symbols; buffer_size=671
2026-06-21 20:22:44 [DEBUG] zkr_analiz.jobs: broadcast_worker emitting batch size=671
emitting event "price_update_batch" to all [/]
2026-06-21 20:22:44 [INFO] socketio.server: emitting event "price_update_batch" to all [/]
2026-06-21 20:22:49 [DEBUG] zkr_analiz.jobs: rest_price_poller updated 671 USDT symbols; buffer_size=671
2026-06-21 20:22:49 [DEBUG] zkr_analiz.jobs: broadcast_worker emitting batch size=671
emitting event "price_update_batch" to all [/]
2026-06-21 20:22:49 [INFO] socketio.server: emitting event "price_update_batch" to all [/]
2026-06-21 20:22:55 [DEBUG] zkr_analiz.jobs: rest_price_poller updated 671 USDT symbols; buffer_size=671
2026-06-21 20:22:55 [DEBUG] zkr_analiz.jobs: broadcast_worker emitting batch size=671
emitting event "price_update_batch" to all [/]
2026-06-21 20:22:55 [INFO] socketio.server: emitting event "price_update_batch" to all [/]
2026-06-21 20:22:55 [DEBUG] zkr_analiz.yahoo: No cache for AAPL, triggering background fetch
2026-06-21 20:22:56 [ERROR] yfinance: Failed to get ticker 'AAPL' reason: Expecting value: line 1 column 1 (char 0)
2026-06-21 20:22:56 [ERROR] yfinance: 
1 Failed download:
2026-06-21 20:22:56 [ERROR] yfinance: ['AAPL']: Exception('%ticker%: No price data found, symbol may be delisted (period=2d)')
2026-06-21 20:23:00 [DEBUG] zkr_analiz.jobs: rest_price_poller updated 671 USDT symbols; buffer_size=671
2026-06-21 20:23:00 [DEBUG] zkr_analiz.jobs: broadcast_worker emitting batch size=671
emitting event "price_update_batch" to all [/]
2026-06-21 20:23:00 [INFO] socketio.server: emitting event "price_update_batch" to all [/]
2026-06-21 20:23:06 [DEBUG] zkr_analiz.jobs: rest_price_poller updated 671 USDT symbols; buffer_size=671
2026-06-21 20:23:06 [DEBUG] zkr_analiz.jobs: broadcast_worker emitting batch size=671
emitting event "price_update_batch" to all [/]
2026-06-21 20:23:06 [INFO] socketio.server: emitting event "price_update_batch" to all [/]
2026-06-21 20:23:08 [DEBUG] zkr_analiz.yahoo: No cache for GC=F, triggering background fetch
2026-06-21 20:23:08 [ERROR] yfinance: Failed to get ticker 'GC=F' reason: Expecting value: line 1 column 1 (char 0)
2026-06-21 20:23:08 [DEBUG] zkr_analiz.yahoo: No cache for SPY, triggering background fetch
2026-06-21 20:23:08 [ERROR] yfinance: 
1 Failed download:
2026-06-21 20:23:08 [ERROR] yfinance: ['GC=F']: Exception('%ticker%: No price data found, symbol may be delisted (period=2d)')
2026-06-21 20:23:09 [ERROR] yfinance: Failed to get ticker 'SPY' reason: Expecting value: line 1 column 1 (char 0)
2026-06-21 20:23:09 [ERROR] yfinance: 
2 Failed downloads:
2026-06-21 20:23:09 [ERROR] yfinance: ['GC=F', 'SPY']: Exception('%ticker%: No price data found, symbol may be delisted (period=2d)')
2026-06-21 20:23:09 [DEBUG] zkr_analiz.yahoo: No cache for DX=F, triggering background fetch
2026-06-21 20:23:09 [ERROR] yfinance: Failed to get ticker 'DX=F' reason: Expecting value: line 1 column 1 (char 0)
2026-06-21 20:23:09 [ERROR] yfinance: 
1 Failed download:
2026-06-21 20:23:09 [ERROR] yfinance: ['DX=F']: Exception('%ticker%: No price data found, symbol may be delisted (period=2d)')
2026-06-21 20:23:12 [DEBUG] zkr_analiz.jobs: rest_price_poller updated 671 USDT symbols; buffer_size=671
2026-06-21 20:23:12 [WARNING] zkr_analiz.activity_stream: Unknown event type: rsi_extreme
2026-06-21 20:23:12 [WARNING] zkr_analiz.activity_stream: Unknown event type: rsi_extreme
2026-06-21 20:23:12 [WARNING] zkr_analiz.activity_stream: Unknown event type: breakout
2026-06-21 20:23:12 [DEBUG] zkr_analiz.activity_stream: Duplicate event skipped: news_impact AMD news_impact_engine
2026-06-21 20:23:12 [DEBUG] zkr_analiz.activity_stream: Duplicate event skipped: news_impact GOOGL news_impact_engine
2026-06-21 20:23:12 [DEBUG] zkr_analiz.activity_stream: Duplicate event skipped: news_impact GS news_impact_engine
2026-06-21 20:23:12 [DEBUG] zkr_analiz.activity_stream: Duplicate event skipped: news_impact AMD news_impact_engine
2026-06-21 20:23:12 [DEBUG] zkr_analiz.activity_stream: Duplicate event skipped: news_impact BTC news_impact_engine
2026-06-21 20:23:12 [DEBUG] zkr_analiz.activity_stream: Duplicate event skipped: news_impact COIN news_impact_engine
2026-06-21 20:23:12 [DEBUG] zkr_analiz.activity_stream: Duplicate event skipped: strategy_activity BTCUSDT strategy_live_engine
2026-06-21 20:23:12 [DEBUG] zkr_analiz.activity_stream: Duplicate event skipped: strategy_activity BTCUSDT strategy_live_engine
2026-06-21 20:23:12 [DEBUG] zkr_analiz.activity_stream: Duplicate event skipped: strategy_activity BTCUSDT strategy_live_engine
2026-06-21 20:23:12 [DEBUG] zkr_analiz.activity_stream: Duplicate event skipped: strategy_activity BTCUSDT strategy_live_engine
2026-06-21 20:23:12 [DEBUG] zkr_analiz.jobs: broadcast_worker emitting batch size=671
emitting event "price_update_batch" to all [/]
2026-06-21 20:23:12 [INFO] socketio.server: emitting event "price_update_batch" to all [/]
2026-06-21 20:23:17 [DEBUG] zkr_analiz.jobs: rest_price_poller updated 671 USDT symbols; buffer_size=671
2026-06-21 20:23:17 [DEBUG] zkr_analiz.jobs: broadcast_worker emitting batch size=671
emitting event "price_update_batch" to all [/]
2026-06-21 20:23:17 [INFO] socketio.server: emitting event "price_update_batch" to all [/]
2026-06-21 20:23:23 [DEBUG] zkr_analiz.jobs: rest_price_poller updated 671 USDT symbols; buffer_size=671
2026-06-21 20:23:23 [DEBUG] zkr_analiz.jobs: broadcast_worker emitting batch size=671
emitting event "price_update_batch" to all [/]
2026-06-21 20:23:23 [INFO] socketio.server: emitting event "price_update_batch" to all [/]
2026-06-21 20:23:28 [DEBUG] zkr_analiz.jobs: rest_price_poller updated 671 USDT symbols; buffer_size=671
2026-06-21 20:23:28 [DEBUG] zkr_analiz.jobs: broadcast_worker emitting batch size=671
emitting event "price_update_batch" to all [/]
2026-06-21 20:23:28 [INFO] socketio.server: emitting event "price_update_batch" to all [/]
2026-06-21 20:23:33 [DEBUG] zkr_analiz.jobs: rest_price_poller updated 671 USDT symbols; buffer_size=671
2026-06-21 20:23:34 [DEBUG] zkr_analiz.jobs: broadcast_worker emitting batch size=671
emitting event "price_update_batch" to all [/]
2026-06-21 20:23:34 [INFO] socketio.server: emitting event "price_update_batch" to all [/]
2026-06-21 20:23:39 [DEBUG] zkr_analiz.jobs: rest_price_poller updated 671 USDT symbols; buffer_size=671
2026-06-21 20:23:39 [DEBUG] zkr_analiz.jobs: broadcast_worker emitting batch size=671
emitting event "price_update_batch" to all [/]
2026-06-21 20:23:39 [INFO] socketio.server: emitting event "price_update_batch" to all [/]
2026-06-21 20:23:44 [DEBUG] zkr_analiz.jobs: rest_price_poller updated 671 USDT symbols; buffer_size=671
2026-06-21 20:23:44 [DEBUG] zkr_analiz.jobs: broadcast_worker emitting batch size=671
emitting event "price_update_batch" to all [/]
2026-06-21 20:23:44 [INFO] socketio.server: emitting event "price_update_batch" to all [/]
2026-06-21 20:23:49 [DEBUG] zkr_analiz.jobs: rest_price_poller updated 671 USDT symbols; buffer_size=671
2026-06-21 20:23:49 [DEBUG] zkr_analiz.jobs: broadcast_worker emitting batch size=671
emitting event "price_update_batch" to all [/]
2026-06-21 20:23:49 [INFO] socketio.server: emitting event "price_update_batch" to all [/]
2026-06-21 20:23:55 [DEBUG] zkr_analiz.jobs: rest_price_poller updated 671 USDT symbols; buffer_size=671
2026-06-21 20:23:55 [DEBUG] zkr_analiz.jobs: broadcast_worker emitting batch size=671
emitting event "price_update_batch" to all [/]
2026-06-21 20:23:55 [INFO] socketio.server: emitting event "price_update_batch" to all [/]
2026-06-21 20:23:59 [INFO] zkr_analiz.yahoo: Cold start: fetching 5 forex symbols...
2026-06-21 20:23:59 [INFO] zkr_analiz.yahoo: Single-call download for 5 symbols...
2026-06-21 20:23:59 [ERROR] yfinance: Failed to get ticker 'USDTRY=X' reason: Expecting value: line 1 column 1 (char 0)
2026-06-21 20:23:59 [ERROR] yfinance: Failed to get ticker 'EURUSD=X' reason: Expecting value: line 1 column 1 (char 0)
2026-06-21 20:23:59 [ERROR] yfinance: Failed to get ticker 'EURTRY=X' reason: Expecting value: line 1 column 1 (char 0)
2026-06-21 20:23:59 [ERROR] yfinance: Failed to get ticker 'USDJPY=X' reason: Expecting value: line 1 column 1 (char 0)
2026-06-21 20:23:59 [ERROR] yfinance: Failed to get ticker 'GBPUSD=X' reason: Expecting value: line 1 column 1 (char 0)
2026-06-21 20:23:59 [ERROR] yfinance: 
5 Failed downloads:
2026-06-21 20:23:59 [ERROR] yfinance: ['EURUSD=X', 'USDTRY=X', 'USDJPY=X', 'GBPUSD=X', 'EURTRY=X']: Exception('%ticker%: No price data found, symbol may be delisted (period=2d)')
2026-06-21 20:23:59 [INFO] zkr_analiz.yahoo: Single-call got 0/5 prices
2026-06-21 20:23:59 [INFO] zkr_analiz.yahoo: Batch cache updated for forex: 0/5 symbols have prices (0.0%)
2026-06-21 20:23:59 [INFO] zkr_analiz.opportunity_engine: Opportunity scan complete: 3 opportunities found
2026-06-21 20:24:00 [DEBUG] zkr_analiz.jobs: rest_price_poller updated 671 USDT symbols; buffer_size=671
2026-06-21 20:24:00 [DEBUG] zkr_analiz.jobs: broadcast_worker emitting batch size=671
emitting event "price_update_batch" to all [/]
2026-06-21 20:24:00 [INFO] socketio.server: emitting event "price_update_batch" to all [/]
2026-06-21 20:24:06 [DEBUG] zkr_analiz.jobs: rest_price_poller updated 671 USDT symbols; buffer_size=671
2026-06-21 20:24:06 [DEBUG] zkr_analiz.jobs: broadcast_worker emitting batch size=671
emitting event "price_update_batch" to all [/]
2026-06-21 20:24:06 [INFO] socketio.server: emitting event "price_update_batch" to all [/]
2026-06-21 20:24:12 [DEBUG] zkr_analiz.jobs: rest_price_poller updated 671 USDT symbols; buffer_size=671
2026-06-21 20:24:12 [WARNING] zkr_analiz.activity_stream: Unknown event type: rsi_extreme
2026-06-21 20:24:12 [WARNING] zkr_analiz.activity_stream: Unknown event type: rsi_extreme
2026-06-21 20:24:12 [WARNING] zkr_analiz.activity_stream: Unknown event type: breakout
2026-06-21 20:24:12 [DEBUG] zkr_analiz.activity_stream: Duplicate event skipped: news_impact AMD news_impact_engine
2026-06-21 20:24:12 [DEBUG] zkr_analiz.activity_stream: Duplicate event skipped: news_impact GOOGL news_impact_engine
2026-06-21 20:24:12 [DEBUG] zkr_analiz.activity_stream: Duplicate event skipped: news_impact GS news_impact_engine
2026-06-21 20:24:12 [DEBUG] zkr_analiz.activity_stream: Duplicate event skipped: news_impact AMD news_impact_engine
2026-06-21 20:24:12 [DEBUG] zkr_analiz.activity_stream: Duplicate event skipped: news_impact BTC news_impact_engine
2026-06-21 20:24:12 [DEBUG] zkr_analiz.activity_stream: Duplicate event skipped: news_impact COIN news_impact_engine
2026-06-21 20:24:12 [DEBUG] zkr_analiz.activity_stream: Duplicate event skipped: strategy_activity BTCUSDT strategy_live_engine
2026-06-21 20:24:12 [DEBUG] zkr_analiz.activity_stream: Duplicate event skipped: strategy_activity BTCUSDT strategy_live_engine
2026-06-21 20:24:12 [DEBUG] zkr_analiz.activity_stream: Duplicate event skipped: strategy_activity BTCUSDT strategy_live_engine
2026-06-21 20:24:12 [DEBUG] zkr_analiz.activity_stream: Duplicate event skipped: strategy_activity BTCUSDT strategy_live_engine
2026-06-21 20:24:12 [DEBUG] zkr_analiz.jobs: broadcast_worker emitting batch size=671
emitting event "price_update_batch" to all [/]
2026-06-21 20:24:12 [INFO] socketio.server: emitting event "price_update_batch" to all [/]
2026-06-21 20:24:17 [DEBUG] zkr_analiz.jobs: rest_price_poller updated 671 USDT symbols; buffer_size=671
2026-06-21 20:24:17 [DEBUG] zkr_analiz.jobs: broadcast_worker emitting batch size=671
emitting event "price_update_batch" to all [/]
2026-06-21 20:24:17 [INFO] socketio.server: emitting event "price_update_batch" to all [/]
2026-06-21 20:24:22 [DEBUG] zkr_analiz.jobs: rest_price_poller updated 671 USDT symbols; buffer_size=671
2026-06-21 20:24:22 [DEBUG] zkr_analiz.jobs: broadcast_worker emitting batch size=671
emitting event "price_update_batch" to all [/]
2026-06-21 20:24:22 [INFO] socketio.server: emitting event "price_update_batch" to all [/]
2026-06-21 20:24:28 [DEBUG] zkr_analiz.jobs: rest_price_poller updated 671 USDT symbols; buffer_size=671
2026-06-21 20:24:28 [DEBUG] zkr_analiz.jobs: broadcast_worker emitting batch size=671
emitting event "price_update_batch" to all [/]
2026-06-21 20:24:28 [INFO] socketio.server: emitting event "price_update_batch" to all [/]
2026-06-21 20:24:34 [DEBUG] zkr_analiz.jobs: rest_price_poller updated 671 USDT symbols; buffer_size=671
2026-06-21 20:24:34 [DEBUG] zkr_analiz.jobs: broadcast_worker emitting batch size=671
emitting event "price_update_batch" to all [/]
2026-06-21 20:24:34 [INFO] socketio.server: emitting event "price_update_batch" to all [/]
2026-06-21 20:24:40 [DEBUG] zkr_analiz.jobs: rest_price_poller updated 671 USDT symbols; buffer_size=671
2026-06-21 20:24:40 [DEBUG] zkr_analiz.jobs: broadcast_worker emitting batch size=671
emitting event "price_update_batch" to all [/]
2026-06-21 20:24:40 [INFO] socketio.server: emitting event "price_update_batch" to all [/]
2026-06-21 20:24:45 [DEBUG] zkr_analiz.jobs: rest_price_poller updated 671 USDT symbols; buffer_size=671
2026-06-21 20:24:45 [DEBUG] zkr_analiz.jobs: broadcast_worker emitting batch size=671
emitting event "price_update_batch" to all [/]
2026-06-21 20:24:45 [INFO] socketio.server: emitting event "price_update_batch" to all [/]
2026-06-21 20:24:50 [DEBUG] zkr_analiz.jobs: rest_price_poller updated 671 USDT symbols; buffer_size=671
2026-06-21 20:24:50 [DEBUG] zkr_analiz.jobs: broadcast_worker emitting batch size=671
emitting event "price_update_batch" to all [/]
2026-06-21 20:24:50 [INFO] socketio.server: emitting event "price_update_batch" to all [/]
2026-06-21 20:24:55 [DEBUG] zkr_analiz.yahoo: No cache for XU100.IS, triggering background fetch
2026-06-21 20:24:55 [DEBUG] zkr_analiz.yahoo: No cache for THYAO.IS, triggering background fetch
2026-06-21 20:24:56 [ERROR] yfinance: Failed to get ticker 'XU100.IS' reason: Expecting value: line 1 column 1 (char 0)
2026-06-21 20:24:56 [ERROR] yfinance: Failed to get ticker 'THYAO.IS' reason: Expecting value: line 1 column 1 (char 0)
2026-06-21 20:24:56 [ERROR] yfinance: 
1 Failed download:
2026-06-21 20:24:56 [ERROR] yfinance: ['XU100.IS']: Exception('%ticker%: No price data found, symbol may be delisted (period=2d)')
2026-06-21 20:24:56 [ERROR] yfinance: 
2 Failed downloads:
2026-06-21 20:24:56 [ERROR] yfinance: ['XU100.IS', 'THYAO.IS']: Exception('%ticker%: No price data found, symbol may be delisted (period=2d)')
2026-06-21 20:24:56 [DEBUG] zkr_analiz.jobs: rest_price_poller updated 671 USDT symbols; buffer_size=671
2026-06-21 20:24:56 [DEBUG] zkr_analiz.jobs: broadcast_worker emitting batch size=671
emitting event "price_update_batch" to all [/]
2026-06-21 20:24:56 [INFO] socketio.server: emitting event "price_update_batch" to all [/]
2026-06-21 20:25:02 [DEBUG] zkr_analiz.jobs: rest_price_poller updated 671 USDT symbols; buffer_size=671
2026-06-21 20:25:02 [DEBUG] zkr_analiz.jobs: broadcast_worker emitting batch size=671
emitting event "price_update_batch" to all [/]
2026-06-21 20:25:02 [INFO] socketio.server: emitting event "price_update_batch" to all [/]
2026-06-21 20:25:07 [DEBUG] zkr_analiz.jobs: rest_price_poller updated 671 USDT symbols; buffer_size=671
2026-06-21 20:25:07 [DEBUG] zkr_analiz.jobs: broadcast_worker emitting batch size=671
emitting event "price_update_batch" to all [/]
2026-06-21 20:25:07 [INFO] socketio.server: emitting event "price_update_batch" to all [/]
2026-06-21 20:25:08 [DEBUG] zkr_analiz.yahoo: No cache for AAPL, triggering background fetch
2026-06-21 20:25:08 [ERROR] yfinance: Failed to get ticker 'AAPL' reason: Expecting value: line 1 column 1 (char 0)
2026-06-21 20:25:08 [ERROR] yfinance: 
1 Failed download:
2026-06-21 20:25:08 [ERROR] yfinance: ['AAPL']: Exception('%ticker%: No price data found, symbol may be delisted (period=2d)')
2026-06-21 20:25:12 [WARNING] zkr_analiz.activity_stream: Unknown event type: rsi_extreme
2026-06-21 20:25:12 [WARNING] zkr_analiz.activity_stream: Unknown event type: rsi_extreme
2026-06-21 20:25:12 [WARNING] zkr_analiz.activity_stream: Unknown event type: breakout
2026-06-21 20:25:12 [DEBUG] zkr_analiz.activity_stream: Duplicate event skipped: news_impact AMD news_impact_engine
2026-06-21 20:25:12 [DEBUG] zkr_analiz.activity_stream: Duplicate event skipped: news_impact GOOGL news_impact_engine
2026-06-21 20:25:12 [DEBUG] zkr_analiz.activity_stream: Duplicate event skipped: news_impact GS news_impact_engine
2026-06-21 20:25:12 [DEBUG] zkr_analiz.activity_stream: Duplicate event skipped: news_impact AMD news_impact_engine
2026-06-21 20:25:12 [DEBUG] zkr_analiz.activity_stream: Duplicate event skipped: news_impact BTC news_impact_engine
2026-06-21 20:25:12 [DEBUG] zkr_analiz.activity_stream: Duplicate event skipped: news_impact COIN news_impact_engine
2026-06-21 20:25:12 [DEBUG] zkr_analiz.activity_stream: Duplicate event skipped: strategy_activity BTCUSDT strategy_live_engine
2026-06-21 20:25:12 [DEBUG] zkr_analiz.activity_stream: Duplicate event skipped: strategy_activity BTCUSDT strategy_live_engine
2026-06-21 20:25:12 [DEBUG] zkr_analiz.activity_stream: Duplicate event skipped: strategy_activity BTCUSDT strategy_live_engine
2026-06-21 20:25:12 [DEBUG] zkr_analiz.activity_stream: Duplicate event skipped: strategy_activity BTCUSDT strategy_live_engine
2026-06-21 20:25:12 [DEBUG] zkr_analiz.jobs: rest_price_poller updated 671 USDT symbols; buffer_size=671
2026-06-21 20:25:12 [DEBUG] zkr_analiz.jobs: broadcast_worker emitting batch size=671
emitting event "price_update_batch" to all [/]
2026-06-21 20:25:12 [INFO] socketio.server: emitting event "price_update_batch" to all [/]
2026-06-21 20:25:18 [DEBUG] zkr_analiz.jobs: rest_price_poller updated 671 USDT symbols; buffer_size=671
2026-06-21 20:25:18 [DEBUG] zkr_analiz.jobs: broadcast_worker emitting batch size=671
emitting event "price_update_batch" to all [/]
2026-06-21 20:25:18 [INFO] socketio.server: emitting event "price_update_batch" to all [/]
2026-06-21 20:25:23 [DEBUG] zkr_analiz.jobs: rest_price_poller updated 671 USDT symbols; buffer_size=671
2026-06-21 20:25:23 [DEBUG] zkr_analiz.jobs: broadcast_worker emitting batch size=671
emitting event "price_update_batch" to all [/]
2026-06-21 20:25:23 [INFO] socketio.server: emitting event "price_update_batch" to all [/]
2026-06-21 20:25:25 [DEBUG] zkr_analiz.yahoo: No cache for GC=F, triggering background fetch
2026-06-21 20:25:26 [ERROR] yfinance: Failed to get ticker 'GC=F' reason: Expecting value: line 1 column 1 (char 0)
2026-06-21 20:25:26 [ERROR] yfinance: 
1 Failed download:
2026-06-21 20:25:26 [ERROR] yfinance: ['GC=F']: Exception('%ticker%: No price data found, symbol may be delisted (period=2d)')
2026-06-21 20:25:26 [DEBUG] zkr_analiz.yahoo: No cache for SPY, triggering background fetch
2026-06-21 20:25:26 [ERROR] yfinance: Failed to get ticker 'SPY' reason: Expecting value: line 1 column 1 (char 0)
2026-06-21 20:25:26 [DEBUG] zkr_analiz.yahoo: No cache for DX=F, triggering background fetch
2026-06-21 20:25:26 [ERROR] yfinance: Failed to get ticker 'DX=F' reason: Expecting value: line 1 column 1 (char 0)
2026-06-21 20:25:26 [ERROR] yfinance: 
1 Failed download:
2026-06-21 20:25:26 [ERROR] yfinance: ['SPY']: Exception('%ticker%: No price data found, symbol may be delisted (period=2d)')
2026-06-21 20:25:26 [ERROR] yfinance: 
2 Failed downloads:
2026-06-21 20:25:26 [ERROR] yfinance: ['SPY', 'DX=F']: Exception('%ticker%: No price data found, symbol may be delisted (period=2d)')
2026-06-21 20:25:28 [DEBUG] zkr_analiz.jobs: rest_price_poller updated 671 USDT symbols; buffer_size=671
2026-06-21 20:25:28 [DEBUG] zkr_analiz.jobs: broadcast_worker emitting batch size=671
emitting event "price_update_batch" to all [/]
2026-06-21 20:25:28 [INFO] socketio.server: emitting event "price_update_batch" to all [/]
2026-06-21 20:25:34 [DEBUG] zkr_analiz.jobs: rest_price_poller updated 671 USDT symbols; buffer_size=671
2026-06-21 20:25:34 [DEBUG] zkr_analiz.jobs: broadcast_worker emitting batch size=671
emitting event "price_update_batch" to all [/]
2026-06-21 20:25:34 [INFO] socketio.server: emitting event "price_update_batch" to all [/]
2026-06-21 20:25:39 [DEBUG] zkr_analiz.jobs: rest_price_poller updated 671 USDT symbols; buffer_size=671
2026-06-21 20:25:39 [DEBUG] zkr_analiz.jobs: broadcast_worker emitting batch size=671
emitting event "price_update_batch" to all [/]
2026-06-21 20:25:39 [INFO] socketio.server: emitting event "price_update_batch" to all [/]
2026-06-21 20:25:45 [DEBUG] zkr_analiz.jobs: rest_price_poller updated 671 USDT symbols; buffer_size=671
2026-06-21 20:25:45 [DEBUG] zkr_analiz.jobs: broadcast_worker emitting batch size=671
emitting event "price_update_batch" to all [/]
2026-06-21 20:25:45 [INFO] socketio.server: emitting event "price_update_batch" to all [/]
2026-06-21 20:25:50 [DEBUG] zkr_analiz.jobs: rest_price_poller updated 671 USDT symbols; buffer_size=671
2026-06-21 20:25:50 [DEBUG] zkr_analiz.jobs: broadcast_worker emitting batch size=671
emitting event "price_update_batch" to all [/]
2026-06-21 20:25:50 [INFO] socketio.server: emitting event "price_update_batch" to all [/]
2026-06-21 20:25:55 [DEBUG] zkr_analiz.jobs: rest_price_poller updated 671 USDT symbols; buffer_size=671
2026-06-21 20:25:55 [DEBUG] zkr_analiz.jobs: broadcast_worker emitting batch size=671
emitting event "price_update_batch" to all [/]
2026-06-21 20:25:55 [INFO] socketio.server: emitting event "price_update_batch" to all [/]
2026-06-21 20:26:01 [DEBUG] zkr_analiz.jobs: rest_price_poller updated 671 USDT symbols; buffer_size=671
2026-06-21 20:26:01 [DEBUG] zkr_analiz.jobs: broadcast_worker emitting batch size=671
emitting event "price_update_batch" to all [/]
2026-06-21 20:26:01 [INFO] socketio.server: emitting event "price_update_batch" to all [/]
2026-06-21 20:26:03 [INFO] zkr_analiz.yahoo: Stale cache for stocks, triggering background refresh
2026-06-21 20:26:03 [INFO] zkr_analiz.yahoo: Single-call download for 8 symbols...
2026-06-21 20:26:03 [INFO] zkr_analiz.yahoo: Cold start: fetching 5 forex symbols...
2026-06-21 20:26:03 [INFO] zkr_analiz.yahoo: Single-call download for 5 symbols...
2026-06-21 20:26:03 [ERROR] yfinance: Failed to get ticker 'MSFT' reason: Expecting value: line 1 column 1 (char 0)
2026-06-21 20:26:03 [ERROR] yfinance: Failed to get ticker 'NVDA' reason: Expecting value: line 1 column 1 (char 0)
2026-06-21 20:26:03 [ERROR] yfinance: Failed to get ticker 'TSLA' reason: Expecting value: line 1 column 1 (char 0)
2026-06-21 20:26:03 [ERROR] yfinance: Failed to get ticker 'JPM' reason: Expecting value: line 1 column 1 (char 0)
2026-06-21 20:26:03 [ERROR] yfinance: Failed to get ticker 'EURUSD=X' reason: Expecting value: line 1 column 1 (char 0)
2026-06-21 20:26:03 [ERROR] yfinance: Failed to get ticker 'META' reason: Expecting value: line 1 column 1 (char 0)
2026-06-21 20:26:03 [ERROR] yfinance: Failed to get ticker 'GBPUSD=X' reason: Expecting value: line 1 column 1 (char 0)
2026-06-21 20:26:03 [ERROR] yfinance: Failed to get ticker 'EURTRY=X' reason: Expecting value: line 1 column 1 (char 0)
2026-06-21 20:26:03 [ERROR] yfinance: Failed to get ticker 'AAPL' reason: Expecting value: line 1 column 1 (char 0)
2026-06-21 20:26:03 [ERROR] yfinance: Failed to get ticker 'AMZN' reason: Expecting value: line 1 column 1 (char 0)
2026-06-21 20:26:03 [ERROR] yfinance: Failed to get ticker 'USDJPY=X' reason: Expecting value: line 1 column 1 (char 0)
2026-06-21 20:26:03 [ERROR] yfinance: Failed to get ticker 'USDTRY=X' reason: Expecting value: line 1 column 1 (char 0)
2026-06-21 20:26:03 [ERROR] yfinance: 
5 Failed downloads:
2026-06-21 20:26:03 [ERROR] yfinance: ['GOOGL']: IndexError('tuple index out of range')
2026-06-21 20:26:03 [ERROR] yfinance: ['NVDA', 'TSLA', 'MSFT', 'EURTRY=X']: Exception('%ticker%: No price data found, symbol may be delisted (period=2d)')
2026-06-21 20:26:03 [INFO] zkr_analiz.yahoo: Single-call got 0/5 prices
2026-06-21 20:26:03 [INFO] zkr_analiz.yahoo: Batch cache updated for forex: 0/5 symbols have prices (0.0%)
2026-06-21 20:26:03 [INFO] zkr_analiz.opportunity_engine: Opportunity scan complete: 3 opportunities found
2026-06-21 20:26:03 [ERROR] yfinance: 
8 Failed downloads:
2026-06-21 20:26:03 [ERROR] yfinance: ['GOOGL']: IndexError('tuple index out of range')
2026-06-21 20:26:03 [ERROR] yfinance: ['NVDA', 'TSLA', 'MSFT', 'EURTRY=X', 'EURUSD=X', 'GBPUSD=X', 'AAPL']: Exception('%ticker%: No price data found, symbol may be delisted (period=2d)')
2026-06-21 20:26:03 [INFO] zkr_analiz.yahoo: Single-call got 0/8 prices
2026-06-21 20:26:03 [INFO] zkr_analiz.yahoo: Batch download got 0/8 stocks, trying CoinGecko fallback...
2026-06-21 20:26:05 [INFO] zkr_analiz.yahoo: Batch cache updated for stocks: 4/8 symbols have prices (50.0%)
2026-06-21 20:26:07 [DEBUG] zkr_analiz.jobs: rest_price_poller updated 671 USDT symbols; buffer_size=671
2026-06-21 20:26:07 [DEBUG] zkr_analiz.jobs: broadcast_worker emitting batch size=671
emitting event "price_update_batch" to all [/]
2026-06-21 20:26:07 [INFO] socketio.server: emitting event "price_update_batch" to all [/]
2026-06-21 20:26:12 [WARNING] zkr_analiz.activity_stream: Unknown event type: rsi_extreme
2026-06-21 20:26:12 [WARNING] zkr_analiz.activity_stream: Unknown event type: rsi_extreme
2026-06-21 20:26:12 [WARNING] zkr_analiz.activity_stream: Unknown event type: breakout
2026-06-21 20:26:12 [DEBUG] zkr_analiz.activity_stream: Duplicate event skipped: news_impact AMD news_impact_engine
2026-06-21 20:26:12 [DEBUG] zkr_analiz.activity_stream: Duplicate event skipped: news_impact GOOGL news_impact_engine
2026-06-21 20:26:12 [DEBUG] zkr_analiz.activity_stream: Duplicate event skipped: news_impact GS news_impact_engine
2026-06-21 20:26:12 [DEBUG] zkr_analiz.activity_stream: Duplicate event skipped: news_impact AMD news_impact_engine
2026-06-21 20:26:12 [DEBUG] zkr_analiz.activity_stream: Duplicate event skipped: news_impact BTC news_impact_engine
2026-06-21 20:26:12 [DEBUG] zkr_analiz.activity_stream: Duplicate event skipped: news_impact COIN news_impact_engine
2026-06-21 20:26:12 [DEBUG] zkr_analiz.activity_stream: Duplicate event skipped: strategy_activity BTCUSDT strategy_live_engine
2026-06-21 20:26:12 [DEBUG] zkr_analiz.activity_stream: Duplicate event skipped: strategy_activity BTCUSDT strategy_live_engine
2026-06-21 20:26:12 [DEBUG] zkr_analiz.activity_stream: Duplicate event skipped: strategy_activity BTCUSDT strategy_live_engine
2026-06-21 20:26:12 [DEBUG] zkr_analiz.activity_stream: Duplicate event skipped: strategy_activity BTCUSDT strategy_live_engine
2026-06-21 20:26:12 [DEBUG] zkr_analiz.jobs: rest_price_poller updated 671 USDT symbols; buffer_size=671
2026-06-21 20:26:12 [DEBUG] zkr_analiz.jobs: broadcast_worker emitting batch size=671
emitting event "price_update_batch" to all [/]
2026-06-21 20:26:12 [INFO] socketio.server: emitting event "price_update_batch" to all [/]
2026-06-21 20:26:17 [DEBUG] zkr_analiz.jobs: rest_price_poller updated 671 USDT symbols; buffer_size=671
2026-06-21 20:26:17 [DEBUG] zkr_analiz.jobs: broadcast_worker emitting batch size=671
emitting event "price_update_batch" to all [/]
2026-06-21 20:26:17 [INFO] socketio.server: emitting event "price_update_batch" to all [/]
2026-06-21 20:26:23 [DEBUG] zkr_analiz.jobs: rest_price_poller updated 671 USDT symbols; buffer_size=671
2026-06-21 20:26:23 [DEBUG] zkr_analiz.jobs: broadcast_worker emitting batch size=671
emitting event "price_update_batch" to all [/]
2026-06-21 20:26:23 [INFO] socketio.server: emitting event "price_update_batch" to all [/]
2026-06-21 20:26:28 [DEBUG] zkr_analiz.jobs: rest_price_poller updated 671 USDT symbols; buffer_size=671
2026-06-21 20:26:28 [DEBUG] zkr_analiz.jobs: broadcast_worker emitting batch size=671
emitting event "price_update_batch" to all [/]
2026-06-21 20:26:28 [INFO] socketio.server: emitting event "price_update_batch" to all [/]
2026-06-21 20:26:33 [DEBUG] zkr_analiz.jobs: rest_price_poller updated 671 USDT symbols; buffer_size=671
2026-06-21 20:26:33 [DEBUG] zkr_analiz.jobs: broadcast_worker emitting batch size=671
emitting event "price_update_batch" to all [/]
2026-06-21 20:26:33 [INFO] socketio.server: emitting event "price_update_batch" to all [/]
2026-06-21 20:26:40 [DEBUG] zkr_analiz.jobs: rest_price_poller updated 671 USDT symbols; buffer_size=671
2026-06-21 20:26:40 [DEBUG] zkr_analiz.jobs: broadcast_worker emitting batch size=671
emitting event "price_update_batch" to all [/]
2026-06-21 20:26:40 [INFO] socketio.server: emitting event "price_update_batch" to all [/]
2026-06-21 20:26:46 [DEBUG] zkr_analiz.jobs: rest_price_poller updated 671 USDT symbols; buffer_size=671
2026-06-21 20:26:46 [DEBUG] zkr_analiz.jobs: broadcast_worker emitting batch size=671
emitting event "price_update_batch" to all [/]
2026-06-21 20:26:46 [INFO] socketio.server: emitting event "price_update_batch" to all [/]
2026-06-21 20:26:51 [DEBUG] zkr_analiz.jobs: rest_price_poller updated 671 USDT symbols; buffer_size=671
2026-06-21 20:26:51 [DEBUG] zkr_analiz.jobs: broadcast_worker emitting batch size=671
emitting event "price_update_batch" to all [/]
2026-06-21 20:26:51 [INFO] socketio.server: emitting event "price_update_batch" to all [/]
2026-06-21 20:26:57 [DEBUG] zkr_analiz.jobs: rest_price_poller updated 671 USDT symbols; buffer_size=671
2026-06-21 20:26:57 [DEBUG] zkr_analiz.jobs: broadcast_worker emitting batch size=671
emitting event "price_update_batch" to all [/]
2026-06-21 20:26:57 [INFO] socketio.server: emitting event "price_update_batch" to all [/]
2026-06-21 20:27:02 [DEBUG] zkr_analiz.jobs: rest_price_poller updated 671 USDT symbols; buffer_size=671
2026-06-21 20:27:02 [DEBUG] zkr_analiz.jobs: broadcast_worker emitting batch size=671
emitting event "price_update_batch" to all [/]
2026-06-21 20:27:02 [INFO] socketio.server: emitting event "price_update_batch" to all [/]
2026-06-21 20:27:08 [DEBUG] zkr_analiz.jobs: rest_price_poller updated 671 USDT symbols; buffer_size=671
2026-06-21 20:27:08 [DEBUG] zkr_analiz.yahoo: No cache for XU100.IS, triggering background fetch
2026-06-21 20:27:08 [DEBUG] zkr_analiz.yahoo: No cache for THYAO.IS, triggering background fetch
2026-06-21 20:27:08 [ERROR] yfinance: Failed to get ticker 'THYAO.IS' reason: Expecting value: line 1 column 1 (char 0)
2026-06-21 20:27:08 [ERROR] yfinance: 
1 Failed download:
2026-06-21 20:27:08 [ERROR] yfinance: ['THYAO.IS']: Exception('%ticker%: No price data found, symbol may be delisted (period=2d)')
2026-06-21 20:27:08 [DEBUG] zkr_analiz.jobs: broadcast_worker emitting batch size=671
emitting event "price_update_batch" to all [/]
2026-06-21 20:27:08 [INFO] socketio.server: emitting event "price_update_batch" to all [/]
2026-06-21 20:27:09 [ERROR] yfinance: Failed to get ticker 'XU100.IS' reason: Expecting value: line 1 column 1 (char 0)
2026-06-21 20:27:09 [ERROR] yfinance: 
2 Failed downloads:
2026-06-21 20:27:09 [ERROR] yfinance: ['THYAO.IS', 'XU100.IS']: Exception('%ticker%: No price data found, symbol may be delisted (period=2d)')
2026-06-21 20:27:11 [DEBUG] zkr_analiz.monolith: ws/market client disconnected: Connection closed: 1001 
2026-06-21 20:27:11 [DEBUG] zkr_analiz.monolith: ws/activity client disconnected: Connection closed: 1001 
2026-06-21 20:27:11 [INFO] zkr_analiz.monolith: ws/market client connected
2026-06-21 20:27:11 [DEBUG] zkr_analiz.yahoo: No cache for AAPL, triggering background fetch
2026-06-21 20:27:11 [INFO] zkr_analiz.monolith: ws/activity client connected
2026-06-21 20:27:11 [DEBUG] zkr_analiz.activity_stream: Activity WS listener registered (total: 2)
2026-06-21 20:27:11 [ERROR] yfinance: Failed to get ticker 'AAPL' reason: Expecting value: line 1 column 1 (char 0)
2026-06-21 20:27:11 [ERROR] yfinance: 
1 Failed download:
2026-06-21 20:27:11 [ERROR] yfinance: ['AAPL']: Exception('%ticker%: No price data found, symbol may be delisted (period=2d)')
2026-06-21 20:27:12 [WARNING] zkr_analiz.activity_stream: Unknown event type: rsi_extreme
2026-06-21 20:27:12 [WARNING] zkr_analiz.activity_stream: Unknown event type: rsi_extreme
2026-06-21 20:27:12 [WARNING] zkr_analiz.activity_stream: Unknown event type: breakout
2026-06-21 20:27:12 [INFO] zkr_analiz.activity_stream: Activity notification: [CRITICAL] news_impact AMD — Nvidia stock jumps on AI earnings beat
2026-06-21 20:27:12 [INFO] zkr_analiz.activity_stream: Activity notification: [CRITICAL] news_impact GOOGL — Nvidia stock jumps on AI earnings beat
2026-06-21 20:27:12 [INFO] zkr_analiz.activity_stream: Activity notification: [CRITICAL] news_impact GS — Nvidia stock jumps on AI earnings beat
2026-06-21 20:27:12 [DEBUG] zkr_analiz.activity_stream: Duplicate event skipped: news_impact AMD news_impact_engine
2026-06-21 20:27:12 [INFO] zkr_analiz.activity_stream: Activity notification: [CRITICAL] news_impact BTC — Bitcoin price surges to new all-time high above $150k
2026-06-21 20:27:12 [INFO] zkr_analiz.activity_stream: Activity notification: [CRITICAL] news_impact COIN — Bitcoin price surges to new all-time high above $150k
2026-06-21 20:27:12 [DEBUG] zkr_analiz.activity_stream: Duplicate event skipped: strategy_activity BTCUSDT strategy_live_engine
2026-06-21 20:27:12 [DEBUG] zkr_analiz.activity_stream: Duplicate event skipped: strategy_activity BTCUSDT strategy_live_engine
2026-06-21 20:27:12 [DEBUG] zkr_analiz.activity_stream: Duplicate event skipped: strategy_activity BTCUSDT strategy_live_engine
2026-06-21 20:27:12 [INFO] zkr_analiz.activity_stream: Activity stream: collected 6 new events
2026-06-21 20:27:12 [WARNING] zkr_analiz.news: RSS parse error for CryptoPanic: mismatched tag: line 90, column 2
2026-06-21 20:27:13 [DEBUG] zkr_analiz.jobs: rest_price_poller updated 671 USDT symbols; buffer_size=671
2026-06-21 20:27:13 [DEBUG] zkr_analiz.jobs: broadcast_worker emitting batch size=671
emitting event "price_update_batch" to all [/]
2026-06-21 20:27:13 [INFO] socketio.server: emitting event "price_update_batch" to all [/]
2026-06-21 20:27:15 [WARNING] zkr_analiz.news: RSS parse error for CryptoPanic: mismatched tag: line 90, column 2
2026-06-21 20:27:19 [DEBUG] zkr_analiz.jobs: rest_price_poller updated 671 USDT symbols; buffer_size=671
2026-06-21 20:27:19 [DEBUG] zkr_analiz.jobs: broadcast_worker emitting batch size=671
emitting event "price_update_batch" to all [/]
2026-06-21 20:27:19 [INFO] socketio.server: emitting event "price_update_batch" to all [/]
2026-06-21 20:27:24 [DEBUG] zkr_analiz.jobs: rest_price_poller updated 671 USDT symbols; buffer_size=671
2026-06-21 20:27:24 [DEBUG] zkr_analiz.jobs: broadcast_worker emitting batch size=671
emitting event "price_update_batch" to all [/]
2026-06-21 20:27:24 [INFO] socketio.server: emitting event "price_update_batch" to all [/]
2026-06-21 20:27:29 [DEBUG] zkr_analiz.jobs: rest_price_poller updated 671 USDT symbols; buffer_size=671
2026-06-21 20:27:29 [DEBUG] zkr_analiz.jobs: broadcast_worker emitting batch size=671
emitting event "price_update_batch" to all [/]
2026-06-21 20:27:29 [INFO] socketio.server: emitting event "price_update_batch" to all [/]
2026-06-21 20:27:35 [DEBUG] zkr_analiz.jobs: rest_price_poller updated 671 USDT symbols; buffer_size=671
2026-06-21 20:27:35 [DEBUG] zkr_analiz.jobs: broadcast_worker emitting batch size=671
emitting event "price_update_batch" to all [/]
2026-06-21 20:27:35 [INFO] socketio.server: emitting event "price_update_batch" to all [/]
2026-06-21 20:27:40 [DEBUG] zkr_analiz.jobs: rest_price_poller updated 671 USDT symbols; buffer_size=671
2026-06-21 20:27:40 [DEBUG] zkr_analiz.jobs: broadcast_worker emitting batch size=671
emitting event "price_update_batch" to all [/]
2026-06-21 20:27:40 [INFO] socketio.server: emitting event "price_update_batch" to all [/]
2026-06-21 20:27:41 [DEBUG] zkr_analiz.yahoo: No cache for GC=F, triggering background fetch
2026-06-21 20:27:41 [ERROR] yfinance: Failed to get ticker 'GC=F' reason: Expecting value: line 1 column 1 (char 0)
2026-06-21 20:27:41 [ERROR] yfinance: 
1 Failed download:
2026-06-21 20:27:41 [ERROR] yfinance: ['GC=F']: Exception('%ticker%: No price data found, symbol may be delisted (period=2d)')
2026-06-21 20:27:41 [DEBUG] zkr_analiz.yahoo: No cache for SPY, triggering background fetch
2026-06-21 20:27:41 [ERROR] yfinance: Failed to get ticker 'SPY' reason: Expecting value: line 1 column 1 (char 0)
2026-06-21 20:27:41 [DEBUG] zkr_analiz.yahoo: No cache for DX=F, triggering background fetch
2026-06-21 20:27:41 [ERROR] yfinance: 
1 Failed download:
2026-06-21 20:27:41 [ERROR] yfinance: ['SPY']: Exception('%ticker%: No price data found, symbol may be delisted (period=2d)')
2026-06-21 20:27:42 [ERROR] yfinance: Failed to get ticker 'DX=F' reason: Expecting value: line 1 column 1 (char 0)
2026-06-21 20:27:42 [ERROR] yfinance: 
1 Failed download:
2026-06-21 20:27:42 [ERROR] yfinance: ['DX=F']: Exception('%ticker%: No price data found, symbol may be delisted (period=2d)')
2026-06-21 20:27:46 [DEBUG] zkr_analiz.jobs: rest_price_poller updated 671 USDT symbols; buffer_size=671
2026-06-21 20:27:46 [DEBUG] zkr_analiz.jobs: broadcast_worker emitting batch size=671
emitting event "price_update_batch" to all [/]
2026-06-21 20:27:46 [INFO] socketio.server: emitting event "price_update_batch" to all [/]
2026-06-21 20:27:51 [DEBUG] zkr_analiz.jobs: rest_price_poller updated 671 USDT symbols; buffer_size=671
2026-06-21 20:27:51 [DEBUG] zkr_analiz.jobs: broadcast_worker emitting batch size=671
emitting event "price_update_batch" to all [/]
2026-06-21 20:27:51 [INFO] socketio.server: emitting event "price_update_batch" to all [/]
2026-06-21 20:27:57 [DEBUG] zkr_analiz.jobs: rest_price_poller updated 671 USDT symbols; buffer_size=671
2026-06-21 20:27:57 [DEBUG] zkr_analiz.jobs: broadcast_worker emitting batch size=671
emitting event "price_update_batch" to all [/]
2026-06-21 20:27:57 [INFO] socketio.server: emitting event "price_update_batch" to all [/]
2026-06-21 20:28:02 [DEBUG] zkr_analiz.jobs: rest_price_poller updated 671 USDT symbols; buffer_size=671
2026-06-21 20:28:03 [DEBUG] zkr_analiz.jobs: broadcast_worker emitting batch size=671
emitting event "price_update_batch" to all [/]
2026-06-21 20:28:03 [INFO] socketio.server: emitting event "price_update_batch" to all [/]
2026-06-21 20:28:07 [INFO] zkr_analiz.yahoo: Cold start: fetching 5 forex symbols...
2026-06-21 20:28:07 [INFO] zkr_analiz.yahoo: Single-call download for 5 symbols...
2026-06-21 20:28:07 [ERROR] yfinance: Failed to get ticker 'USDJPY=X' reason: Expecting value: line 1 column 1 (char 0)
2026-06-21 20:28:07 [ERROR] yfinance: Failed to get ticker 'EURUSD=X' reason: Expecting value: line 1 column 1 (char 0)
2026-06-21 20:28:07 [ERROR] yfinance: Failed to get ticker 'USDTRY=X' reason: Expecting value: line 1 column 1 (char 0)
2026-06-21 20:28:07 [ERROR] yfinance: Failed to get ticker 'EURTRY=X' reason: Expecting value: line 1 column 1 (char 0)
2026-06-21 20:28:07 [ERROR] yfinance: Failed to get ticker 'GBPUSD=X' reason: Expecting value: line 1 column 1 (char 0)
2026-06-21 20:28:07 [ERROR] yfinance: 
5 Failed downloads:
2026-06-21 20:28:07 [ERROR] yfinance: ['USDTRY=X', 'EURUSD=X', 'USDJPY=X', 'EURTRY=X', 'GBPUSD=X']: Exception('%ticker%: No price data found, symbol may be delisted (period=2d)')
2026-06-21 20:28:07 [INFO] zkr_analiz.yahoo: Single-call got 0/5 prices
2026-06-21 20:28:07 [INFO] zkr_analiz.yahoo: Batch cache updated for forex: 0/5 symbols have prices (0.0%)
2026-06-21 20:28:07 [INFO] zkr_analiz.opportunity_engine: Opportunity scan complete: 3 opportunities found
2026-06-21 20:28:08 [DEBUG] zkr_analiz.jobs: rest_price_poller updated 671 USDT symbols; buffer_size=671
2026-06-21 20:28:08 [DEBUG] zkr_analiz.jobs: broadcast_worker emitting batch size=671
emitting event "price_update_batch" to all [/]
2026-06-21 20:28:08 [INFO] socketio.server: emitting event "price_update_batch" to all [/]
2026-06-21 20:28:12 [WARNING] zkr_analiz.activity_stream: Unknown event type: rsi_extreme
2026-06-21 20:28:12 [WARNING] zkr_analiz.activity_stream: Unknown event type: rsi_extreme
2026-06-21 20:28:12 [WARNING] zkr_analiz.activity_stream: Unknown event type: breakout
2026-06-21 20:28:12 [DEBUG] zkr_analiz.activity_stream: Duplicate event skipped: news_impact AMD news_impact_engine
2026-06-21 20:28:12 [DEBUG] zkr_analiz.activity_stream: Duplicate event skipped: news_impact GOOGL news_impact_engine
2026-06-21 20:28:12 [DEBUG] zkr_analiz.activity_stream: Duplicate event skipped: news_impact GS news_impact_engine
2026-06-21 20:28:12 [DEBUG] zkr_analiz.activity_stream: Duplicate event skipped: news_impact AMD news_impact_engine
2026-06-21 20:28:12 [DEBUG] zkr_analiz.activity_stream: Duplicate event skipped: news_impact BTC news_impact_engine
2026-06-21 20:28:12 [DEBUG] zkr_analiz.activity_stream: Duplicate event skipped: news_impact COIN news_impact_engine
2026-06-21 20:28:12 [DEBUG] zkr_analiz.activity_stream: Duplicate event skipped: strategy_activity BTCUSDT strategy_live_engine
2026-06-21 20:28:12 [DEBUG] zkr_analiz.activity_stream: Duplicate event skipped: strategy_activity BTCUSDT strategy_live_engine
2026-06-21 20:28:12 [DEBUG] zkr_analiz.activity_stream: Duplicate event skipped: strategy_activity BTCUSDT strategy_live_engine
2026-06-21 20:28:12 [DEBUG] zkr_analiz.activity_stream: Duplicate event skipped: strategy_activity BTCUSDT strategy_live_engine
2026-06-21 20:28:13 [DEBUG] zkr_analiz.jobs: rest_price_poller updated 671 USDT symbols; buffer_size=671
2026-06-21 20:28:13 [DEBUG] zkr_analiz.jobs: broadcast_worker emitting batch size=671
emitting event "price_update_batch" to all [/]
2026-06-21 20:28:13 [INFO] socketio.server: emitting event "price_update_batch" to all [/]
2026-06-21 20:28:19 [DEBUG] zkr_analiz.jobs: rest_price_poller updated 671 USDT symbols; buffer_size=671
2026-06-21 20:28:19 [DEBUG] zkr_analiz.jobs: broadcast_worker emitting batch size=671
emitting event "price_update_batch" to all [/]
2026-06-21 20:28:19 [INFO] socketio.server: emitting event "price_update_batch" to all [/]
2026-06-21 20:28:24 [DEBUG] zkr_analiz.jobs: rest_price_poller updated 671 USDT symbols; buffer_size=671
2026-06-21 20:28:24 [DEBUG] zkr_analiz.jobs: broadcast_worker emitting batch size=671
emitting event "price_update_batch" to all [/]
2026-06-21 20:28:24 [INFO] socketio.server: emitting event "price_update_batch" to all [/]
2026-06-21 20:28:29 [DEBUG] zkr_analiz.jobs: rest_price_poller updated 671 USDT symbols; buffer_size=671
2026-06-21 20:28:30 [DEBUG] zkr_analiz.jobs: broadcast_worker emitting batch size=671
emitting event "price_update_batch" to all [/]
2026-06-21 20:28:30 [INFO] socketio.server: emitting event "price_update_batch" to all [/]
2026-06-21 20:28:35 [DEBUG] zkr_analiz.jobs: rest_price_poller updated 671 USDT symbols; buffer_size=671
2026-06-21 20:28:35 [DEBUG] zkr_analiz.jobs: broadcast_worker emitting batch size=671
emitting event "price_update_batch" to all [/]
2026-06-21 20:28:35 [INFO] socketio.server: emitting event "price_update_batch" to all [/]
2026-06-21 20:28:40 [DEBUG] zkr_analiz.jobs: rest_price_poller updated 671 USDT symbols; buffer_size=671
2026-06-21 20:28:40 [DEBUG] zkr_analiz.jobs: broadcast_worker emitting batch size=671
emitting event "price_update_batch" to all [/]
2026-06-21 20:28:40 [INFO] socketio.server: emitting event "price_update_batch" to all [/]
2026-06-21 20:28:45 [DEBUG] zkr_analiz.jobs: rest_price_poller updated 671 USDT symbols; buffer_size=671
2026-06-21 20:28:46 [DEBUG] zkr_analiz.jobs: broadcast_worker emitting batch size=671
emitting event "price_update_batch" to all [/]
2026-06-21 20:28:46 [INFO] socketio.server: emitting event "price_update_batch" to all [/]
2026-06-21 20:28:50 [DEBUG] zkr_analiz.jobs: rest_price_poller updated 671 USDT symbols; buffer_size=671
2026-06-21 20:28:51 [DEBUG] zkr_analiz.jobs: broadcast_worker emitting batch size=671
emitting event "price_update_batch" to all [/]
2026-06-21 20:28:51 [INFO] socketio.server: emitting event "price_update_batch" to all [/]
2026-06-21 20:28:56 [DEBUG] zkr_analiz.jobs: rest_price_poller updated 671 USDT symbols; buffer_size=671
2026-06-21 20:28:56 [DEBUG] zkr_analiz.jobs: broadcast_worker emitting batch size=671
emitting event "price_update_batch" to all [/]
2026-06-21 20:28:56 [INFO] socketio.server: emitting event "price_update_batch" to all [/]
2026-06-21 20:29:01 [DEBUG] zkr_analiz.jobs: rest_price_poller updated 671 USDT symbols; buffer_size=671
2026-06-21 20:29:02 [DEBUG] zkr_analiz.jobs: broadcast_worker emitting batch size=671
emitting event "price_update_batch" to all [/]
2026-06-21 20:29:02 [INFO] socketio.server: emitting event "price_update_batch" to all [/]
2026-06-21 20:29:07 [DEBUG] zkr_analiz.jobs: rest_price_poller updated 671 USDT symbols; buffer_size=671
2026-06-21 20:29:07 [DEBUG] zkr_analiz.jobs: broadcast_worker emitting batch size=671
emitting event "price_update_batch" to all [/]
2026-06-21 20:29:07 [INFO] socketio.server: emitting event "price_update_batch" to all [/]
2026-06-21 20:29:11 [DEBUG] zkr_analiz.yahoo: No cache for THYAO.IS, triggering background fetch
2026-06-21 20:29:11 [DEBUG] zkr_analiz.yahoo: No cache for XU100.IS, triggering background fetch
2026-06-21 20:29:11 [ERROR] yfinance: Failed to get ticker 'XU100.IS' reason: Expecting value: line 1 column 1 (char 0)
2026-06-21 20:29:11 [ERROR] yfinance: Failed to get ticker 'THYAO.IS' reason: Expecting value: line 1 column 1 (char 0)
2026-06-21 20:29:11 [ERROR] yfinance: 
2 Failed downloads:
2026-06-21 20:29:11 [ERROR] yfinance: ['THYAO.IS', 'XU100.IS']: Exception('%ticker%: No price data found, symbol may be delisted (period=2d)')
2026-06-21 20:29:11 [ERROR] yfinance: 
2 Failed downloads:
2026-06-21 20:29:11 [ERROR] yfinance: ['THYAO.IS', 'XU100.IS']: Exception('%ticker%: No price data found, symbol may be delisted (period=2d)')
2026-06-21 20:29:12 [WARNING] zkr_analiz.activity_stream: Unknown event type: rsi_extreme
2026-06-21 20:29:12 [WARNING] zkr_analiz.activity_stream: Unknown event type: rsi_extreme
2026-06-21 20:29:12 [WARNING] zkr_analiz.activity_stream: Unknown event type: breakout
2026-06-21 20:29:12 [DEBUG] zkr_analiz.activity_stream: Duplicate event skipped: news_impact AMD news_impact_engine
2026-06-21 20:29:12 [DEBUG] zkr_analiz.activity_stream: Duplicate event skipped: news_impact GOOGL news_impact_engine
2026-06-21 20:29:12 [DEBUG] zkr_analiz.activity_stream: Duplicate event skipped: news_impact GS news_impact_engine
2026-06-21 20:29:12 [DEBUG] zkr_analiz.activity_stream: Duplicate event skipped: news_impact AMD news_impact_engine
2026-06-21 20:29:12 [DEBUG] zkr_analiz.activity_stream: Duplicate event skipped: news_impact BTC news_impact_engine
2026-06-21 20:29:12 [DEBUG] zkr_analiz.activity_stream: Duplicate event skipped: news_impact COIN news_impact_engine
2026-06-21 20:29:12 [DEBUG] zkr_analiz.activity_stream: Duplicate event skipped: strategy_activity BTCUSDT strategy_live_engine
2026-06-21 20:29:12 [DEBUG] zkr_analiz.activity_stream: Duplicate event skipped: strategy_activity BTCUSDT strategy_live_engine
2026-06-21 20:29:12 [DEBUG] zkr_analiz.activity_stream: Duplicate event skipped: strategy_activity BTCUSDT strategy_live_engine
2026-06-21 20:29:12 [DEBUG] zkr_analiz.activity_stream: Duplicate event skipped: strategy_activity BTCUSDT strategy_live_engine
2026-06-21 20:29:12 [DEBUG] zkr_analiz.jobs: rest_price_poller updated 671 USDT symbols; buffer_size=671
2026-06-21 20:29:13 [DEBUG] zkr_analiz.jobs: broadcast_worker emitting batch size=671
emitting event "price_update_batch" to all [/]
2026-06-21 20:29:13 [INFO] socketio.server: emitting event "price_update_batch" to all [/]
2026-06-21 20:29:17 [DEBUG] zkr_analiz.jobs: rest_price_poller updated 671 USDT symbols; buffer_size=671
2026-06-21 20:29:18 [DEBUG] zkr_analiz.jobs: broadcast_worker emitting batch size=671
emitting event "price_update_batch" to all [/]
2026-06-21 20:29:18 [INFO] socketio.server: emitting event "price_update_batch" to all [/]
2026-06-21 20:29:21 [DEBUG] zkr_analiz.monolith: ws/market client disconnected: Connection closed: 1001 
2026-06-21 20:29:21 [DEBUG] zkr_analiz.monolith: ws/activity client disconnected: Connection closed: 1001 
2026-06-21 20:29:21 [DEBUG] zkr_analiz.yahoo: No cache for AAPL, triggering background fetch
2026-06-21 20:29:21 [INFO] zkr_analiz.monolith: ws/market client connected
2026-06-21 20:29:21 [INFO] zkr_analiz.monolith: ws/activity client connected
2026-06-21 20:29:21 [DEBUG] zkr_analiz.activity_stream: Activity WS listener registered (total: 2)
2026-06-21 20:29:21 [ERROR] yfinance: Failed to get ticker 'AAPL' reason: Expecting value: line 1 column 1 (char 0)
2026-06-21 20:29:21 [ERROR] yfinance: 
1 Failed download:
2026-06-21 20:29:21 [ERROR] yfinance: ['AAPL']: Exception('%ticker%: No price data found, symbol may be delisted (period=2d)')
2026-06-21 20:29:23 [DEBUG] zkr_analiz.jobs: rest_price_poller updated 671 USDT symbols; buffer_size=671
2026-06-21 20:29:23 [DEBUG] zkr_analiz.jobs: broadcast_worker emitting batch size=671
emitting event "price_update_batch" to all [/]
2026-06-21 20:29:23 [INFO] socketio.server: emitting event "price_update_batch" to all [/]
2026-06-21 20:29:28 [DEBUG] zkr_analiz.jobs: rest_price_poller updated 671 USDT symbols; buffer_size=671
2026-06-21 20:29:29 [DEBUG] zkr_analiz.jobs: broadcast_worker emitting batch size=671
emitting event "price_update_batch" to all [/]
2026-06-21 20:29:29 [INFO] socketio.server: emitting event "price_update_batch" to all [/]
2026-06-21 20:29:33 [DEBUG] zkr_analiz.jobs: rest_price_poller updated 671 USDT symbols; buffer_size=671
2026-06-21 20:29:34 [DEBUG] zkr_analiz.jobs: broadcast_worker emitting batch size=671
emitting event "price_update_batch" to all [/]
2026-06-21 20:29:34 [INFO] socketio.server: emitting event "price_update_batch" to all [/]
2026-06-21 20:29:39 [DEBUG] zkr_analiz.jobs: rest_price_poller updated 671 USDT symbols; buffer_size=671
2026-06-21 20:29:39 [DEBUG] zkr_analiz.jobs: broadcast_worker emitting batch size=671
emitting event "price_update_batch" to all [/]
2026-06-21 20:29:39 [INFO] socketio.server: emitting event "price_update_batch" to all [/]
2026-06-21 20:29:44 [DEBUG] zkr_analiz.jobs: rest_price_poller updated 671 USDT symbols; buffer_size=671
2026-06-21 20:29:44 [DEBUG] zkr_analiz.jobs: broadcast_worker emitting batch size=671
emitting event "price_update_batch" to all [/]
2026-06-21 20:29:44 [INFO] socketio.server: emitting event "price_update_batch" to all [/]
2026-06-21 20:29:48 [DEBUG] zkr_analiz.monolith: ws/market client disconnected: Connection closed: 1001 
2026-06-21 20:29:48 [DEBUG] zkr_analiz.monolith: ws/activity client disconnected: Connection closed: 1001 
2026-06-21 20:29:48 [DEBUG] zkr_analiz.yahoo: No cache for GC=F, triggering background fetch
2026-06-21 20:29:48 [INFO] zkr_analiz.monolith: ws/market client connected
2026-06-21 20:29:48 [INFO] zkr_analiz.monolith: ws/activity client connected
2026-06-21 20:29:48 [DEBUG] zkr_analiz.activity_stream: Activity WS listener registered (total: 2)
2026-06-21 20:29:48 [ERROR] yfinance: Failed to get ticker 'GC=F' reason: Expecting value: line 1 column 1 (char 0)
2026-06-21 20:29:49 [ERROR] yfinance: 
1 Failed download:
2026-06-21 20:29:49 [ERROR] yfinance: ['GC=F']: Exception('%ticker%: No price data found, symbol may be delisted (period=2d)')
2026-06-21 20:29:49 [DEBUG] zkr_analiz.yahoo: No cache for SPY, triggering background fetch
2026-06-21 20:29:49 [ERROR] yfinance: Failed to get ticker 'SPY' reason: Expecting value: line 1 column 1 (char 0)
2026-06-21 20:29:49 [DEBUG] zkr_analiz.yahoo: No cache for DX=F, triggering background fetch
2026-06-21 20:29:49 [ERROR] yfinance: 
1 Failed download:
2026-06-21 20:29:49 [ERROR] yfinance: ['SPY']: Exception('%ticker%: No price data found, symbol may be delisted (period=2d)')
2026-06-21 20:29:49 [ERROR] yfinance: Failed to get ticker 'DX=F' reason: Expecting value: line 1 column 1 (char 0)
2026-06-21 20:29:49 [ERROR] yfinance: 
2 Failed downloads:
2026-06-21 20:29:49 [ERROR] yfinance: ['SPY', 'DX=F']: Exception('%ticker%: No price data found, symbol may be delisted (period=2d)')
2026-06-21 20:29:49 [DEBUG] zkr_analiz.jobs: rest_price_poller updated 671 USDT symbols; buffer_size=671
2026-06-21 20:29:50 [DEBUG] zkr_analiz.jobs: broadcast_worker emitting batch size=671
emitting event "price_update_batch" to all [/]
2026-06-21 20:29:50 [INFO] socketio.server: emitting event "price_update_batch" to all [/]
2026-06-21 20:29:55 [DEBUG] zkr_analiz.jobs: rest_price_poller updated 671 USDT symbols; buffer_size=671
2026-06-21 20:29:55 [DEBUG] zkr_analiz.jobs: broadcast_worker emitting batch size=671
emitting event "price_update_batch" to all [/]
2026-06-21 20:29:55 [INFO] socketio.server: emitting event "price_update_batch" to all [/]
2026-06-21 20:30:01 [DEBUG] zkr_analiz.jobs: rest_price_poller updated 671 USDT symbols; buffer_size=671
2026-06-21 20:30:01 [DEBUG] zkr_analiz.jobs: broadcast_worker emitting batch size=671
emitting event "price_update_batch" to all [/]
2026-06-21 20:30:01 [INFO] socketio.server: emitting event "price_update_batch" to all [/]
2026-06-21 20:30:07 [DEBUG] zkr_analiz.jobs: rest_price_poller updated 671 USDT symbols; buffer_size=671
2026-06-21 20:30:07 [DEBUG] zkr_analiz.jobs: broadcast_worker emitting batch size=671
emitting event "price_update_batch" to all [/]
2026-06-21 20:30:07 [INFO] socketio.server: emitting event "price_update_batch" to all [/]
2026-06-21 20:30:10 [INFO] zkr_analiz.yahoo: Cold start: fetching 5 forex symbols...
2026-06-21 20:30:10 [INFO] zkr_analiz.yahoo: Single-call download for 5 symbols...
2026-06-21 20:30:10 [ERROR] yfinance: Failed to get ticker 'GBPUSD=X' reason: Expecting value: line 1 column 1 (char 0)
2026-06-21 20:30:10 [ERROR] yfinance: Failed to get ticker 'USDTRY=X' reason: Expecting value: line 1 column 1 (char 0)
2026-06-21 20:30:10 [ERROR] yfinance: Failed to get ticker 'EURUSD=X' reason: Expecting value: line 1 column 1 (char 0)
2026-06-21 20:30:10 [ERROR] yfinance: Failed to get ticker 'USDJPY=X' reason: Expecting value: line 1 column 1 (char 0)
2026-06-21 20:30:10 [ERROR] yfinance: Failed to get ticker 'EURTRY=X' reason: Expecting value: line 1 column 1 (char 0)
2026-06-21 20:30:10 [ERROR] yfinance: 
5 Failed downloads:
2026-06-21 20:30:10 [ERROR] yfinance: ['EURUSD=X', 'USDTRY=X', 'USDJPY=X', 'GBPUSD=X', 'EURTRY=X']: Exception('%ticker%: No price data found, symbol may be delisted (period=2d)')
2026-06-21 20:30:10 [INFO] zkr_analiz.yahoo: Single-call got 0/5 prices
2026-06-21 20:30:10 [INFO] zkr_analiz.yahoo: Batch cache updated for forex: 0/5 symbols have prices (0.0%)
2026-06-21 20:30:10 [INFO] zkr_analiz.opportunity_engine: Opportunity scan complete: 3 opportunities found
2026-06-21 20:30:12 [WARNING] zkr_analiz.activity_stream: Unknown event type: rsi_extreme
2026-06-21 20:30:12 [WARNING] zkr_analiz.activity_stream: Unknown event type: rsi_extreme
2026-06-21 20:30:12 [WARNING] zkr_analiz.activity_stream: Unknown event type: breakout
2026-06-21 20:30:12 [DEBUG] zkr_analiz.activity_stream: Duplicate event skipped: news_impact AMD news_impact_engine
2026-06-21 20:30:12 [DEBUG] zkr_analiz.activity_stream: Duplicate event skipped: news_impact GOOGL news_impact_engine
2026-06-21 20:30:12 [DEBUG] zkr_analiz.activity_stream: Duplicate event skipped: news_impact GS news_impact_engine
2026-06-21 20:30:12 [DEBUG] zkr_analiz.activity_stream: Duplicate event skipped: news_impact AMD news_impact_engine
2026-06-21 20:30:12 [DEBUG] zkr_analiz.activity_stream: Duplicate event skipped: news_impact BTC news_impact_engine
2026-06-21 20:30:12 [DEBUG] zkr_analiz.activity_stream: Duplicate event skipped: news_impact COIN news_impact_engine
2026-06-21 20:30:12 [DEBUG] zkr_analiz.activity_stream: Duplicate event skipped: strategy_activity BTCUSDT strategy_live_engine
2026-06-21 20:30:12 [DEBUG] zkr_analiz.activity_stream: Duplicate event skipped: strategy_activity BTCUSDT strategy_live_engine
2026-06-21 20:30:12 [DEBUG] zkr_analiz.activity_stream: Duplicate event skipped: strategy_activity BTCUSDT strategy_live_engine
2026-06-21 20:30:12 [DEBUG] zkr_analiz.activity_stream: Duplicate event skipped: strategy_activity BTCUSDT strategy_live_engine
2026-06-21 20:30:12 [DEBUG] zkr_analiz.jobs: rest_price_poller updated 671 USDT symbols; buffer_size=671
2026-06-21 20:30:13 [DEBUG] zkr_analiz.jobs: broadcast_worker emitting batch size=671
emitting event "price_update_batch" to all [/]
2026-06-21 20:30:13 [INFO] socketio.server: emitting event "price_update_batch" to all [/]
2026-06-21 20:30:19 [DEBUG] zkr_analiz.jobs: rest_price_poller updated 671 USDT symbols; buffer_size=671
2026-06-21 20:30:19 [DEBUG] zkr_analiz.jobs: broadcast_worker emitting batch size=671
emitting event "price_update_batch" to all [/]
2026-06-21 20:30:19 [INFO] socketio.server: emitting event "price_update_batch" to all [/]
2026-06-21 20:30:24 [DEBUG] zkr_analiz.jobs: rest_price_poller updated 671 USDT symbols; buffer_size=671
2026-06-21 20:30:25 [DEBUG] zkr_analiz.jobs: broadcast_worker emitting batch size=671
emitting event "price_update_batch" to all [/]
2026-06-21 20:30:25 [INFO] socketio.server: emitting event "price_update_batch" to all [/]
2026-06-21 20:30:30 [DEBUG] zkr_analiz.jobs: rest_price_poller updated 671 USDT symbols; buffer_size=671
2026-06-21 20:30:30 [DEBUG] zkr_analiz.jobs: broadcast_worker emitting batch size=671
emitting event "price_update_batch" to all [/]
2026-06-21 20:30:30 [INFO] socketio.server: emitting event "price_update_batch" to all [/]
2026-06-21 20:30:35 [DEBUG] zkr_analiz.jobs: rest_price_poller updated 671 USDT symbols; buffer_size=671
2026-06-21 20:30:35 [DEBUG] zkr_analiz.jobs: broadcast_worker emitting batch size=671
emitting event "price_update_batch" to all [/]
2026-06-21 20:30:35 [INFO] socketio.server: emitting event "price_update_batch" to all [/]
2026-06-21 20:30:40 [DEBUG] zkr_analiz.jobs: rest_price_poller updated 671 USDT symbols; buffer_size=671
2026-06-21 20:30:41 [DEBUG] zkr_analiz.jobs: broadcast_worker emitting batch size=671
emitting event "price_update_batch" to all [/]
2026-06-21 20:30:41 [INFO] socketio.server: emitting event "price_update_batch" to all [/]
2026-06-21 20:30:46 [DEBUG] zkr_analiz.jobs: rest_price_poller updated 671 USDT symbols; buffer_size=671
2026-06-21 20:30:46 [DEBUG] zkr_analiz.jobs: broadcast_worker emitting batch size=671
emitting event "price_update_batch" to all [/]
2026-06-21 20:30:46 [INFO] socketio.server: emitting event "price_update_batch" to all [/]
2026-06-21 20:30:51 [DEBUG] zkr_analiz.jobs: rest_price_poller updated 671 USDT symbols; buffer_size=671
2026-06-21 20:30:51 [DEBUG] zkr_analiz.jobs: broadcast_worker emitting batch size=671
emitting event "price_update_batch" to all [/]
2026-06-21 20:30:51 [INFO] socketio.server: emitting event "price_update_batch" to all [/]
2026-06-21 20:30:56 [DEBUG] zkr_analiz.jobs: rest_price_poller updated 671 USDT symbols; buffer_size=671
2026-06-21 20:30:57 [DEBUG] zkr_analiz.jobs: broadcast_worker emitting batch size=671
emitting event "price_update_batch" to all [/]
2026-06-21 20:30:57 [INFO] socketio.server: emitting event "price_update_batch" to all [/]
2026-06-21 20:31:02 [DEBUG] zkr_analiz.jobs: rest_price_poller updated 671 USDT symbols; buffer_size=671
2026-06-21 20:31:02 [DEBUG] zkr_analiz.jobs: broadcast_worker emitting batch size=671
emitting event "price_update_batch" to all [/]
2026-06-21 20:31:02 [INFO] socketio.server: emitting event "price_update_batch" to all [/]
2026-06-21 20:31:07 [DEBUG] zkr_analiz.jobs: rest_price_poller updated 671 USDT symbols; buffer_size=671
2026-06-21 20:31:08 [DEBUG] zkr_analiz.jobs: broadcast_worker emitting batch size=671
emitting event "price_update_batch" to all [/]
2026-06-21 20:31:08 [INFO] socketio.server: emitting event "price_update_batch" to all [/]
2026-06-21 20:31:12 [WARNING] zkr_analiz.activity_stream: Unknown event type: rsi_extreme
2026-06-21 20:31:12 [WARNING] zkr_analiz.activity_stream: Unknown event type: rsi_extreme
2026-06-21 20:31:12 [WARNING] zkr_analiz.activity_stream: Unknown event type: breakout
2026-06-21 20:31:12 [DEBUG] zkr_analiz.activity_stream: Duplicate event skipped: news_impact AMD news_impact_engine
2026-06-21 20:31:12 [DEBUG] zkr_analiz.activity_stream: Duplicate event skipped: news_impact GOOGL news_impact_engine
2026-06-21 20:31:12 [DEBUG] zkr_analiz.activity_stream: Duplicate event skipped: news_impact GS news_impact_engine
2026-06-21 20:31:12 [DEBUG] zkr_analiz.activity_stream: Duplicate event skipped: news_impact AMD news_impact_engine
2026-06-21 20:31:12 [DEBUG] zkr_analiz.activity_stream: Duplicate event skipped: news_impact BTC news_impact_engine
2026-06-21 20:31:12 [DEBUG] zkr_analiz.activity_stream: Duplicate event skipped: news_impact COIN news_impact_engine
2026-06-21 20:31:12 [DEBUG] zkr_analiz.activity_stream: Duplicate event skipped: strategy_activity BTCUSDT strategy_live_engine
2026-06-21 20:31:12 [DEBUG] zkr_analiz.activity_stream: Duplicate event skipped: strategy_activity BTCUSDT strategy_live_engine
2026-06-21 20:31:12 [DEBUG] zkr_analiz.activity_stream: Duplicate event skipped: strategy_activity BTCUSDT strategy_live_engine
2026-06-21 20:31:12 [DEBUG] zkr_analiz.activity_stream: Duplicate event skipped: strategy_activity BTCUSDT strategy_live_engine
2026-06-21 20:31:12 [DEBUG] zkr_analiz.jobs: rest_price_poller updated 671 USDT symbols; buffer_size=671
2026-06-21 20:31:13 [DEBUG] zkr_analiz.jobs: broadcast_worker emitting batch size=671
emitting event "price_update_batch" to all [/]
2026-06-21 20:31:13 [INFO] socketio.server: emitting event "price_update_batch" to all [/]
2026-06-21 20:31:18 [DEBUG] zkr_analiz.jobs: rest_price_poller updated 671 USDT symbols; buffer_size=671
2026-06-21 20:31:18 [DEBUG] zkr_analiz.jobs: broadcast_worker emitting batch size=671
emitting event "price_update_batch" to all [/]
2026-06-21 20:31:18 [INFO] socketio.server: emitting event "price_update_batch" to all [/]
2026-06-21 20:31:18 [DEBUG] zkr_analiz.yahoo: No cache for XU100.IS, triggering background fetch
2026-06-21 20:31:18 [DEBUG] zkr_analiz.yahoo: No cache for THYAO.IS, triggering background fetch
2026-06-21 20:31:18 [ERROR] yfinance: Failed to get ticker 'THYAO.IS' reason: Expecting value: line 1 column 1 (char 0)
2026-06-21 20:31:19 [ERROR] yfinance: Failed to get ticker 'XU100.IS' reason: Expecting value: line 1 column 1 (char 0)
2026-06-21 20:31:19 [ERROR] yfinance: 
1 Failed download:
2026-06-21 20:31:19 [ERROR] yfinance: ['XU100.IS']: Exception('%ticker%: No price data found, symbol may be delisted (period=2d)')
2026-06-21 20:31:19 [ERROR] yfinance: 
2 Failed downloads:
2026-06-21 20:31:19 [ERROR] yfinance: ['XU100.IS', 'THYAO.IS']: Exception('%ticker%: No price data found, symbol may be delisted (period=2d)')
2026-06-21 20:31:23 [DEBUG] zkr_analiz.jobs: rest_price_poller updated 671 USDT symbols; buffer_size=671
2026-06-21 20:31:24 [DEBUG] zkr_analiz.jobs: broadcast_worker emitting batch size=671
emitting event "price_update_batch" to all [/]
2026-06-21 20:31:24 [INFO] socketio.server: emitting event "price_update_batch" to all [/]
2026-06-21 20:31:25 [DEBUG] zkr_analiz.yahoo: No cache for AAPL, triggering background fetch
2026-06-21 20:31:26 [ERROR] yfinance: Failed to get ticker 'AAPL' reason: Expecting value: line 1 column 1 (char 0)
2026-06-21 20:31:26 [ERROR] yfinance: 
1 Failed download:
2026-06-21 20:31:26 [ERROR] yfinance: ['AAPL']: Exception('%ticker%: No price data found, symbol may be delisted (period=2d)')
2026-06-21 20:31:29 [DEBUG] zkr_analiz.jobs: rest_price_poller updated 671 USDT symbols; buffer_size=671
2026-06-21 20:31:29 [DEBUG] zkr_analiz.jobs: broadcast_worker emitting batch size=671
emitting event "price_update_batch" to all [/]
2026-06-21 20:31:29 [INFO] socketio.server: emitting event "price_update_batch" to all [/]
2026-06-21 20:31:34 [DEBUG] zkr_analiz.jobs: rest_price_poller updated 671 USDT symbols; buffer_size=671
2026-06-21 20:31:35 [DEBUG] zkr_analiz.jobs: broadcast_worker emitting batch size=671
emitting event "price_update_batch" to all [/]
2026-06-21 20:31:35 [INFO] socketio.server: emitting event "price_update_batch" to all [/]
2026-06-21 20:31:40 [DEBUG] zkr_analiz.jobs: rest_price_poller updated 671 USDT symbols; buffer_size=671
2026-06-21 20:31:40 [DEBUG] zkr_analiz.jobs: broadcast_worker emitting batch size=671
emitting event "price_update_batch" to all [/]
2026-06-21 20:31:40 [INFO] socketio.server: emitting event "price_update_batch" to all [/]
2026-06-21 20:31:45 [DEBUG] zkr_analiz.jobs: rest_price_poller updated 671 USDT symbols; buffer_size=671
2026-06-21 20:31:45 [DEBUG] zkr_analiz.jobs: broadcast_worker emitting batch size=671
emitting event "price_update_batch" to all [/]
2026-06-21 20:31:45 [INFO] socketio.server: emitting event "price_update_batch" to all [/]
2026-06-21 20:31:50 [DEBUG] zkr_analiz.jobs: rest_price_poller updated 671 USDT symbols; buffer_size=671
2026-06-21 20:31:51 [DEBUG] zkr_analiz.jobs: broadcast_worker emitting batch size=671
emitting event "price_update_batch" to all [/]
2026-06-21 20:31:51 [INFO] socketio.server: emitting event "price_update_batch" to all [/]
2026-06-21 20:31:55 [DEBUG] zkr_analiz.yahoo: No cache for GC=F, triggering background fetch
2026-06-21 20:31:56 [ERROR] yfinance: Failed to get ticker 'GC=F' reason: Expecting value: line 1 column 1 (char 0)
2026-06-21 20:31:56 [DEBUG] zkr_analiz.jobs: rest_price_poller updated 671 USDT symbols; buffer_size=671
2026-06-21 20:31:56 [ERROR] yfinance: 
1 Failed download:
2026-06-21 20:31:56 [ERROR] yfinance: ['GC=F']: Exception('%ticker%: No price data found, symbol may be delisted (period=2d)')
2026-06-21 20:31:56 [DEBUG] zkr_analiz.yahoo: No cache for SPY, triggering background fetch
2026-06-21 20:31:56 [ERROR] yfinance: Failed to get ticker 'SPY' reason: Expecting value: line 1 column 1 (char 0)
2026-06-21 20:31:56 [DEBUG] zkr_analiz.jobs: broadcast_worker emitting batch size=671
emitting event "price_update_batch" to all [/]
2026-06-21 20:31:56 [INFO] socketio.server: emitting event "price_update_batch" to all [/]
2026-06-21 20:31:56 [ERROR] yfinance: 
1 Failed download:
2026-06-21 20:31:56 [ERROR] yfinance: ['SPY']: Exception('%ticker%: No price data found, symbol may be delisted (period=2d)')
2026-06-21 20:31:56 [DEBUG] zkr_analiz.yahoo: No cache for DX=F, triggering background fetch
2026-06-21 20:31:56 [ERROR] yfinance: Failed to get ticker 'DX=F' reason: Expecting value: line 1 column 1 (char 0)
2026-06-21 20:31:56 [ERROR] yfinance: 
1 Failed download:
2026-06-21 20:31:56 [ERROR] yfinance: ['DX=F']: Exception('%ticker%: No price data found, symbol may be delisted (period=2d)')
2026-06-21 20:32:02 [DEBUG] zkr_analiz.jobs: rest_price_poller updated 671 USDT symbols; buffer_size=671
2026-06-21 20:32:02 [DEBUG] zkr_analiz.jobs: broadcast_worker emitting batch size=671
emitting event "price_update_batch" to all [/]
2026-06-21 20:32:02 [INFO] socketio.server: emitting event "price_update_batch" to all [/]
2026-06-21 20:32:07 [DEBUG] zkr_analiz.jobs: rest_price_poller updated 671 USDT symbols; buffer_size=671
2026-06-21 20:32:08 [DEBUG] zkr_analiz.jobs: broadcast_worker emitting batch size=671
emitting event "price_update_batch" to all [/]
2026-06-21 20:32:08 [INFO] socketio.server: emitting event "price_update_batch" to all [/]
2026-06-21 20:32:12 [WARNING] zkr_analiz.activity_stream: Unknown event type: rsi_extreme
2026-06-21 20:32:12 [WARNING] zkr_analiz.activity_stream: Unknown event type: rsi_extreme
2026-06-21 20:32:12 [WARNING] zkr_analiz.activity_stream: Unknown event type: rsi_extreme
2026-06-21 20:32:12 [WARNING] zkr_analiz.activity_stream: Unknown event type: rsi_extreme
2026-06-21 20:32:12 [WARNING] zkr_analiz.activity_stream: Unknown event type: rsi_extreme
2026-06-21 20:32:12 [WARNING] zkr_analiz.activity_stream: Unknown event type: rsi_extreme
2026-06-21 20:32:12 [WARNING] zkr_analiz.activity_stream: Unknown event type: rsi_extreme
2026-06-21 20:32:12 [WARNING] zkr_analiz.activity_stream: Unknown event type: rsi_extreme
2026-06-21 20:32:12 [WARNING] zkr_analiz.activity_stream: Unknown event type: rsi_extreme
2026-06-21 20:32:12 [WARNING] zkr_analiz.activity_stream: Unknown event type: rsi_extreme
2026-06-21 20:32:12 [WARNING] zkr_analiz.activity_stream: Unknown event type: rsi_extreme
2026-06-21 20:32:12 [WARNING] zkr_analiz.activity_stream: Unknown event type: rsi_extreme
2026-06-21 20:32:12 [WARNING] zkr_analiz.activity_stream: Unknown event type: rsi_extreme
2026-06-21 20:32:12 [WARNING] zkr_analiz.activity_stream: Unknown event type: rsi_extreme
2026-06-21 20:32:12 [WARNING] zkr_analiz.activity_stream: Unknown event type: rsi_extreme
2026-06-21 20:32:12 [WARNING] zkr_analiz.activity_stream: Unknown event type: rsi_extreme
2026-06-21 20:32:12 [WARNING] zkr_analiz.activity_stream: Unknown event type: rsi_extreme
2026-06-21 20:32:12 [WARNING] zkr_analiz.activity_stream: Unknown event type: rsi_extreme
2026-06-21 20:32:12 [WARNING] zkr_analiz.activity_stream: Unknown event type: rsi_extreme
2026-06-21 20:32:12 [WARNING] zkr_analiz.activity_stream: Unknown event type: rsi_extreme
2026-06-21 20:32:12 [INFO] zkr_analiz.activity_stream: Activity notification: [CRITICAL] news_impact AMD — Nvidia stock jumps on AI earnings beat
2026-06-21 20:32:12 [INFO] zkr_analiz.activity_stream: Activity notification: [CRITICAL] news_impact GOOGL — Nvidia stock jumps on AI earnings beat
2026-06-21 20:32:12 [INFO] zkr_analiz.activity_stream: Activity notification: [CRITICAL] news_impact GS — Nvidia stock jumps on AI earnings beat
2026-06-21 20:32:12 [DEBUG] zkr_analiz.activity_stream: Duplicate event skipped: news_impact AMD news_impact_engine
2026-06-21 20:32:12 [INFO] zkr_analiz.activity_stream: Activity notification: [CRITICAL] news_impact BTC — Bitcoin price surges to new all-time high above $150k
2026-06-21 20:32:12 [INFO] zkr_analiz.activity_stream: Activity notification: [CRITICAL] news_impact COIN — Bitcoin price surges to new all-time high above $150k
2026-06-21 20:32:12 [DEBUG] zkr_analiz.activity_stream: Duplicate event skipped: strategy_activity BTCUSDT strategy_live_engine
2026-06-21 20:32:12 [DEBUG] zkr_analiz.activity_stream: Duplicate event skipped: strategy_activity BTCUSDT strategy_live_engine
2026-06-21 20:32:12 [DEBUG] zkr_analiz.activity_stream: Duplicate event skipped: strategy_activity BTCUSDT strategy_live_engine
2026-06-21 20:32:12 [INFO] zkr_analiz.activity_stream: Activity stream: collected 6 new events
2026-06-21 20:32:13 [DEBUG] zkr_analiz.jobs: rest_price_poller updated 671 USDT symbols; buffer_size=671
2026-06-21 20:32:13 [DEBUG] zkr_analiz.jobs: broadcast_worker emitting batch size=671
emitting event "price_update_batch" to all [/]
2026-06-21 20:32:13 [INFO] socketio.server: emitting event "price_update_batch" to all [/]
2026-06-21 20:32:14 [INFO] zkr_analiz.yahoo: Stale cache for stocks, triggering background refresh
2026-06-21 20:32:14 [INFO] zkr_analiz.yahoo: Single-call download for 8 symbols...
2026-06-21 20:32:14 [INFO] zkr_analiz.yahoo: Cold start: fetching 5 forex symbols...
2026-06-21 20:32:14 [INFO] zkr_analiz.yahoo: Single-call download for 5 symbols...
2026-06-21 20:32:14 [ERROR] yfinance: Failed to get ticker 'NVDA' reason: Expecting value: line 1 column 1 (char 0)
2026-06-21 20:32:14 [ERROR] yfinance: Failed to get ticker 'USDTRY=X' reason: Expecting value: line 1 column 1 (char 0)
2026-06-21 20:32:14 [ERROR] yfinance: Failed to get ticker 'AMZN' reason: Expecting value: line 1 column 1 (char 0)
2026-06-21 20:32:14 [ERROR] yfinance: Failed to get ticker 'GBPUSD=X' reason: Expecting value: line 1 column 1 (char 0)
2026-06-21 20:32:14 [ERROR] yfinance: Failed to get ticker 'EURUSD=X' reason: Expecting value: line 1 column 1 (char 0)
2026-06-21 20:32:14 [ERROR] yfinance: Failed to get ticker 'USDJPY=X' reason: Expecting value: line 1 column 1 (char 0)
2026-06-21 20:32:14 [ERROR] yfinance: Failed to get ticker 'MSFT' reason: Expecting value: line 1 column 1 (char 0)
2026-06-21 20:32:14 [ERROR] yfinance: Failed to get ticker 'TSLA' reason: Expecting value: line 1 column 1 (char 0)
2026-06-21 20:32:14 [ERROR] yfinance: Failed to get ticker 'JPM' reason: Expecting value: line 1 column 1 (char 0)
2026-06-21 20:32:14 [ERROR] yfinance: Failed to get ticker 'AAPL' reason: Expecting value: line 1 column 1 (char 0)
2026-06-21 20:32:14 [ERROR] yfinance: Failed to get ticker 'META' reason: Expecting value: line 1 column 1 (char 0)
2026-06-21 20:32:14 [ERROR] yfinance: 
5 Failed downloads:
2026-06-21 20:32:14 [ERROR] yfinance: ['GOOGL']: IndexError('tuple index out of range')
2026-06-21 20:32:14 [ERROR] yfinance: ['EURTRY=X']: InterfaceError('bad parameter or other API misuse')
2026-06-21 20:32:14 [ERROR] yfinance: ['GBPUSD=X', 'EURUSD=X', 'NVDA']: Exception('%ticker%: No price data found, symbol may be delisted (period=2d)')
2026-06-21 20:32:14 [INFO] zkr_analiz.yahoo: Single-call got 0/5 prices
2026-06-21 20:32:14 [INFO] zkr_analiz.yahoo: Batch cache updated for forex: 0/5 symbols have prices (0.0%)
2026-06-21 20:32:14 [INFO] zkr_analiz.opportunity_engine: Opportunity scan complete: 3 opportunities found
2026-06-21 20:32:14 [ERROR] yfinance: 
11 Failed downloads:
2026-06-21 20:32:14 [ERROR] yfinance: ['GOOGL']: IndexError('tuple index out of range')
2026-06-21 20:32:14 [ERROR] yfinance: ['EURTRY=X']: InterfaceError('bad parameter or other API misuse')
2026-06-21 20:32:14 [ERROR] yfinance: ['GBPUSD=X', 'EURUSD=X', 'NVDA', 'USDTRY=X', 'USDJPY=X', 'MSFT', 'TSLA', 'AMZN', 'META']: Exception('%ticker%: No price data found, symbol may be delisted (period=2d)')
2026-06-21 20:32:14 [INFO] zkr_analiz.yahoo: Single-call got 0/8 prices
2026-06-21 20:32:14 [INFO] zkr_analiz.yahoo: Batch download got 0/8 stocks, trying CoinGecko fallback...
2026-06-21 20:32:15 [INFO] zkr_analiz.yahoo: Batch cache updated for stocks: 4/8 symbols have prices (50.0%)
2026-06-21 20:32:18 [DEBUG] zkr_analiz.jobs: rest_price_poller updated 671 USDT symbols; buffer_size=671
2026-06-21 20:32:18 [DEBUG] zkr_analiz.jobs: broadcast_worker emitting batch size=671
emitting event "price_update_batch" to all [/]
2026-06-21 20:32:18 [INFO] socketio.server: emitting event "price_update_batch" to all [/]
2026-06-21 20:32:24 [DEBUG] zkr_analiz.jobs: rest_price_poller updated 671 USDT symbols; buffer_size=671
2026-06-21 20:32:24 [DEBUG] zkr_analiz.jobs: broadcast_worker emitting batch size=671
emitting event "price_update_batch" to all [/]
2026-06-21 20:32:24 [INFO] socketio.server: emitting event "price_update_batch" to all [/]
2026-06-21 20:32:29 [DEBUG] zkr_analiz.jobs: rest_price_poller updated 671 USDT symbols; buffer_size=671
2026-06-21 20:32:30 [DEBUG] zkr_analiz.jobs: broadcast_worker emitting batch size=671
emitting event "price_update_batch" to all [/]
2026-06-21 20:32:30 [INFO] socketio.server: emitting event "price_update_batch" to all [/]
2026-06-21 20:32:35 [DEBUG] zkr_analiz.jobs: rest_price_poller updated 671 USDT symbols; buffer_size=671
2026-06-21 20:32:35 [DEBUG] zkr_analiz.jobs: broadcast_worker emitting batch size=671
emitting event "price_update_batch" to all [/]
2026-06-21 20:32:35 [INFO] socketio.server: emitting event "price_update_batch" to all [/]
2026-06-21 20:32:40 [DEBUG] zkr_analiz.jobs: rest_price_poller updated 671 USDT symbols; buffer_size=671
2026-06-21 20:32:40 [DEBUG] zkr_analiz.jobs: broadcast_worker emitting batch size=671
emitting event "price_update_batch" to all [/]
2026-06-21 20:32:40 [INFO] socketio.server: emitting event "price_update_batch" to all [/]
2026-06-21 20:32:46 [DEBUG] zkr_analiz.jobs: rest_price_poller updated 671 USDT symbols; buffer_size=671
2026-06-21 20:32:46 [DEBUG] zkr_analiz.jobs: broadcast_worker emitting batch size=671
emitting event "price_update_batch" to all [/]
2026-06-21 20:32:46 [INFO] socketio.server: emitting event "price_update_batch" to all [/]
2026-06-21 20:32:51 [DEBUG] zkr_analiz.jobs: rest_price_poller updated 671 USDT symbols; buffer_size=671
2026-06-21 20:32:51 [DEBUG] zkr_analiz.jobs: broadcast_worker emitting batch size=671
emitting event "price_update_batch" to all [/]
2026-06-21 20:32:51 [INFO] socketio.server: emitting event "price_update_batch" to all [/]
2026-06-21 20:32:56 [DEBUG] zkr_analiz.jobs: rest_price_poller updated 671 USDT symbols; buffer_size=671
2026-06-21 20:32:57 [DEBUG] zkr_analiz.jobs: broadcast_worker emitting batch size=671
emitting event "price_update_batch" to all [/]
2026-06-21 20:32:57 [INFO] socketio.server: emitting event "price_update_batch" to all [/]
2026-06-21 20:33:02 [DEBUG] zkr_analiz.jobs: rest_price_poller updated 671 USDT symbols; buffer_size=671
2026-06-21 20:33:02 [DEBUG] zkr_analiz.jobs: broadcast_worker emitting batch size=671
emitting event "price_update_batch" to all [/]
2026-06-21 20:33:02 [INFO] socketio.server: emitting event "price_update_batch" to all [/]
2026-06-21 20:33:07 [DEBUG] zkr_analiz.jobs: rest_price_poller updated 671 USDT symbols; buffer_size=671
2026-06-21 20:33:07 [DEBUG] zkr_analiz.jobs: broadcast_worker emitting batch size=671
emitting event "price_update_batch" to all [/]
2026-06-21 20:33:07 [INFO] socketio.server: emitting event "price_update_batch" to all [/]
2026-06-21 20:33:12 [WARNING] zkr_analiz.activity_stream: Unknown event type: rsi_extreme
2026-06-21 20:33:12 [WARNING] zkr_analiz.activity_stream: Unknown event type: rsi_extreme
2026-06-21 20:33:12 [WARNING] zkr_analiz.activity_stream: Unknown event type: breakout
2026-06-21 20:33:12 [DEBUG] zkr_analiz.activity_stream: Duplicate event skipped: news_impact AMD news_impact_engine
2026-06-21 20:33:12 [DEBUG] zkr_analiz.activity_stream: Duplicate event skipped: news_impact GOOGL news_impact_engine
2026-06-21 20:33:12 [DEBUG] zkr_analiz.activity_stream: Duplicate event skipped: news_impact GS news_impact_engine
2026-06-21 20:33:12 [DEBUG] zkr_analiz.activity_stream: Duplicate event skipped: news_impact AMD news_impact_engine
2026-06-21 20:33:12 [DEBUG] zkr_analiz.activity_stream: Duplicate event skipped: news_impact BTC news_impact_engine
2026-06-21 20:33:12 [DEBUG] zkr_analiz.activity_stream: Duplicate event skipped: news_impact COIN news_impact_engine
2026-06-21 20:33:12 [DEBUG] zkr_analiz.activity_stream: Duplicate event skipped: strategy_activity BTCUSDT strategy_live_engine
2026-06-21 20:33:12 [DEBUG] zkr_analiz.activity_stream: Duplicate event skipped: strategy_activity BTCUSDT strategy_live_engine
2026-06-21 20:33:12 [DEBUG] zkr_analiz.activity_stream: Duplicate event skipped: strategy_activity BTCUSDT strategy_live_engine
2026-06-21 20:33:12 [DEBUG] zkr_analiz.activity_stream: Duplicate event skipped: strategy_activity BTCUSDT strategy_live_engine
2026-06-21 20:33:12 [DEBUG] zkr_analiz.jobs: rest_price_poller updated 671 USDT symbols; buffer_size=671
2026-06-21 20:33:13 [DEBUG] zkr_analiz.jobs: broadcast_worker emitting batch size=671
emitting event "price_update_batch" to all [/]
2026-06-21 20:33:13 [INFO] socketio.server: emitting event "price_update_batch" to all [/]
2026-06-21 20:33:18 [DEBUG] zkr_analiz.jobs: rest_price_poller updated 671 USDT symbols; buffer_size=671
2026-06-21 20:33:18 [DEBUG] zkr_analiz.jobs: broadcast_worker emitting batch size=671
emitting event "price_update_batch" to all [/]
2026-06-21 20:33:18 [INFO] socketio.server: emitting event "price_update_batch" to all [/]
2026-06-21 20:33:18 [DEBUG] zkr_analiz.yahoo: No cache for XU100.IS, triggering background fetch
2026-06-21 20:33:18 [ERROR] yfinance: Failed to get ticker 'XU100.IS' reason: Expecting value: line 1 column 1 (char 0)
2026-06-21 20:33:19 [ERROR] yfinance: 
1 Failed download:
2026-06-21 20:33:19 [ERROR] yfinance: ['XU100.IS']: Exception('%ticker%: No price data found, symbol may be delisted (period=2d)')
2026-06-21 20:33:23 [DEBUG] zkr_analiz.jobs: rest_price_poller updated 671 USDT symbols; buffer_size=671
2026-06-21 20:33:24 [DEBUG] zkr_analiz.jobs: broadcast_worker emitting batch size=671
emitting event "price_update_batch" to all [/]
2026-06-21 20:33:24 [INFO] socketio.server: emitting event "price_update_batch" to all [/]
2026-06-21 20:33:25 [DEBUG] zkr_analiz.yahoo: No cache for THYAO.IS, triggering background fetch
2026-06-21 20:33:26 [ERROR] yfinance: Failed to get ticker 'THYAO.IS' reason: Expecting value: line 1 column 1 (char 0)
2026-06-21 20:33:26 [ERROR] yfinance: 
1 Failed download:
2026-06-21 20:33:26 [ERROR] yfinance: ['THYAO.IS']: Exception('%ticker%: No price data found, symbol may be delisted (period=2d)')
2026-06-21 20:33:28 [DEBUG] zkr_analiz.jobs: rest_price_poller updated 671 USDT symbols; buffer_size=671
2026-06-21 20:33:29 [DEBUG] zkr_analiz.jobs: broadcast_worker emitting batch size=671
emitting event "price_update_batch" to all [/]
2026-06-21 20:33:29 [INFO] socketio.server: emitting event "price_update_batch" to all [/]
2026-06-21 20:33:34 [DEBUG] zkr_analiz.jobs: rest_price_poller updated 671 USDT symbols; buffer_size=671
2026-06-21 20:33:34 [DEBUG] zkr_analiz.jobs: broadcast_worker emitting batch size=671
emitting event "price_update_batch" to all [/]
2026-06-21 20:33:34 [INFO] socketio.server: emitting event "price_update_batch" to all [/]
2026-06-21 20:33:39 [DEBUG] zkr_analiz.jobs: rest_price_poller updated 671 USDT symbols; buffer_size=671
2026-06-21 20:33:40 [DEBUG] zkr_analiz.jobs: broadcast_worker emitting batch size=671
emitting event "price_update_batch" to all [/]
2026-06-21 20:33:40 [INFO] socketio.server: emitting event "price_update_batch" to all [/]
2026-06-21 20:33:45 [DEBUG] zkr_analiz.jobs: rest_price_poller updated 671 USDT symbols; buffer_size=671
2026-06-21 20:33:45 [DEBUG] zkr_analiz.jobs: broadcast_worker emitting batch size=671
emitting event "price_update_batch" to all [/]
2026-06-21 20:33:45 [INFO] socketio.server: emitting event "price_update_batch" to all [/]
2026-06-21 20:33:48 [DEBUG] zkr_analiz.yahoo: No cache for AAPL, triggering background fetch
2026-06-21 20:33:49 [ERROR] yfinance: Failed to get ticker 'AAPL' reason: Expecting value: line 1 column 1 (char 0)
2026-06-21 20:33:49 [ERROR] yfinance: 
1 Failed download:
2026-06-21 20:33:49 [ERROR] yfinance: ['AAPL']: Exception('%ticker%: No price data found, symbol may be delisted (period=2d)')
2026-06-21 20:33:51 [DEBUG] zkr_analiz.jobs: rest_price_poller updated 671 USDT symbols; buffer_size=671
2026-06-21 20:33:51 [DEBUG] zkr_analiz.jobs: broadcast_worker emitting batch size=671
emitting event "price_update_batch" to all [/]
2026-06-21 20:33:51 [INFO] socketio.server: emitting event "price_update_batch" to all [/]
2026-06-21 20:33:56 [DEBUG] zkr_analiz.jobs: rest_price_poller updated 671 USDT symbols; buffer_size=671
2026-06-21 20:33:56 [DEBUG] zkr_analiz.jobs: broadcast_worker emitting batch size=671
emitting event "price_update_batch" to all [/]
2026-06-21 20:33:56 [INFO] socketio.server: emitting event "price_update_batch" to all [/]
2026-06-21 20:34:01 [DEBUG] zkr_analiz.jobs: rest_price_poller updated 671 USDT symbols; buffer_size=671
2026-06-21 20:34:02 [DEBUG] zkr_analiz.jobs: broadcast_worker emitting batch size=671
emitting event "price_update_batch" to all [/]
2026-06-21 20:34:02 [INFO] socketio.server: emitting event "price_update_batch" to all [/]
2026-06-21 20:34:07 [DEBUG] zkr_analiz.jobs: rest_price_poller updated 671 USDT symbols; buffer_size=671
2026-06-21 20:34:07 [DEBUG] zkr_analiz.jobs: broadcast_worker emitting batch size=671
emitting event "price_update_batch" to all [/]
2026-06-21 20:34:07 [INFO] socketio.server: emitting event "price_update_batch" to all [/]
2026-06-21 20:34:12 [WARNING] zkr_analiz.activity_stream: Unknown event type: rsi_extreme
2026-06-21 20:34:12 [WARNING] zkr_analiz.activity_stream: Unknown event type: rsi_extreme
2026-06-21 20:34:12 [WARNING] zkr_analiz.activity_stream: Unknown event type: breakout
2026-06-21 20:34:12 [DEBUG] zkr_analiz.activity_stream: Duplicate event skipped: news_impact AMD news_impact_engine
2026-06-21 20:34:12 [DEBUG] zkr_analiz.activity_stream: Duplicate event skipped: news_impact GOOGL news_impact_engine
2026-06-21 20:34:12 [DEBUG] zkr_analiz.activity_stream: Duplicate event skipped: news_impact GS news_impact_engine
2026-06-21 20:34:12 [DEBUG] zkr_analiz.activity_stream: Duplicate event skipped: news_impact AMD news_impact_engine
2026-06-21 20:34:12 [DEBUG] zkr_analiz.activity_stream: Duplicate event skipped: news_impact BTC news_impact_engine
2026-06-21 20:34:12 [DEBUG] zkr_analiz.activity_stream: Duplicate event skipped: news_impact COIN news_impact_engine
2026-06-21 20:34:12 [DEBUG] zkr_analiz.activity_stream: Duplicate event skipped: strategy_activity BTCUSDT strategy_live_engine
2026-06-21 20:34:12 [DEBUG] zkr_analiz.activity_stream: Duplicate event skipped: strategy_activity BTCUSDT strategy_live_engine
2026-06-21 20:34:12 [DEBUG] zkr_analiz.activity_stream: Duplicate event skipped: strategy_activity BTCUSDT strategy_live_engine
2026-06-21 20:34:12 [DEBUG] zkr_analiz.activity_stream: Duplicate event skipped: strategy_activity BTCUSDT strategy_live_engine
2026-06-21 20:34:12 [DEBUG] zkr_analiz.jobs: rest_price_poller updated 671 USDT symbols; buffer_size=671
2026-06-21 20:34:12 [DEBUG] zkr_analiz.jobs: broadcast_worker emitting batch size=671
emitting event "price_update_batch" to all [/]
2026-06-21 20:34:12 [INFO] socketio.server: emitting event "price_update_batch" to all [/]
2026-06-21 20:34:17 [DEBUG] zkr_analiz.jobs: rest_price_poller updated 671 USDT symbols; buffer_size=671
2026-06-21 20:34:17 [INFO] zkr_analiz.yahoo: Cold start: fetching 5 forex symbols...
2026-06-21 20:34:17 [INFO] zkr_analiz.yahoo: Single-call download for 5 symbols...
2026-06-21 20:34:17 [ERROR] yfinance: Failed to get ticker 'GBPUSD=X' reason: Expecting value: line 1 column 1 (char 0)
2026-06-21 20:34:17 [ERROR] yfinance: Failed to get ticker 'EURTRY=X' reason: Expecting value: line 1 column 1 (char 0)
2026-06-21 20:34:17 [ERROR] yfinance: Failed to get ticker 'USDJPY=X' reason: Expecting value: line 1 column 1 (char 0)
2026-06-21 20:34:17 [ERROR] yfinance: Failed to get ticker 'EURUSD=X' reason: Expecting value: line 1 column 1 (char 0)
2026-06-21 20:34:18 [ERROR] yfinance: Failed to get ticker 'USDTRY=X' reason: Expecting value: line 1 column 1 (char 0)
2026-06-21 20:34:18 [DEBUG] zkr_analiz.jobs: broadcast_worker emitting batch size=671
emitting event "price_update_batch" to all [/]
2026-06-21 20:34:18 [INFO] socketio.server: emitting event "price_update_batch" to all [/]
2026-06-21 20:34:18 [ERROR] yfinance: 
5 Failed downloads:
2026-06-21 20:34:18 [ERROR] yfinance: ['EURUSD=X', 'GBPUSD=X', 'EURTRY=X', 'USDJPY=X', 'USDTRY=X']: Exception('%ticker%: No price data found, symbol may be delisted (period=2d)')
2026-06-21 20:34:18 [INFO] zkr_analiz.yahoo: Single-call got 0/5 prices
2026-06-21 20:34:18 [INFO] zkr_analiz.yahoo: Batch cache updated for forex: 0/5 symbols have prices (0.0%)
2026-06-21 20:34:18 [INFO] zkr_analiz.opportunity_engine: Opportunity scan complete: 2 opportunities found
2026-06-21 20:34:18 [DEBUG] zkr_analiz.yahoo: No cache for GC=F, triggering background fetch
2026-06-21 20:34:18 [ERROR] yfinance: Failed to get ticker 'GC=F' reason: Expecting value: line 1 column 1 (char 0)
2026-06-21 20:34:19 [ERROR] yfinance: 
1 Failed download:
2026-06-21 20:34:19 [ERROR] yfinance: ['GC=F']: Exception('%ticker%: No price data found, symbol may be delisted (period=2d)')
2026-06-21 20:34:19 [DEBUG] zkr_analiz.yahoo: No cache for SPY, triggering background fetch
2026-06-21 20:34:19 [ERROR] yfinance: Failed to get ticker 'SPY' reason: Expecting value: line 1 column 1 (char 0)
2026-06-21 20:34:19 [ERROR] yfinance: 
1 Failed download:
2026-06-21 20:34:19 [ERROR] yfinance: ['SPY']: Exception('%ticker%: No price data found, symbol may be delisted (period=2d)')
2026-06-21 20:34:19 [DEBUG] zkr_analiz.yahoo: No cache for DX=F, triggering background fetch
2026-06-21 20:34:19 [ERROR] yfinance: Failed to get ticker 'DX=F' reason: Expecting value: line 1 column 1 (char 0)
2026-06-21 20:34:19 [ERROR] yfinance: 
1 Failed download:
2026-06-21 20:34:19 [ERROR] yfinance: ['DX=F']: Exception('%ticker%: No price data found, symbol may be delisted (period=2d)')
2026-06-21 20:34:23 [DEBUG] zkr_analiz.jobs: rest_price_poller updated 671 USDT symbols; buffer_size=671
2026-06-21 20:34:23 [DEBUG] zkr_analiz.jobs: broadcast_worker emitting batch size=671
emitting event "price_update_batch" to all [/]
2026-06-21 20:34:23 [INFO] socketio.server: emitting event "price_update_batch" to all [/]
2026-06-21 20:34:28 [DEBUG] zkr_analiz.jobs: rest_price_poller updated 671 USDT symbols; buffer_size=671
2026-06-21 20:34:28 [DEBUG] zkr_analiz.jobs: broadcast_worker emitting batch size=671
emitting event "price_update_batch" to all [/]
2026-06-21 20:34:28 [INFO] socketio.server: emitting event "price_update_batch" to all [/]
2026-06-21 20:34:33 [DEBUG] zkr_analiz.jobs: rest_price_poller updated 671 USDT symbols; buffer_size=671
2026-06-21 20:34:34 [DEBUG] zkr_analiz.jobs: broadcast_worker emitting batch size=671
emitting event "price_update_batch" to all [/]
2026-06-21 20:34:34 [INFO] socketio.server: emitting event "price_update_batch" to all [/]
2026-06-21 20:34:39 [DEBUG] zkr_analiz.jobs: rest_price_poller updated 671 USDT symbols; buffer_size=671
2026-06-21 20:34:39 [DEBUG] zkr_analiz.jobs: broadcast_worker emitting batch size=671
emitting event "price_update_batch" to all [/]
2026-06-21 20:34:39 [INFO] socketio.server: emitting event "price_update_batch" to all [/]
2026-06-21 20:34:45 [DEBUG] zkr_analiz.jobs: rest_price_poller updated 671 USDT symbols; buffer_size=671
2026-06-21 20:34:45 [DEBUG] zkr_analiz.jobs: broadcast_worker emitting batch size=671
emitting event "price_update_batch" to all [/]
2026-06-21 20:34:45 [INFO] socketio.server: emitting event "price_update_batch" to all [/]
2026-06-21 20:34:50 [DEBUG] zkr_analiz.jobs: rest_price_poller updated 671 USDT symbols; buffer_size=671
2026-06-21 20:34:50 [DEBUG] zkr_analiz.jobs: broadcast_worker emitting batch size=671
emitting event "price_update_batch" to all [/]
2026-06-21 20:34:50 [INFO] socketio.server: emitting event "price_update_batch" to all [/]
2026-06-21 20:34:55 [DEBUG] zkr_analiz.jobs: rest_price_poller updated 671 USDT symbols; buffer_size=671
2026-06-21 20:34:56 [DEBUG] zkr_analiz.jobs: broadcast_worker emitting batch size=671
emitting event "price_update_batch" to all [/]
2026-06-21 20:34:56 [INFO] socketio.server: emitting event "price_update_batch" to all [/]
2026-06-21 20:35:01 [DEBUG] zkr_analiz.jobs: rest_price_poller updated 671 USDT symbols; buffer_size=671
2026-06-21 20:35:02 [DEBUG] zkr_analiz.jobs: broadcast_worker emitting batch size=671
emitting event "price_update_batch" to all [/]
2026-06-21 20:35:02 [INFO] socketio.server: emitting event "price_update_batch" to all [/]
2026-06-21 20:35:07 [DEBUG] zkr_analiz.jobs: rest_price_poller updated 671 USDT symbols; buffer_size=671
2026-06-21 20:35:07 [DEBUG] zkr_analiz.jobs: broadcast_worker emitting batch size=671
emitting event "price_update_batch" to all [/]
2026-06-21 20:35:07 [INFO] socketio.server: emitting event "price_update_batch" to all [/]
2026-06-21 20:35:12 [WARNING] zkr_analiz.activity_stream: Unknown event type: rsi_extreme
2026-06-21 20:35:12 [WARNING] zkr_analiz.activity_stream: Unknown event type: rsi_extreme
2026-06-21 20:35:12 [DEBUG] zkr_analiz.activity_stream: Duplicate event skipped: news_impact AMD news_impact_engine
2026-06-21 20:35:12 [DEBUG] zkr_analiz.activity_stream: Duplicate event skipped: news_impact GOOGL news_impact_engine
2026-06-21 20:35:12 [DEBUG] zkr_analiz.activity_stream: Duplicate event skipped: news_impact GS news_impact_engine
2026-06-21 20:35:12 [DEBUG] zkr_analiz.activity_stream: Duplicate event skipped: news_impact AMD news_impact_engine
2026-06-21 20:35:12 [DEBUG] zkr_analiz.activity_stream: Duplicate event skipped: news_impact BTC news_impact_engine
2026-06-21 20:35:12 [DEBUG] zkr_analiz.activity_stream: Duplicate event skipped: news_impact COIN news_impact_engine
2026-06-21 20:35:12 [DEBUG] zkr_analiz.activity_stream: Duplicate event skipped: strategy_activity BTCUSDT strategy_live_engine
2026-06-21 20:35:12 [DEBUG] zkr_analiz.activity_stream: Duplicate event skipped: strategy_activity BTCUSDT strategy_live_engine
2026-06-21 20:35:12 [DEBUG] zkr_analiz.activity_stream: Duplicate event skipped: strategy_activity BTCUSDT strategy_live_engine
2026-06-21 20:35:12 [DEBUG] zkr_analiz.activity_stream: Duplicate event skipped: strategy_activity BTCUSDT strategy_live_engine
2026-06-21 20:35:12 [DEBUG] zkr_analiz.jobs: rest_price_poller updated 671 USDT symbols; buffer_size=671
2026-06-21 20:35:12 [DEBUG] zkr_analiz.jobs: broadcast_worker emitting batch size=671
emitting event "price_update_batch" to all [/]
2026-06-21 20:35:12 [INFO] socketio.server: emitting event "price_update_batch" to all [/]
2026-06-21 20:35:18 [DEBUG] zkr_analiz.jobs: rest_price_poller updated 671 USDT symbols; buffer_size=671
2026-06-21 20:35:18 [DEBUG] zkr_analiz.jobs: broadcast_worker emitting batch size=671
emitting event "price_update_batch" to all [/]
2026-06-21 20:35:18 [INFO] socketio.server: emitting event "price_update_batch" to all [/]
2026-06-21 20:35:23 [DEBUG] zkr_analiz.jobs: rest_price_poller updated 671 USDT symbols; buffer_size=671
2026-06-21 20:35:23 [DEBUG] zkr_analiz.jobs: broadcast_worker emitting batch size=671
emitting event "price_update_batch" to all [/]
2026-06-21 20:35:23 [INFO] socketio.server: emitting event "price_update_batch" to all [/]
2026-06-21 20:35:25 [DEBUG] zkr_analiz.yahoo: No cache for XU100.IS, triggering background fetch
2026-06-21 20:35:26 [ERROR] yfinance: Failed to get ticker 'XU100.IS' reason: Expecting value: line 1 column 1 (char 0)
2026-06-21 20:35:26 [ERROR] yfinance: 
1 Failed download:
2026-06-21 20:35:26 [ERROR] yfinance: ['XU100.IS']: Exception('%ticker%: No price data found, symbol may be delisted (period=2d)')
2026-06-21 20:35:28 [DEBUG] zkr_analiz.jobs: rest_price_poller updated 671 USDT symbols; buffer_size=671
2026-06-21 20:35:29 [DEBUG] zkr_analiz.jobs: broadcast_worker emitting batch size=671
emitting event "price_update_batch" to all [/]
2026-06-21 20:35:29 [INFO] socketio.server: emitting event "price_update_batch" to all [/]
2026-06-21 20:35:34 [DEBUG] zkr_analiz.jobs: rest_price_poller updated 671 USDT symbols; buffer_size=671
2026-06-21 20:35:35 [DEBUG] zkr_analiz.jobs: broadcast_worker emitting batch size=671
emitting event "price_update_batch" to all [/]
2026-06-21 20:35:35 [INFO] socketio.server: emitting event "price_update_batch" to all [/]
2026-06-21 20:35:40 [DEBUG] zkr_analiz.jobs: rest_price_poller updated 671 USDT symbols; buffer_size=671
2026-06-21 20:35:40 [DEBUG] zkr_analiz.jobs: broadcast_worker emitting batch size=671
emitting event "price_update_batch" to all [/]
2026-06-21 20:35:40 [INFO] socketio.server: emitting event "price_update_batch" to all [/]
2026-06-21 20:35:45 [DEBUG] zkr_analiz.jobs: rest_price_poller updated 671 USDT symbols; buffer_size=671
2026-06-21 20:35:45 [DEBUG] zkr_analiz.jobs: broadcast_worker emitting batch size=671
emitting event "price_update_batch" to all [/]
2026-06-21 20:35:45 [INFO] socketio.server: emitting event "price_update_batch" to all [/]
2026-06-21 20:35:48 [DEBUG] zkr_analiz.yahoo: No cache for THYAO.IS, triggering background fetch
2026-06-21 20:35:50 [DEBUG] zkr_analiz.jobs: rest_price_poller updated 671 USDT symbols; buffer_size=671
2026-06-21 20:35:51 [DEBUG] zkr_analiz.jobs: broadcast_worker emitting batch size=671
emitting event "price_update_batch" to all [/]
2026-06-21 20:35:51 [INFO] socketio.server: emitting event "price_update_batch" to all [/]
2026-06-21 20:35:53 [ERROR] yfinance: Failed to get ticker 'THYAO.IS' reason: Expecting value: line 1 column 1 (char 0)
2026-06-21 20:35:54 [ERROR] yfinance: 
1 Failed download:
2026-06-21 20:35:54 [ERROR] yfinance: ['THYAO.IS']: Exception('%ticker%: No price data found, symbol may be delisted (period=2d)')
2026-06-21 20:35:55 [DEBUG] zkr_analiz.yahoo: No cache for AAPL, triggering background fetch
2026-06-21 20:35:56 [ERROR] yfinance: Failed to get ticker 'AAPL' reason: Expecting value: line 1 column 1 (char 0)
2026-06-21 20:35:56 [ERROR] yfinance: 
1 Failed download:
2026-06-21 20:35:56 [ERROR] yfinance: ['AAPL']: Exception('%ticker%: No price data found, symbol may be delisted (period=2d)')
2026-06-21 20:35:58 [DEBUG] zkr_analiz.jobs: rest_price_poller updated 671 USDT symbols; buffer_size=671
2026-06-21 20:35:58 [DEBUG] zkr_analiz.jobs: broadcast_worker emitting batch size=671
emitting event "price_update_batch" to all [/]
2026-06-21 20:35:58 [INFO] socketio.server: emitting event "price_update_batch" to all [/]
2026-06-21 20:36:03 [DEBUG] zkr_analiz.jobs: rest_price_poller updated 671 USDT symbols; buffer_size=671
2026-06-21 20:36:03 [DEBUG] zkr_analiz.jobs: broadcast_worker emitting batch size=671
emitting event "price_update_batch" to all [/]
2026-06-21 20:36:03 [INFO] socketio.server: emitting event "price_update_batch" to all [/]
2026-06-21 20:36:08 [DEBUG] zkr_analiz.jobs: rest_price_poller updated 671 USDT symbols; buffer_size=671
2026-06-21 20:36:09 [DEBUG] zkr_analiz.jobs: broadcast_worker emitting batch size=671
emitting event "price_update_batch" to all [/]
2026-06-21 20:36:09 [INFO] socketio.server: emitting event "price_update_batch" to all [/]
2026-06-21 20:36:12 [WARNING] zkr_analiz.activity_stream: Unknown event type: rsi_extreme
2026-06-21 20:36:12 [WARNING] zkr_analiz.activity_stream: Unknown event type: rsi_extreme
2026-06-21 20:36:12 [DEBUG] zkr_analiz.activity_stream: Duplicate event skipped: news_impact AMD news_impact_engine
2026-06-21 20:36:12 [DEBUG] zkr_analiz.activity_stream: Duplicate event skipped: news_impact GOOGL news_impact_engine
2026-06-21 20:36:12 [DEBUG] zkr_analiz.activity_stream: Duplicate event skipped: news_impact GS news_impact_engine
2026-06-21 20:36:12 [DEBUG] zkr_analiz.activity_stream: Duplicate event skipped: news_impact AMD news_impact_engine
2026-06-21 20:36:12 [DEBUG] zkr_analiz.activity_stream: Duplicate event skipped: news_impact BTC news_impact_engine
2026-06-21 20:36:12 [DEBUG] zkr_analiz.activity_stream: Duplicate event skipped: news_impact COIN news_impact_engine
2026-06-21 20:36:12 [DEBUG] zkr_analiz.activity_stream: Duplicate event skipped: strategy_activity BTCUSDT strategy_live_engine
2026-06-21 20:36:12 [DEBUG] zkr_analiz.activity_stream: Duplicate event skipped: strategy_activity BTCUSDT strategy_live_engine
2026-06-21 20:36:12 [DEBUG] zkr_analiz.activity_stream: Duplicate event skipped: strategy_activity BTCUSDT strategy_live_engine
2026-06-21 20:36:12 [DEBUG] zkr_analiz.activity_stream: Duplicate event skipped: strategy_activity BTCUSDT strategy_live_engine
2026-06-21 20:36:14 [DEBUG] zkr_analiz.jobs: rest_price_poller updated 671 USDT symbols; buffer_size=671
2026-06-21 20:36:14 [DEBUG] zkr_analiz.jobs: broadcast_worker emitting batch size=671
emitting event "price_update_batch" to all [/]
2026-06-21 20:36:14 [INFO] socketio.server: emitting event "price_update_batch" to all [/]
2026-06-21 20:36:19 [DEBUG] zkr_analiz.jobs: rest_price_poller updated 671 USDT symbols; buffer_size=671
2026-06-21 20:36:20 [DEBUG] zkr_analiz.jobs: broadcast_worker emitting batch size=671
emitting event "price_update_batch" to all [/]
2026-06-21 20:36:20 [INFO] socketio.server: emitting event "price_update_batch" to all [/]
2026-06-21 20:36:21 [INFO] zkr_analiz.yahoo: Cold start: fetching 5 forex symbols...
2026-06-21 20:36:21 [INFO] zkr_analiz.yahoo: Single-call download for 5 symbols...
2026-06-21 20:36:21 [ERROR] yfinance: Failed to get ticker 'EURUSD=X' reason: Expecting value: line 1 column 1 (char 0)
2026-06-21 20:36:21 [ERROR] yfinance: Failed to get ticker 'GBPUSD=X' reason: Expecting value: line 1 column 1 (char 0)
2026-06-21 20:36:21 [ERROR] yfinance: Failed to get ticker 'USDTRY=X' reason: Expecting value: line 1 column 1 (char 0)
2026-06-21 20:36:21 [ERROR] yfinance: Failed to get ticker 'USDJPY=X' reason: Expecting value: line 1 column 1 (char 0)
2026-06-21 20:36:21 [ERROR] yfinance: Failed to get ticker 'EURTRY=X' reason: Expecting value: line 1 column 1 (char 0)
2026-06-21 20:36:21 [ERROR] yfinance: 
5 Failed downloads:
2026-06-21 20:36:21 [ERROR] yfinance: ['EURUSD=X', 'USDJPY=X', 'USDTRY=X', 'EURTRY=X', 'GBPUSD=X']: Exception('%ticker%: No price data found, symbol may be delisted (period=2d)')
2026-06-21 20:36:21 [INFO] zkr_analiz.yahoo: Single-call got 0/5 prices
2026-06-21 20:36:21 [INFO] zkr_analiz.yahoo: Batch cache updated for forex: 0/5 symbols have prices (0.0%)
2026-06-21 20:36:21 [INFO] zkr_analiz.opportunity_engine: Opportunity scan complete: 2 opportunities found
2026-06-21 20:36:25 [DEBUG] zkr_analiz.jobs: rest_price_poller updated 671 USDT symbols; buffer_size=671
2026-06-21 20:36:25 [DEBUG] zkr_analiz.jobs: broadcast_worker emitting batch size=671
emitting event "price_update_batch" to all [/]
2026-06-21 20:36:25 [INFO] socketio.server: emitting event "price_update_batch" to all [/]
2026-06-21 20:36:25 [DEBUG] zkr_analiz.yahoo: No cache for GC=F, triggering background fetch
2026-06-21 20:36:26 [ERROR] yfinance: Failed to get ticker 'GC=F' reason: Expecting value: line 1 column 1 (char 0)
2026-06-21 20:36:26 [DEBUG] zkr_analiz.yahoo: No cache for SPY, triggering background fetch
2026-06-21 20:36:26 [ERROR] yfinance: 
1 Failed download:
2026-06-21 20:36:26 [ERROR] yfinance: ['GC=F']: Exception('%ticker%: No price data found, symbol may be delisted (period=2d)')
2026-06-21 20:36:26 [ERROR] yfinance: Failed to get ticker 'SPY' reason: Expecting value: line 1 column 1 (char 0)
2026-06-21 20:36:26 [ERROR] yfinance: 
2 Failed downloads:
2026-06-21 20:36:26 [ERROR] yfinance: ['GC=F', 'SPY']: Exception('%ticker%: No price data found, symbol may be delisted (period=2d)')
2026-06-21 20:36:26 [DEBUG] zkr_analiz.yahoo: No cache for DX=F, triggering background fetch
2026-06-21 20:36:26 [ERROR] yfinance: Failed to get ticker 'DX=F' reason: Expecting value: line 1 column 1 (char 0)
2026-06-21 20:36:26 [ERROR] yfinance: 
1 Failed download:
2026-06-21 20:36:26 [ERROR] yfinance: ['DX=F']: Exception('%ticker%: No price data found, symbol may be delisted (period=2d)')
2026-06-21 20:36:30 [DEBUG] zkr_analiz.jobs: rest_price_poller updated 671 USDT symbols; buffer_size=671
2026-06-21 20:36:30 [DEBUG] zkr_analiz.jobs: broadcast_worker emitting batch size=671
emitting event "price_update_batch" to all [/]
2026-06-21 20:36:30 [INFO] socketio.server: emitting event "price_update_batch" to all [/]
2026-06-21 20:36:35 [DEBUG] zkr_analiz.jobs: rest_price_poller updated 671 USDT symbols; buffer_size=671
2026-06-21 20:36:36 [DEBUG] zkr_analiz.jobs: broadcast_worker emitting batch size=671
emitting event "price_update_batch" to all [/]
2026-06-21 20:36:36 [INFO] socketio.server: emitting event "price_update_batch" to all [/]
2026-06-21 20:36:41 [DEBUG] zkr_analiz.jobs: rest_price_poller updated 671 USDT symbols; buffer_size=671
2026-06-21 20:36:41 [DEBUG] zkr_analiz.jobs: broadcast_worker emitting batch size=671
emitting event "price_update_batch" to all [/]
2026-06-21 20:36:41 [INFO] socketio.server: emitting event "price_update_batch" to all [/]
2026-06-21 20:36:46 [DEBUG] zkr_analiz.jobs: rest_price_poller updated 671 USDT symbols; buffer_size=671
2026-06-21 20:36:46 [DEBUG] zkr_analiz.jobs: broadcast_worker emitting batch size=671
emitting event "price_update_batch" to all [/]
2026-06-21 20:36:46 [INFO] socketio.server: emitting event "price_update_batch" to all [/]
2026-06-21 20:36:51 [DEBUG] zkr_analiz.jobs: rest_price_poller updated 671 USDT symbols; buffer_size=671
2026-06-21 20:36:52 [DEBUG] zkr_analiz.jobs: broadcast_worker emitting batch size=671
emitting event "price_update_batch" to all [/]
2026-06-21 20:36:52 [INFO] socketio.server: emitting event "price_update_batch" to all [/]
2026-06-21 20:36:57 [DEBUG] zkr_analiz.jobs: rest_price_poller updated 671 USDT symbols; buffer_size=671
2026-06-21 20:36:57 [DEBUG] zkr_analiz.jobs: broadcast_worker emitting batch size=671
emitting event "price_update_batch" to all [/]
2026-06-21 20:36:57 [INFO] socketio.server: emitting event "price_update_batch" to all [/]
2026-06-21 20:37:02 [DEBUG] asyncio: Using selector: EpollSelector
2026-06-21 20:37:03 [DEBUG] zkr_analiz.jobs: rest_price_poller updated 671 USDT symbols; buffer_size=671
2026-06-21 20:37:03 [DEBUG] zkr_analiz.jobs: broadcast_worker emitting batch size=671
emitting event "price_update_batch" to all [/]
2026-06-21 20:37:03 [INFO] socketio.server: emitting event "price_update_batch" to all [/]
2026-06-21 20:37:08 [DEBUG] zkr_analiz.jobs: rest_price_poller updated 671 USDT symbols; buffer_size=671
2026-06-21 20:37:09 [DEBUG] zkr_analiz.jobs: broadcast_worker emitting batch size=671
emitting event "price_update_batch" to all [/]
2026-06-21 20:37:09 [INFO] socketio.server: emitting event "price_update_batch" to all [/]
2026-06-21 20:37:12 [WARNING] zkr_analiz.activity_stream: Unknown event type: rsi_extreme
2026-06-21 20:37:12 [WARNING] zkr_analiz.activity_stream: Unknown event type: rsi_extreme
2026-06-21 20:37:12 [INFO] zkr_analiz.activity_stream: Activity notification: [CRITICAL] news_impact AMD — Nvidia stock jumps on AI earnings beat
2026-06-21 20:37:12 [INFO] zkr_analiz.activity_stream: Activity notification: [CRITICAL] news_impact GOOGL — Nvidia stock jumps on AI earnings beat
2026-06-21 20:37:12 [INFO] zkr_analiz.activity_stream: Activity notification: [CRITICAL] news_impact GS — Nvidia stock jumps on AI earnings beat
2026-06-21 20:37:12 [DEBUG] zkr_analiz.activity_stream: Duplicate event skipped: news_impact AMD news_impact_engine
2026-06-21 20:37:12 [INFO] zkr_analiz.activity_stream: Activity notification: [CRITICAL] news_impact BTC — Bitcoin price surges to new all-time high above $150k
2026-06-21 20:37:12 [INFO] zkr_analiz.activity_stream: Activity notification: [CRITICAL] news_impact COIN — Bitcoin price surges to new all-time high above $150k
2026-06-21 20:37:12 [DEBUG] zkr_analiz.activity_stream: Duplicate event skipped: strategy_activity BTCUSDT strategy_live_engine
2026-06-21 20:37:12 [DEBUG] zkr_analiz.activity_stream: Duplicate event skipped: strategy_activity BTCUSDT strategy_live_engine
2026-06-21 20:37:12 [DEBUG] zkr_analiz.activity_stream: Duplicate event skipped: strategy_activity BTCUSDT strategy_live_engine
2026-06-21 20:37:12 [INFO] zkr_analiz.activity_stream: Activity stream: collected 6 new events
2026-06-21 20:37:14 [DEBUG] zkr_analiz.jobs: rest_price_poller updated 671 USDT symbols; buffer_size=671
2026-06-21 20:37:14 [DEBUG] zkr_analiz.jobs: broadcast_worker emitting batch size=671
emitting event "price_update_batch" to all [/]
2026-06-21 20:37:14 [INFO] socketio.server: emitting event "price_update_batch" to all [/]
2026-06-21 20:37:19 [DEBUG] zkr_analiz.jobs: rest_price_poller updated 671 USDT symbols; buffer_size=671
2026-06-21 20:37:19 [DEBUG] zkr_analiz.jobs: broadcast_worker emitting batch size=671
emitting event "price_update_batch" to all [/]
2026-06-21 20:37:19 [INFO] socketio.server: emitting event "price_update_batch" to all [/]
2026-06-21 20:37:24 [DEBUG] zkr_analiz.jobs: rest_price_poller updated 671 USDT symbols; buffer_size=671
2026-06-21 20:37:25 [DEBUG] zkr_analiz.jobs: broadcast_worker emitting batch size=671
emitting event "price_update_batch" to all [/]
2026-06-21 20:37:25 [INFO] socketio.server: emitting event "price_update_batch" to all [/]
2026-06-21 20:37:30 [DEBUG] zkr_analiz.jobs: rest_price_poller updated 671 USDT symbols; buffer_size=671
2026-06-21 20:37:30 [DEBUG] zkr_analiz.jobs: broadcast_worker emitting batch size=671
emitting event "price_update_batch" to all [/]
2026-06-21 20:37:30 [INFO] socketio.server: emitting event "price_update_batch" to all [/]
2026-06-21 20:37:35 [DEBUG] zkr_analiz.jobs: rest_price_poller updated 671 USDT symbols; buffer_size=671
2026-06-21 20:37:35 [DEBUG] zkr_analiz.jobs: broadcast_worker emitting batch size=671
emitting event "price_update_batch" to all [/]
2026-06-21 20:37:35 [INFO] socketio.server: emitting event "price_update_batch" to all [/]
2026-06-21 20:37:41 [DEBUG] zkr_analiz.jobs: rest_price_poller updated 671 USDT symbols; buffer_size=671
2026-06-21 20:37:41 [DEBUG] zkr_analiz.jobs: broadcast_worker emitting batch size=671
emitting event "price_update_batch" to all [/]
2026-06-21 20:37:41 [INFO] socketio.server: emitting event "price_update_batch" to all [/]
2026-06-21 20:37:46 [DEBUG] zkr_analiz.jobs: rest_price_poller updated 671 USDT symbols; buffer_size=671
2026-06-21 20:37:47 [DEBUG] zkr_analiz.jobs: broadcast_worker emitting batch size=671
emitting event "price_update_batch" to all [/]
2026-06-21 20:37:47 [INFO] socketio.server: emitting event "price_update_batch" to all [/]
2026-06-21 20:37:48 [DEBUG] zkr_analiz.yahoo: No cache for XU100.IS, triggering background fetch
2026-06-21 20:37:49 [ERROR] yfinance: Failed to get ticker 'XU100.IS' reason: Expecting value: line 1 column 1 (char 0)
2026-06-21 20:37:49 [ERROR] yfinance: 
1 Failed download:
2026-06-21 20:37:49 [ERROR] yfinance: ['XU100.IS']: Exception('%ticker%: No price data found, symbol may be delisted (period=2d)')
2026-06-21 20:37:52 [DEBUG] zkr_analiz.jobs: rest_price_poller updated 671 USDT symbols; buffer_size=671
2026-06-21 20:37:52 [DEBUG] zkr_analiz.jobs: broadcast_worker emitting batch size=671
emitting event "price_update_batch" to all [/]
2026-06-21 20:37:52 [INFO] socketio.server: emitting event "price_update_batch" to all [/]
2026-06-21 20:37:55 [DEBUG] zkr_analiz.yahoo: No cache for THYAO.IS, triggering background fetch
2026-06-21 20:37:56 [ERROR] yfinance: Failed to get ticker 'THYAO.IS' reason: Expecting value: line 1 column 1 (char 0)
2026-06-21 20:37:56 [ERROR] yfinance: 
1 Failed download:
2026-06-21 20:37:56 [ERROR] yfinance: ['THYAO.IS']: Exception('%ticker%: No price data found, symbol may be delisted (period=2d)')
2026-06-21 20:37:57 [DEBUG] zkr_analiz.jobs: rest_price_poller updated 671 USDT symbols; buffer_size=671
2026-06-21 20:37:58 [DEBUG] zkr_analiz.jobs: broadcast_worker emitting batch size=671
emitting event "price_update_batch" to all [/]
2026-06-21 20:37:58 [INFO] socketio.server: emitting event "price_update_batch" to all [/]
2026-06-21 20:38:03 [DEBUG] zkr_analiz.jobs: rest_price_poller updated 671 USDT symbols; buffer_size=671
2026-06-21 20:38:03 [DEBUG] zkr_analiz.jobs: broadcast_worker emitting batch size=671
emitting event "price_update_batch" to all [/]
2026-06-21 20:38:03 [INFO] socketio.server: emitting event "price_update_batch" to all [/]
2026-06-21 20:38:07 [DEBUG] zkr_analiz.monolith: ws/market client disconnected: Connection closed: 1001 
2026-06-21 20:38:07 [DEBUG] zkr_analiz.monolith: ws/activity client disconnected: Connection closed: 1001 
2026-06-21 20:38:08 [DEBUG] zkr_analiz.jobs: rest_price_poller updated 671 USDT symbols; buffer_size=671
2026-06-21 20:38:08 [DEBUG] zkr_analiz.jobs: broadcast_worker emitting batch size=671
emitting event "price_update_batch" to all [/]
2026-06-21 20:38:08 [INFO] socketio.server: emitting event "price_update_batch" to all [/]
2026-06-21 20:38:12 [WARNING] zkr_analiz.activity_stream: Unknown event type: rsi_extreme
2026-06-21 20:38:12 [WARNING] zkr_analiz.activity_stream: Unknown event type: rsi_extreme
2026-06-21 20:38:12 [DEBUG] zkr_analiz.activity_stream: Duplicate event skipped: news_impact AMD news_impact_engine
2026-06-21 20:38:12 [DEBUG] zkr_analiz.activity_stream: Duplicate event skipped: news_impact GOOGL news_impact_engine
2026-06-21 20:38:12 [DEBUG] zkr_analiz.activity_stream: Duplicate event skipped: news_impact GS news_impact_engine
2026-06-21 20:38:12 [DEBUG] zkr_analiz.activity_stream: Duplicate event skipped: news_impact AMD news_impact_engine
2026-06-21 20:38:12 [DEBUG] zkr_analiz.activity_stream: Duplicate event skipped: news_impact BTC news_impact_engine
2026-06-21 20:38:12 [DEBUG] zkr_analiz.activity_stream: Duplicate event skipped: news_impact COIN news_impact_engine
2026-06-21 20:38:12 [DEBUG] zkr_analiz.activity_stream: Duplicate event skipped: strategy_activity BTCUSDT strategy_live_engine
2026-06-21 20:38:12 [DEBUG] zkr_analiz.activity_stream: Duplicate event skipped: strategy_activity BTCUSDT strategy_live_engine
2026-06-21 20:38:12 [DEBUG] zkr_analiz.activity_stream: Duplicate event skipped: strategy_activity BTCUSDT strategy_live_engine
2026-06-21 20:38:12 [DEBUG] zkr_analiz.activity_stream: Duplicate event skipped: strategy_activity BTCUSDT strategy_live_engine
2026-06-21 20:38:13 [DEBUG] zkr_analiz.jobs: rest_price_poller updated 671 USDT symbols; buffer_size=671
2026-06-21 20:38:14 [DEBUG] zkr_analiz.jobs: broadcast_worker emitting batch size=671
emitting event "price_update_batch" to all [/]
2026-06-21 20:38:14 [INFO] socketio.server: emitting event "price_update_batch" to all [/]
2026-06-21 20:38:19 [DEBUG] zkr_analiz.jobs: rest_price_poller updated 671 USDT symbols; buffer_size=671
2026-06-21 20:38:19 [DEBUG] zkr_analiz.jobs: broadcast_worker emitting batch size=671
emitting event "price_update_batch" to all [/]
2026-06-21 20:38:19 [INFO] socketio.server: emitting event "price_update_batch" to all [/]
2026-06-21 20:38:24 [DEBUG] zkr_analiz.jobs: rest_price_poller updated 671 USDT symbols; buffer_size=671
2026-06-21 20:38:25 [INFO] zkr_analiz.yahoo: Stale cache for stocks, triggering background refresh
2026-06-21 20:38:25 [INFO] zkr_analiz.yahoo: Single-call download for 8 symbols...
2026-06-21 20:38:25 [INFO] zkr_analiz.yahoo: Cold start: fetching 5 forex symbols...
2026-06-21 20:38:25 [INFO] zkr_analiz.yahoo: Single-call download for 5 symbols...
2026-06-21 20:38:25 [DEBUG] zkr_analiz.jobs: broadcast_worker emitting batch size=671
emitting event "price_update_batch" to all [/]
2026-06-21 20:38:25 [INFO] socketio.server: emitting event "price_update_batch" to all [/]
2026-06-21 20:38:25 [ERROR] yfinance: Failed to get ticker 'TSLA' reason: Expecting value: line 1 column 1 (char 0)
2026-06-21 20:38:25 [ERROR] yfinance: Failed to get ticker 'EURUSD=X' reason: Expecting value: line 1 column 1 (char 0)
2026-06-21 20:38:25 [ERROR] yfinance: Failed to get ticker 'META' reason: Expecting value: line 1 column 1 (char 0)
2026-06-21 20:38:25 [ERROR] yfinance: Failed to get ticker 'USDJPY=X' reason: Expecting value: line 1 column 1 (char 0)
2026-06-21 20:38:25 [ERROR] yfinance: Failed to get ticker 'MSFT' reason: Expecting value: line 1 column 1 (char 0)
2026-06-21 20:38:25 [ERROR] yfinance: Failed to get ticker 'EURTRY=X' reason: Expecting value: line 1 column 1 (char 0)
2026-06-21 20:38:25 [ERROR] yfinance: Failed to get ticker 'AAPL' reason: Expecting value: line 1 column 1 (char 0)
2026-06-21 20:38:25 [ERROR] yfinance: Failed to get ticker 'NVDA' reason: Expecting value: line 1 column 1 (char 0)
2026-06-21 20:38:25 [ERROR] yfinance: Failed to get ticker 'GBPUSD=X' reason: Expecting value: line 1 column 1 (char 0)
2026-06-21 20:38:25 [ERROR] yfinance: Failed to get ticker 'AMZN' reason: Expecting value: line 1 column 1 (char 0)
2026-06-21 20:38:25 [ERROR] yfinance: Failed to get ticker 'USDTRY=X' reason: Expecting value: line 1 column 1 (char 0)
2026-06-21 20:38:25 [ERROR] yfinance: 
5 Failed downloads:
2026-06-21 20:38:25 [ERROR] yfinance: ['GOOGL', 'JPM']: IndexError('tuple index out of range')
2026-06-21 20:38:25 [ERROR] yfinance: ['EURUSD=X', 'META', 'TSLA']: Exception('%ticker%: No price data found, symbol may be delisted (period=2d)')
2026-06-21 20:38:25 [INFO] zkr_analiz.yahoo: Single-call got 0/5 prices
2026-06-21 20:38:25 [INFO] zkr_analiz.yahoo: Batch cache updated for forex: 0/5 symbols have prices (0.0%)
2026-06-21 20:38:25 [INFO] zkr_analiz.opportunity_engine: Opportunity scan complete: 2 opportunities found
2026-06-21 20:38:25 [ERROR] yfinance: 
8 Failed downloads:
2026-06-21 20:38:25 [ERROR] yfinance: ['GOOGL', 'JPM']: IndexError('tuple index out of range')
2026-06-21 20:38:25 [ERROR] yfinance: ['EURUSD=X', 'META', 'TSLA', 'AAPL', 'USDJPY=X', 'EURTRY=X']: Exception('%ticker%: No price data found, symbol may be delisted (period=2d)')
2026-06-21 20:38:25 [INFO] zkr_analiz.yahoo: Single-call got 0/8 prices
2026-06-21 20:38:25 [INFO] zkr_analiz.yahoo: Batch download got 0/8 stocks, trying CoinGecko fallback...
2026-06-21 20:38:25 [DEBUG] zkr_analiz.yahoo: No cache for AAPL, triggering background fetch
2026-06-21 20:38:26 [ERROR] yfinance: Failed to get ticker 'AAPL' reason: Expecting value: line 1 column 1 (char 0)
2026-06-21 20:38:26 [ERROR] yfinance: 
1 Failed download:
2026-06-21 20:38:26 [ERROR] yfinance: ['AAPL']: Exception('%ticker%: No price data found, symbol may be delisted (period=2d)')
2026-06-21 20:38:26 [INFO] zkr_analiz.yahoo: Batch cache updated for stocks: 4/8 symbols have prices (50.0%)
2026-06-21 20:38:30 [DEBUG] zkr_analiz.jobs: rest_price_poller updated 671 USDT symbols; buffer_size=671
2026-06-21 20:38:30 [DEBUG] zkr_analiz.jobs: broadcast_worker emitting batch size=671
emitting event "price_update_batch" to all [/]
2026-06-21 20:38:30 [INFO] socketio.server: emitting event "price_update_batch" to all [/]
2026-06-21 20:38:35 [DEBUG] zkr_analiz.jobs: rest_price_poller updated 671 USDT symbols; buffer_size=671
2026-06-21 20:38:36 [DEBUG] zkr_analiz.jobs: broadcast_worker emitting batch size=671
emitting event "price_update_batch" to all [/]
2026-06-21 20:38:36 [INFO] socketio.server: emitting event "price_update_batch" to all [/]
2026-06-21 20:38:41 [DEBUG] zkr_analiz.jobs: rest_price_poller updated 671 USDT symbols; buffer_size=671
2026-06-21 20:38:41 [DEBUG] zkr_analiz.jobs: broadcast_worker emitting batch size=671
emitting event "price_update_batch" to all [/]
2026-06-21 20:38:41 [INFO] socketio.server: emitting event "price_update_batch" to all [/]
2026-06-21 20:38:46 [DEBUG] zkr_analiz.jobs: rest_price_poller updated 671 USDT symbols; buffer_size=671
2026-06-21 20:38:46 [DEBUG] zkr_analiz.jobs: broadcast_worker emitting batch size=671
emitting event "price_update_batch" to all [/]
2026-06-21 20:38:46 [INFO] socketio.server: emitting event "price_update_batch" to all [/]
2026-06-21 20:38:51 [DEBUG] zkr_analiz.jobs: rest_price_poller updated 671 USDT symbols; buffer_size=671
2026-06-21 20:38:52 [DEBUG] zkr_analiz.jobs: broadcast_worker emitting batch size=671
emitting event "price_update_batch" to all [/]
2026-06-21 20:38:52 [INFO] socketio.server: emitting event "price_update_batch" to all [/]
2026-06-21 20:38:55 [DEBUG] zkr_analiz.yahoo: No cache for GC=F, triggering background fetch
2026-06-21 20:38:56 [ERROR] yfinance: Failed to get ticker 'GC=F' reason: Expecting value: line 1 column 1 (char 0)
2026-06-21 20:38:56 [DEBUG] zkr_analiz.yahoo: No cache for SPY, triggering background fetch
2026-06-21 20:38:56 [ERROR] yfinance: 
1 Failed download:
2026-06-21 20:38:56 [ERROR] yfinance: ['GC=F']: Exception('%ticker%: No price data found, symbol may be delisted (period=2d)')
2026-06-21 20:38:56 [ERROR] yfinance: Failed to get ticker 'SPY' reason: Expecting value: line 1 column 1 (char 0)
2026-06-21 20:38:56 [ERROR] yfinance: 
2 Failed downloads:
2026-06-21 20:38:56 [ERROR] yfinance: ['GC=F', 'SPY']: Exception('%ticker%: No price data found, symbol may be delisted (period=2d)')
2026-06-21 20:38:56 [DEBUG] zkr_analiz.yahoo: CoinGecko quote for SPY failed: 429 Client Error: Too Many Requests for url: https://api.coingecko.com/api/v3/simple/price?ids=spdr-sp-500&vs_currencies=usd&include_24hr_vol=true&include_market_cap=false&include_last_updated_at=true
2026-06-21 20:38:56 [DEBUG] zkr_analiz.yahoo: No cache for DX=F, triggering background fetch
2026-06-21 20:38:56 [ERROR] yfinance: Failed to get ticker 'DX=F' reason: Expecting value: line 1 column 1 (char 0)
2026-06-21 20:38:56 [ERROR] yfinance: 
1 Failed download:
2026-06-21 20:38:56 [ERROR] yfinance: ['DX=F']: Exception('%ticker%: No price data found, symbol may be delisted (period=2d)')
2026-06-21 20:38:57 [DEBUG] zkr_analiz.jobs: rest_price_poller updated 671 USDT symbols; buffer_size=671
2026-06-21 20:38:57 [DEBUG] zkr_analiz.jobs: broadcast_worker emitting batch size=671
emitting event "price_update_batch" to all [/]
2026-06-21 20:38:57 [INFO] socketio.server: emitting event "price_update_batch" to all [/]
2026-06-21 20:39:02 [DEBUG] zkr_analiz.jobs: rest_price_poller updated 671 USDT symbols; buffer_size=671
2026-06-21 20:39:03 [DEBUG] zkr_analiz.jobs: broadcast_worker emitting batch size=671
emitting event "price_update_batch" to all [/]
2026-06-21 20:39:03 [INFO] socketio.server: emitting event "price_update_batch" to all [/]
2026-06-21 20:39:08 [DEBUG] zkr_analiz.jobs: rest_price_poller updated 671 USDT symbols; buffer_size=671
2026-06-21 20:39:08 [DEBUG] zkr_analiz.jobs: broadcast_worker emitting batch size=671
emitting event "price_update_batch" to all [/]
2026-06-21 20:39:08 [INFO] socketio.server: emitting event "price_update_batch" to all [/]
2026-06-21 20:39:12 [WARNING] zkr_analiz.activity_stream: Unknown event type: rsi_extreme
2026-06-21 20:39:12 [WARNING] zkr_analiz.activity_stream: Unknown event type: rsi_extreme
2026-06-21 20:39:12 [DEBUG] zkr_analiz.activity_stream: Duplicate event skipped: news_impact AMD news_impact_engine
2026-06-21 20:39:12 [DEBUG] zkr_analiz.activity_stream: Duplicate event skipped: news_impact GOOGL news_impact_engine
2026-06-21 20:39:12 [DEBUG] zkr_analiz.activity_stream: Duplicate event skipped: news_impact GS news_impact_engine
2026-06-21 20:39:12 [DEBUG] zkr_analiz.activity_stream: Duplicate event skipped: news_impact AMD news_impact_engine
2026-06-21 20:39:12 [DEBUG] zkr_analiz.activity_stream: Duplicate event skipped: news_impact BTC news_impact_engine
2026-06-21 20:39:12 [DEBUG] zkr_analiz.activity_stream: Duplicate event skipped: news_impact COIN news_impact_engine
2026-06-21 20:39:12 [DEBUG] zkr_analiz.activity_stream: Duplicate event skipped: strategy_activity BTCUSDT strategy_live_engine
2026-06-21 20:39:12 [DEBUG] zkr_analiz.activity_stream: Duplicate event skipped: strategy_activity BTCUSDT strategy_live_engine
2026-06-21 20:39:12 [DEBUG] zkr_analiz.activity_stream: Duplicate event skipped: strategy_activity BTCUSDT strategy_live_engine
2026-06-21 20:39:12 [DEBUG] zkr_analiz.activity_stream: Duplicate event skipped: strategy_activity BTCUSDT strategy_live_engine
2026-06-21 20:39:13 [DEBUG] zkr_analiz.jobs: rest_price_poller updated 671 USDT symbols; buffer_size=671
2026-06-21 20:39:13 [DEBUG] zkr_analiz.jobs: broadcast_worker emitting batch size=671
emitting event "price_update_batch" to all [/]
2026-06-21 20:39:13 [INFO] socketio.server: emitting event "price_update_batch" to all [/]
2026-06-21 20:39:19 [DEBUG] zkr_analiz.jobs: rest_price_poller updated 671 USDT symbols; buffer_size=671
2026-06-21 20:39:19 [DEBUG] zkr_analiz.jobs: broadcast_worker emitting batch size=671
emitting event "price_update_batch" to all [/]
2026-06-21 20:39:19 [INFO] socketio.server: emitting event "price_update_batch" to all [/]
2026-06-21 20:39:24 [DEBUG] zkr_analiz.jobs: rest_price_poller updated 671 USDT symbols; buffer_size=671
2026-06-21 20:39:24 [DEBUG] zkr_analiz.jobs: broadcast_worker emitting batch size=671
emitting event "price_update_batch" to all [/]
2026-06-21 20:39:24 [INFO] socketio.server: emitting event "price_update_batch" to all [/]
2026-06-21 20:39:29 [DEBUG] zkr_analiz.jobs: rest_price_poller updated 671 USDT symbols; buffer_size=671
2026-06-21 20:39:30 [DEBUG] zkr_analiz.jobs: broadcast_worker emitting batch size=671
emitting event "price_update_batch" to all [/]
2026-06-21 20:39:30 [INFO] socketio.server: emitting event "price_update_batch" to all [/]
2026-06-21 20:39:35 [DEBUG] zkr_analiz.jobs: rest_price_poller updated 671 USDT symbols; buffer_size=671
2026-06-21 20:39:35 [DEBUG] zkr_analiz.jobs: broadcast_worker emitting batch size=671
emitting event "price_update_batch" to all [/]
2026-06-21 20:39:35 [INFO] socketio.server: emitting event "price_update_batch" to all [/]
2026-06-21 20:39:40 [DEBUG] zkr_analiz.jobs: rest_price_poller updated 671 USDT symbols; buffer_size=671
2026-06-21 20:39:40 [DEBUG] zkr_analiz.jobs: broadcast_worker emitting batch size=671
emitting event "price_update_batch" to all [/]
2026-06-21 20:39:40 [INFO] socketio.server: emitting event "price_update_batch" to all [/]
2026-06-21 20:39:45 [DEBUG] zkr_analiz.jobs: rest_price_poller updated 671 USDT symbols; buffer_size=671
2026-06-21 20:39:45 [DEBUG] zkr_analiz.jobs: broadcast_worker emitting batch size=671
emitting event "price_update_batch" to all [/]
2026-06-21 20:39:45 [INFO] socketio.server: emitting event "price_update_batch" to all [/]
2026-06-21 20:39:51 [DEBUG] zkr_analiz.jobs: rest_price_poller updated 671 USDT symbols; buffer_size=671
2026-06-21 20:39:51 [DEBUG] zkr_analiz.jobs: broadcast_worker emitting batch size=671
emitting event "price_update_batch" to all [/]
2026-06-21 20:39:51 [INFO] socketio.server: emitting event "price_update_batch" to all [/]
2026-06-21 20:39:55 [DEBUG] zkr_analiz.yahoo: No cache for XU100.IS, triggering background fetch
2026-06-21 20:39:56 [ERROR] yfinance: Failed to get ticker 'XU100.IS' reason: Expecting value: line 1 column 1 (char 0)
2026-06-21 20:39:56 [ERROR] yfinance: 
1 Failed download:
2026-06-21 20:39:56 [ERROR] yfinance: ['XU100.IS']: Exception('%ticker%: No price data found, symbol may be delisted (period=2d)')
2026-06-21 20:39:56 [DEBUG] zkr_analiz.jobs: rest_price_poller updated 671 USDT symbols; buffer_size=671
2026-06-21 20:39:56 [DEBUG] zkr_analiz.jobs: broadcast_worker emitting batch size=671
emitting event "price_update_batch" to all [/]
2026-06-21 20:39:56 [INFO] socketio.server: emitting event "price_update_batch" to all [/]
2026-06-21 20:40:03 [DEBUG] zkr_analiz.jobs: rest_price_poller updated 671 USDT symbols; buffer_size=671
2026-06-21 20:40:03 [DEBUG] zkr_analiz.jobs: broadcast_worker emitting batch size=671
emitting event "price_update_batch" to all [/]
2026-06-21 20:40:03 [INFO] socketio.server: emitting event "price_update_batch" to all [/]
2026-06-21 20:40:08 [DEBUG] zkr_analiz.jobs: rest_price_poller updated 671 USDT symbols; buffer_size=671
2026-06-21 20:40:08 [DEBUG] zkr_analiz.jobs: broadcast_worker emitting batch size=671
emitting event "price_update_batch" to all [/]
2026-06-21 20:40:08 [INFO] socketio.server: emitting event "price_update_batch" to all [/]
2026-06-21 20:40:12 [WARNING] zkr_analiz.activity_stream: Unknown event type: rsi_extreme
2026-06-21 20:40:12 [WARNING] zkr_analiz.activity_stream: Unknown event type: rsi_extreme
2026-06-21 20:40:12 [DEBUG] zkr_analiz.activity_stream: Duplicate event skipped: news_impact AMD news_impact_engine
2026-06-21 20:40:12 [DEBUG] zkr_analiz.activity_stream: Duplicate event skipped: news_impact GOOGL news_impact_engine
2026-06-21 20:40:12 [DEBUG] zkr_analiz.activity_stream: Duplicate event skipped: news_impact GS news_impact_engine
2026-06-21 20:40:12 [DEBUG] zkr_analiz.activity_stream: Duplicate event skipped: news_impact AMD news_impact_engine
2026-06-21 20:40:12 [DEBUG] zkr_analiz.activity_stream: Duplicate event skipped: news_impact BTC news_impact_engine
2026-06-21 20:40:12 [DEBUG] zkr_analiz.activity_stream: Duplicate event skipped: news_impact COIN news_impact_engine
2026-06-21 20:40:12 [DEBUG] zkr_analiz.activity_stream: Duplicate event skipped: strategy_activity BTCUSDT strategy_live_engine
2026-06-21 20:40:12 [DEBUG] zkr_analiz.activity_stream: Duplicate event skipped: strategy_activity BTCUSDT strategy_live_engine
2026-06-21 20:40:12 [DEBUG] zkr_analiz.activity_stream: Duplicate event skipped: strategy_activity BTCUSDT strategy_live_engine
2026-06-21 20:40:12 [DEBUG] zkr_analiz.activity_stream: Duplicate event skipped: strategy_activity BTCUSDT strategy_live_engine
2026-06-21 20:40:13 [DEBUG] zkr_analiz.jobs: rest_price_poller updated 671 USDT symbols; buffer_size=671
2026-06-21 20:40:14 [DEBUG] zkr_analiz.jobs: broadcast_worker emitting batch size=671
emitting event "price_update_batch" to all [/]
2026-06-21 20:40:14 [INFO] socketio.server: emitting event "price_update_batch" to all [/]
2026-06-21 20:40:19 [DEBUG] zkr_analiz.jobs: rest_price_poller updated 671 USDT symbols; buffer_size=671
2026-06-21 20:40:19 [DEBUG] zkr_analiz.jobs: broadcast_worker emitting batch size=671
emitting event "price_update_batch" to all [/]
2026-06-21 20:40:19 [INFO] socketio.server: emitting event "price_update_batch" to all [/]
2026-06-21 20:40:24 [DEBUG] zkr_analiz.jobs: rest_price_poller updated 671 USDT symbols; buffer_size=671
2026-06-21 20:40:24 [DEBUG] zkr_analiz.jobs: broadcast_worker emitting batch size=671
emitting event "price_update_batch" to all [/]
2026-06-21 20:40:24 [INFO] socketio.server: emitting event "price_update_batch" to all [/]
2026-06-21 20:40:25 [DEBUG] zkr_analiz.yahoo: No cache for THYAO.IS, triggering background fetch
2026-06-21 20:40:26 [ERROR] yfinance: Failed to get ticker 'THYAO.IS' reason: Expecting value: line 1 column 1 (char 0)
2026-06-21 20:40:26 [ERROR] yfinance: 
1 Failed download:
2026-06-21 20:40:26 [ERROR] yfinance: ['THYAO.IS']: Exception('%ticker%: No price data found, symbol may be delisted (period=2d)')
2026-06-21 20:40:28 [INFO] zkr_analiz.yahoo: Cold start: fetching 5 forex symbols...
2026-06-21 20:40:28 [INFO] zkr_analiz.yahoo: Single-call download for 5 symbols...
2026-06-21 20:40:28 [ERROR] yfinance: Failed to get ticker 'USDTRY=X' reason: Expecting value: line 1 column 1 (char 0)
2026-06-21 20:40:28 [ERROR] yfinance: Failed to get ticker 'EURUSD=X' reason: Expecting value: line 1 column 1 (char 0)
2026-06-21 20:40:28 [ERROR] yfinance: Failed to get ticker 'USDJPY=X' reason: Expecting value: line 1 column 1 (char 0)
2026-06-21 20:40:28 [ERROR] yfinance: Failed to get ticker 'GBPUSD=X' reason: Expecting value: line 1 column 1 (char 0)
2026-06-21 20:40:28 [ERROR] yfinance: 
5 Failed downloads:
2026-06-21 20:40:28 [ERROR] yfinance: ['EURTRY=X']: IndexError('tuple index out of range')
2026-06-21 20:40:28 [ERROR] yfinance: ['USDJPY=X', 'USDTRY=X', 'EURUSD=X', 'GBPUSD=X']: Exception('%ticker%: No price data found, symbol may be delisted (period=2d)')
2026-06-21 20:40:28 [INFO] zkr_analiz.yahoo: Single-call got 0/5 prices
2026-06-21 20:40:28 [INFO] zkr_analiz.yahoo: Batch cache updated for forex: 0/5 symbols have prices (0.0%)
2026-06-21 20:40:28 [INFO] zkr_analiz.opportunity_engine: Opportunity scan complete: 2 opportunities found
2026-06-21 20:40:29 [DEBUG] zkr_analiz.jobs: rest_price_poller updated 671 USDT symbols; buffer_size=671
2026-06-21 20:40:30 [DEBUG] zkr_analiz.jobs: broadcast_worker emitting batch size=671
emitting event "price_update_batch" to all [/]
2026-06-21 20:40:30 [INFO] socketio.server: emitting event "price_update_batch" to all [/]
2026-06-21 20:40:35 [DEBUG] zkr_analiz.jobs: rest_price_poller updated 671 USDT symbols; buffer_size=671
2026-06-21 20:40:35 [DEBUG] zkr_analiz.jobs: broadcast_worker emitting batch size=671
emitting event "price_update_batch" to all [/]
2026-06-21 20:40:35 [INFO] socketio.server: emitting event "price_update_batch" to all [/]
2026-06-21 20:40:40 [DEBUG] zkr_analiz.jobs: rest_price_poller updated 671 USDT symbols; buffer_size=671
2026-06-21 20:40:40 [DEBUG] zkr_analiz.jobs: broadcast_worker emitting batch size=671
emitting event "price_update_batch" to all [/]
2026-06-21 20:40:40 [INFO] socketio.server: emitting event "price_update_batch" to all [/]
2026-06-21 20:40:45 [DEBUG] zkr_analiz.jobs: rest_price_poller updated 671 USDT symbols; buffer_size=671
2026-06-21 20:40:46 [DEBUG] zkr_analiz.jobs: broadcast_worker emitting batch size=671
emitting event "price_update_batch" to all [/]
2026-06-21 20:40:46 [INFO] socketio.server: emitting event "price_update_batch" to all [/]
2026-06-21 20:40:51 [DEBUG] zkr_analiz.jobs: rest_price_poller updated 671 USDT symbols; buffer_size=671
2026-06-21 20:40:51 [DEBUG] zkr_analiz.jobs: broadcast_worker emitting batch size=671
emitting event "price_update_batch" to all [/]
2026-06-21 20:40:51 [INFO] socketio.server: emitting event "price_update_batch" to all [/]
2026-06-21 20:40:55 [DEBUG] zkr_analiz.yahoo: No cache for AAPL, triggering background fetch
2026-06-21 20:40:56 [ERROR] yfinance: Failed to get ticker 'AAPL' reason: Expecting value: line 1 column 1 (char 0)
2026-06-21 20:40:56 [ERROR] yfinance: 
1 Failed download:
2026-06-21 20:40:56 [ERROR] yfinance: ['AAPL']: Exception('%ticker%: No price data found, symbol may be delisted (period=2d)')
2026-06-21 20:40:56 [DEBUG] zkr_analiz.jobs: rest_price_poller updated 671 USDT symbols; buffer_size=671
2026-06-21 20:40:56 [DEBUG] zkr_analiz.jobs: broadcast_worker emitting batch size=671
emitting event "price_update_batch" to all [/]
2026-06-21 20:40:56 [INFO] socketio.server: emitting event "price_update_batch" to all [/]
2026-06-21 20:41:01 [DEBUG] zkr_analiz.jobs: rest_price_poller updated 671 USDT symbols; buffer_size=671
2026-06-21 20:41:02 [DEBUG] zkr_analiz.jobs: broadcast_worker emitting batch size=671
emitting event "price_update_batch" to all [/]
2026-06-21 20:41:02 [INFO] socketio.server: emitting event "price_update_batch" to all [/]
2026-06-21 20:41:07 [DEBUG] zkr_analiz.jobs: rest_price_poller updated 671 USDT symbols; buffer_size=671
2026-06-21 20:41:07 [DEBUG] zkr_analiz.jobs: broadcast_worker emitting batch size=671
emitting event "price_update_batch" to all [/]
2026-06-21 20:41:07 [INFO] socketio.server: emitting event "price_update_batch" to all [/]
2026-06-21 20:41:12 [WARNING] zkr_analiz.activity_stream: Unknown event type: rsi_extreme
2026-06-21 20:41:12 [WARNING] zkr_analiz.activity_stream: Unknown event type: rsi_extreme
2026-06-21 20:41:12 [DEBUG] zkr_analiz.activity_stream: Duplicate event skipped: news_impact AMD news_impact_engine
2026-06-21 20:41:12 [DEBUG] zkr_analiz.activity_stream: Duplicate event skipped: news_impact GOOGL news_impact_engine
2026-06-21 20:41:12 [DEBUG] zkr_analiz.activity_stream: Duplicate event skipped: news_impact GS news_impact_engine
2026-06-21 20:41:12 [DEBUG] zkr_analiz.activity_stream: Duplicate event skipped: news_impact AMD news_impact_engine
2026-06-21 20:41:12 [DEBUG] zkr_analiz.activity_stream: Duplicate event skipped: news_impact BTC news_impact_engine
2026-06-21 20:41:12 [DEBUG] zkr_analiz.activity_stream: Duplicate event skipped: news_impact COIN news_impact_engine
2026-06-21 20:41:12 [DEBUG] zkr_analiz.activity_stream: Duplicate event skipped: strategy_activity BTCUSDT strategy_live_engine
2026-06-21 20:41:12 [DEBUG] zkr_analiz.activity_stream: Duplicate event skipped: strategy_activity BTCUSDT strategy_live_engine
2026-06-21 20:41:12 [DEBUG] zkr_analiz.activity_stream: Duplicate event skipped: strategy_activity BTCUSDT strategy_live_engine
2026-06-21 20:41:12 [DEBUG] zkr_analiz.activity_stream: Duplicate event skipped: strategy_activity BTCUSDT strategy_live_engine
2026-06-21 20:41:12 [DEBUG] zkr_analiz.jobs: rest_price_poller updated 671 USDT symbols; buffer_size=671
2026-06-21 20:41:12 [DEBUG] zkr_analiz.jobs: broadcast_worker emitting batch size=671
emitting event "price_update_batch" to all [/]
2026-06-21 20:41:12 [INFO] socketio.server: emitting event "price_update_batch" to all [/]
2026-06-21 20:41:17 [DEBUG] zkr_analiz.jobs: rest_price_poller updated 671 USDT symbols; buffer_size=671
2026-06-21 20:41:18 [DEBUG] zkr_analiz.jobs: broadcast_worker emitting batch size=671
emitting event "price_update_batch" to all [/]
2026-06-21 20:41:18 [INFO] socketio.server: emitting event "price_update_batch" to all [/]
2026-06-21 20:41:23 [DEBUG] zkr_analiz.jobs: rest_price_poller updated 671 USDT symbols; buffer_size=671
2026-06-21 20:41:23 [DEBUG] zkr_analiz.jobs: broadcast_worker emitting batch size=671
emitting event "price_update_batch" to all [/]
2026-06-21 20:41:23 [INFO] socketio.server: emitting event "price_update_batch" to all [/]
2026-06-21 20:41:25 [DEBUG] zkr_analiz.yahoo: No cache for GC=F, triggering background fetch
2026-06-21 20:41:26 [ERROR] yfinance: Failed to get ticker 'GC=F' reason: Expecting value: line 1 column 1 (char 0)
2026-06-21 20:41:26 [ERROR] yfinance: 
1 Failed download:
2026-06-21 20:41:26 [ERROR] yfinance: ['GC=F']: Exception('%ticker%: No price data found, symbol may be delisted (period=2d)')
2026-06-21 20:41:26 [DEBUG] zkr_analiz.yahoo: No cache for SPY, triggering background fetch
2026-06-21 20:41:26 [ERROR] yfinance: Failed to get ticker 'SPY' reason: Expecting value: line 1 column 1 (char 0)
2026-06-21 20:41:26 [ERROR] yfinance: 
1 Failed download:
2026-06-21 20:41:26 [DEBUG] zkr_analiz.yahoo: No cache for DX=F, triggering background fetch
2026-06-21 20:41:26 [ERROR] yfinance: ['SPY']: Exception('%ticker%: No price data found, symbol may be delisted (period=2d)')
2026-06-21 20:41:26 [ERROR] yfinance: Failed to get ticker 'DX=F' reason: Expecting value: line 1 column 1 (char 0)
2026-06-21 20:41:26 [ERROR] yfinance: 
1 Failed download:
2026-06-21 20:41:26 [ERROR] yfinance: ['DX=F']: Exception('%ticker%: No price data found, symbol may be delisted (period=2d)')
2026-06-21 20:41:28 [DEBUG] zkr_analiz.jobs: rest_price_poller updated 671 USDT symbols; buffer_size=671
2026-06-21 20:41:28 [DEBUG] zkr_analiz.jobs: broadcast_worker emitting batch size=671
emitting event "price_update_batch" to all [/]
2026-06-21 20:41:28 [INFO] socketio.server: emitting event "price_update_batch" to all [/]
2026-06-21 20:41:33 [DEBUG] zkr_analiz.jobs: rest_price_poller updated 671 USDT symbols; buffer_size=671
2026-06-21 20:41:34 [DEBUG] zkr_analiz.jobs: broadcast_worker emitting batch size=671
emitting event "price_update_batch" to all [/]
2026-06-21 20:41:34 [INFO] socketio.server: emitting event "price_update_batch" to all [/]
2026-06-21 20:41:39 [DEBUG] zkr_analiz.jobs: rest_price_poller updated 671 USDT symbols; buffer_size=671
2026-06-21 20:41:39 [DEBUG] zkr_analiz.jobs: broadcast_worker emitting batch size=671
emitting event "price_update_batch" to all [/]
2026-06-21 20:41:39 [INFO] socketio.server: emitting event "price_update_batch" to all [/]
2026-06-21 20:41:44 [DEBUG] zkr_analiz.jobs: rest_price_poller updated 671 USDT symbols; buffer_size=671
2026-06-21 20:41:44 [DEBUG] zkr_analiz.jobs: broadcast_worker emitting batch size=671
emitting event "price_update_batch" to all [/]
2026-06-21 20:41:44 [INFO] socketio.server: emitting event "price_update_batch" to all [/]
2026-06-21 20:41:49 [DEBUG] zkr_analiz.jobs: rest_price_poller updated 671 USDT symbols; buffer_size=671
2026-06-21 20:41:50 [DEBUG] zkr_analiz.jobs: broadcast_worker emitting batch size=671
emitting event "price_update_batch" to all [/]
2026-06-21 20:41:50 [INFO] socketio.server: emitting event "price_update_batch" to all [/]
2026-06-21 20:41:55 [DEBUG] zkr_analiz.jobs: rest_price_poller updated 671 USDT symbols; buffer_size=671
2026-06-21 20:41:55 [DEBUG] zkr_analiz.jobs: broadcast_worker emitting batch size=671
emitting event "price_update_batch" to all [/]
2026-06-21 20:41:55 [INFO] socketio.server: emitting event "price_update_batch" to all [/]
2026-06-21 20:42:00 [DEBUG] zkr_analiz.jobs: rest_price_poller updated 671 USDT symbols; buffer_size=671
2026-06-21 20:42:01 [DEBUG] zkr_analiz.jobs: broadcast_worker emitting batch size=671
emitting event "price_update_batch" to all [/]
2026-06-21 20:42:01 [INFO] socketio.server: emitting event "price_update_batch" to all [/]
2026-06-21 20:42:06 [DEBUG] zkr_analiz.jobs: rest_price_poller updated 671 USDT symbols; buffer_size=671
2026-06-21 20:42:06 [DEBUG] zkr_analiz.jobs: broadcast_worker emitting batch size=671
emitting event "price_update_batch" to all [/]
2026-06-21 20:42:06 [INFO] socketio.server: emitting event "price_update_batch" to all [/]
2026-06-21 20:42:11 [DEBUG] zkr_analiz.jobs: rest_price_poller updated 671 USDT symbols; buffer_size=671
2026-06-21 20:42:11 [DEBUG] zkr_analiz.jobs: broadcast_worker emitting batch size=671
emitting event "price_update_batch" to all [/]
2026-06-21 20:42:11 [INFO] socketio.server: emitting event "price_update_batch" to all [/]
2026-06-21 20:42:12 [WARNING] zkr_analiz.activity_stream: Unknown event type: rsi_extreme
2026-06-21 20:42:12 [WARNING] zkr_analiz.activity_stream: Unknown event type: rsi_extreme
2026-06-21 20:42:12 [INFO] zkr_analiz.activity_stream: Activity notification: [CRITICAL] news_impact AMD — Nvidia stock jumps on AI earnings beat
2026-06-21 20:42:12 [INFO] zkr_analiz.activity_stream: Activity notification: [CRITICAL] news_impact GOOGL — Nvidia stock jumps on AI earnings beat
2026-06-21 20:42:12 [INFO] zkr_analiz.activity_stream: Activity notification: [CRITICAL] news_impact GS — Nvidia stock jumps on AI earnings beat
2026-06-21 20:42:12 [DEBUG] zkr_analiz.activity_stream: Duplicate event skipped: news_impact AMD news_impact_engine
2026-06-21 20:42:12 [INFO] zkr_analiz.activity_stream: Activity notification: [CRITICAL] news_impact BTC — Bitcoin price surges to new all-time high above $150k
2026-06-21 20:42:12 [INFO] zkr_analiz.activity_stream: Activity notification: [CRITICAL] news_impact COIN — Bitcoin price surges to new all-time high above $150k
2026-06-21 20:42:12 [DEBUG] zkr_analiz.activity_stream: Duplicate event skipped: strategy_activity BTCUSDT strategy_live_engine
2026-06-21 20:42:12 [DEBUG] zkr_analiz.activity_stream: Duplicate event skipped: strategy_activity BTCUSDT strategy_live_engine
2026-06-21 20:42:12 [DEBUG] zkr_analiz.activity_stream: Duplicate event skipped: strategy_activity BTCUSDT strategy_live_engine
2026-06-21 20:42:12 [INFO] zkr_analiz.activity_stream: Activity stream: collected 6 new events
2026-06-21 20:42:16 [DEBUG] zkr_analiz.jobs: rest_price_poller updated 671 USDT symbols; buffer_size=671
2026-06-21 20:42:17 [DEBUG] zkr_analiz.jobs: broadcast_worker emitting batch size=671
emitting event "price_update_batch" to all [/]
2026-06-21 20:42:17 [INFO] socketio.server: emitting event "price_update_batch" to all [/]
2026-06-21 20:42:22 [DEBUG] zkr_analiz.jobs: rest_price_poller updated 671 USDT symbols; buffer_size=671
2026-06-21 20:42:22 [DEBUG] zkr_analiz.jobs: broadcast_worker emitting batch size=671
emitting event "price_update_batch" to all [/]
2026-06-21 20:42:22 [INFO] socketio.server: emitting event "price_update_batch" to all [/]
2026-06-21 20:42:25 [DEBUG] zkr_analiz.yahoo: No cache for XU100.IS, triggering background fetch
2026-06-21 20:42:26 [ERROR] yfinance: Failed to get ticker 'XU100.IS' reason: Expecting value: line 1 column 1 (char 0)
2026-06-21 20:42:26 [ERROR] yfinance: 
1 Failed download:
2026-06-21 20:42:26 [ERROR] yfinance: ['XU100.IS']: Exception('%ticker%: No price data found, symbol may be delisted (period=2d)')
2026-06-21 20:42:27 [DEBUG] zkr_analiz.jobs: rest_price_poller updated 671 USDT symbols; buffer_size=671
2026-06-21 20:42:27 [DEBUG] zkr_analiz.jobs: broadcast_worker emitting batch size=671
emitting event "price_update_batch" to all [/]
2026-06-21 20:42:27 [INFO] socketio.server: emitting event "price_update_batch" to all [/]
2026-06-21 20:42:32 [INFO] zkr_analiz.yahoo: Cold start: fetching 5 forex symbols...
2026-06-21 20:42:32 [INFO] zkr_analiz.yahoo: Single-call download for 5 symbols...
2026-06-21 20:42:32 [ERROR] yfinance: Failed to get ticker 'USDTRY=X' reason: Expecting value: line 1 column 1 (char 0)
2026-06-21 20:42:32 [ERROR] yfinance: Failed to get ticker 'USDJPY=X' reason: Expecting value: line 1 column 1 (char 0)
2026-06-21 20:42:32 [ERROR] yfinance: Failed to get ticker 'GBPUSD=X' reason: Expecting value: line 1 column 1 (char 0)
2026-06-21 20:42:32 [ERROR] yfinance: Failed to get ticker 'EURUSD=X' reason: Expecting value: line 1 column 1 (char 0)
2026-06-21 20:42:32 [ERROR] yfinance: Failed to get ticker 'EURTRY=X' reason: Expecting value: line 1 column 1 (char 0)
2026-06-21 20:42:32 [ERROR] yfinance: 
5 Failed downloads:
2026-06-21 20:42:32 [ERROR] yfinance: ['USDTRY=X', 'USDJPY=X', 'EURTRY=X', 'EURUSD=X', 'GBPUSD=X']: Exception('%ticker%: No price data found, symbol may be delisted (period=2d)')
2026-06-21 20:42:32 [INFO] zkr_analiz.yahoo: Single-call got 0/5 prices
2026-06-21 20:42:32 [INFO] zkr_analiz.yahoo: Batch cache updated for forex: 0/5 symbols have prices (0.0%)
2026-06-21 20:42:32 [INFO] zkr_analiz.opportunity_engine: Opportunity scan complete: 2 opportunities found
2026-06-21 20:42:33 [DEBUG] zkr_analiz.jobs: rest_price_poller updated 671 USDT symbols; buffer_size=671
2026-06-21 20:42:33 [DEBUG] zkr_analiz.jobs: broadcast_worker emitting batch size=671
emitting event "price_update_batch" to all [/]
2026-06-21 20:42:33 [INFO] socketio.server: emitting event "price_update_batch" to all [/]
2026-06-21 20:42:38 [DEBUG] zkr_analiz.jobs: rest_price_poller updated 671 USDT symbols; buffer_size=671
2026-06-21 20:42:38 [DEBUG] zkr_analiz.jobs: broadcast_worker emitting batch size=671
emitting event "price_update_batch" to all [/]
2026-06-21 20:42:38 [INFO] socketio.server: emitting event "price_update_batch" to all [/]
2026-06-21 20:42:44 [DEBUG] zkr_analiz.jobs: rest_price_poller updated 671 USDT symbols; buffer_size=671
2026-06-21 20:42:44 [DEBUG] zkr_analiz.jobs: broadcast_worker emitting batch size=671
emitting event "price_update_batch" to all [/]
2026-06-21 20:42:44 [INFO] socketio.server: emitting event "price_update_batch" to all [/]
2026-06-21 20:42:49 [DEBUG] zkr_analiz.jobs: rest_price_poller updated 671 USDT symbols; buffer_size=671
2026-06-21 20:42:49 [DEBUG] zkr_analiz.jobs: broadcast_worker emitting batch size=671
emitting event "price_update_batch" to all [/]
2026-06-21 20:42:49 [INFO] socketio.server: emitting event "price_update_batch" to all [/]
2026-06-21 20:42:54 [DEBUG] zkr_analiz.jobs: rest_price_poller updated 671 USDT symbols; buffer_size=671
2026-06-21 20:42:55 [DEBUG] zkr_analiz.jobs: broadcast_worker emitting batch size=671
emitting event "price_update_batch" to all [/]
2026-06-21 20:42:55 [INFO] socketio.server: emitting event "price_update_batch" to all [/]
2026-06-21 20:42:55 [DEBUG] zkr_analiz.yahoo: No cache for THYAO.IS, triggering background fetch
2026-06-21 20:42:56 [ERROR] yfinance: Failed to get ticker 'THYAO.IS' reason: Expecting value: line 1 column 1 (char 0)
2026-06-21 20:42:56 [ERROR] yfinance: 
1 Failed download:
2026-06-21 20:42:56 [ERROR] yfinance: ['THYAO.IS']: Exception('%ticker%: No price data found, symbol may be delisted (period=2d)')
2026-06-21 20:43:00 [DEBUG] zkr_analiz.jobs: rest_price_poller updated 671 USDT symbols; buffer_size=671
2026-06-21 20:43:00 [DEBUG] zkr_analiz.jobs: broadcast_worker emitting batch size=671
emitting event "price_update_batch" to all [/]
2026-06-21 20:43:00 [INFO] socketio.server: emitting event "price_update_batch" to all [/]
2026-06-21 20:43:05 [DEBUG] zkr_analiz.jobs: rest_price_poller updated 671 USDT symbols; buffer_size=671
2026-06-21 20:43:05 [DEBUG] zkr_analiz.jobs: broadcast_worker emitting batch size=671
emitting event "price_update_batch" to all [/]
2026-06-21 20:43:05 [INFO] socketio.server: emitting event "price_update_batch" to all [/]
2026-06-21 20:43:11 [DEBUG] zkr_analiz.jobs: rest_price_poller updated 671 USDT symbols; buffer_size=671
2026-06-21 20:43:11 [DEBUG] zkr_analiz.jobs: broadcast_worker emitting batch size=671
emitting event "price_update_batch" to all [/]
2026-06-21 20:43:11 [INFO] socketio.server: emitting event "price_update_batch" to all [/]
2026-06-21 20:43:12 [WARNING] zkr_analiz.activity_stream: Unknown event type: rsi_extreme
2026-06-21 20:43:12 [WARNING] zkr_analiz.activity_stream: Unknown event type: rsi_extreme
2026-06-21 20:43:12 [DEBUG] zkr_analiz.activity_stream: Duplicate event skipped: news_impact AMD news_impact_engine
2026-06-21 20:43:12 [DEBUG] zkr_analiz.activity_stream: Duplicate event skipped: news_impact GOOGL news_impact_engine
2026-06-21 20:43:12 [DEBUG] zkr_analiz.activity_stream: Duplicate event skipped: news_impact GS news_impact_engine
2026-06-21 20:43:12 [DEBUG] zkr_analiz.activity_stream: Duplicate event skipped: news_impact AMD news_impact_engine
2026-06-21 20:43:12 [DEBUG] zkr_analiz.activity_stream: Duplicate event skipped: news_impact BTC news_impact_engine
2026-06-21 20:43:12 [DEBUG] zkr_analiz.activity_stream: Duplicate event skipped: news_impact COIN news_impact_engine
2026-06-21 20:43:12 [DEBUG] zkr_analiz.activity_stream: Duplicate event skipped: strategy_activity BTCUSDT strategy_live_engine
2026-06-21 20:43:12 [DEBUG] zkr_analiz.activity_stream: Duplicate event skipped: strategy_activity BTCUSDT strategy_live_engine
2026-06-21 20:43:12 [DEBUG] zkr_analiz.activity_stream: Duplicate event skipped: strategy_activity BTCUSDT strategy_live_engine
2026-06-21 20:43:12 [DEBUG] zkr_analiz.activity_stream: Duplicate event skipped: strategy_activity BTCUSDT strategy_live_engine
2026-06-21 20:43:16 [DEBUG] zkr_analiz.jobs: rest_price_poller updated 671 USDT symbols; buffer_size=671
2026-06-21 20:43:16 [DEBUG] zkr_analiz.jobs: broadcast_worker emitting batch size=671
emitting event "price_update_batch" to all [/]
2026-06-21 20:43:16 [INFO] socketio.server: emitting event "price_update_batch" to all [/]
2026-06-21 20:43:21 [DEBUG] zkr_analiz.jobs: rest_price_poller updated 671 USDT symbols; buffer_size=671
2026-06-21 20:43:21 [DEBUG] zkr_analiz.jobs: broadcast_worker emitting batch size=671
emitting event "price_update_batch" to all [/]
2026-06-21 20:43:21 [INFO] socketio.server: emitting event "price_update_batch" to all [/]
2026-06-21 20:43:25 [DEBUG] zkr_analiz.yahoo: No cache for AAPL, triggering background fetch
2026-06-21 20:43:26 [ERROR] yfinance: Failed to get ticker 'AAPL' reason: Expecting value: line 1 column 1 (char 0)
2026-06-21 20:43:26 [ERROR] yfinance: 
1 Failed download:
2026-06-21 20:43:26 [ERROR] yfinance: ['AAPL']: Exception('%ticker%: No price data found, symbol may be delisted (period=2d)')
2026-06-21 20:43:26 [DEBUG] zkr_analiz.jobs: rest_price_poller updated 671 USDT symbols; buffer_size=671
2026-06-21 20:43:27 [DEBUG] zkr_analiz.jobs: broadcast_worker emitting batch size=671
emitting event "price_update_batch" to all [/]
2026-06-21 20:43:27 [INFO] socketio.server: emitting event "price_update_batch" to all [/]
2026-06-21 20:43:32 [DEBUG] zkr_analiz.jobs: rest_price_poller updated 671 USDT symbols; buffer_size=671
2026-06-21 20:43:32 [DEBUG] zkr_analiz.jobs: broadcast_worker emitting batch size=671
emitting event "price_update_batch" to all [/]
2026-06-21 20:43:32 [INFO] socketio.server: emitting event "price_update_batch" to all [/]
2026-06-21 20:43:37 [DEBUG] zkr_analiz.jobs: rest_price_poller updated 671 USDT symbols; buffer_size=671
2026-06-21 20:43:37 [DEBUG] zkr_analiz.jobs: broadcast_worker emitting batch size=671
emitting event "price_update_batch" to all [/]
2026-06-21 20:43:37 [INFO] socketio.server: emitting event "price_update_batch" to all [/]
2026-06-21 20:43:42 [DEBUG] zkr_analiz.jobs: rest_price_poller updated 671 USDT symbols; buffer_size=671
2026-06-21 20:43:43 [DEBUG] zkr_analiz.jobs: broadcast_worker emitting batch size=671
emitting event "price_update_batch" to all [/]
2026-06-21 20:43:43 [INFO] socketio.server: emitting event "price_update_batch" to all [/]
2026-06-21 20:43:48 [DEBUG] zkr_analiz.jobs: rest_price_poller updated 671 USDT symbols; buffer_size=671
2026-06-21 20:43:48 [DEBUG] zkr_analiz.jobs: broadcast_worker emitting batch size=671
emitting event "price_update_batch" to all [/]
2026-06-21 20:43:48 [INFO] socketio.server: emitting event "price_update_batch" to all [/]
2026-06-21 20:43:53 [DEBUG] zkr_analiz.jobs: rest_price_poller updated 671 USDT symbols; buffer_size=671
2026-06-21 20:43:53 [DEBUG] zkr_analiz.jobs: broadcast_worker emitting batch size=671
emitting event "price_update_batch" to all [/]
2026-06-21 20:43:53 [INFO] socketio.server: emitting event "price_update_batch" to all [/]
2026-06-21 20:43:55 [DEBUG] zkr_analiz.yahoo: No cache for GC=F, triggering background fetch
2026-06-21 20:43:56 [ERROR] yfinance: Failed to get ticker 'GC=F' reason: Expecting value: line 1 column 1 (char 0)
2026-06-21 20:43:56 [DEBUG] zkr_analiz.yahoo: No cache for SPY, triggering background fetch
2026-06-21 20:43:56 [ERROR] yfinance: 
1 Failed download:
2026-06-21 20:43:56 [ERROR] yfinance: ['GC=F']: Exception('%ticker%: No price data found, symbol may be delisted (period=2d)')
2026-06-21 20:43:56 [ERROR] yfinance: Failed to get ticker 'SPY' reason: Expecting value: line 1 column 1 (char 0)
2026-06-21 20:43:56 [ERROR] yfinance: 
2 Failed downloads:
2026-06-21 20:43:56 [ERROR] yfinance: ['GC=F', 'SPY']: Exception('%ticker%: No price data found, symbol may be delisted (period=2d)')
2026-06-21 20:43:56 [DEBUG] zkr_analiz.yahoo: No cache for DX=F, triggering background fetch
2026-06-21 20:43:56 [ERROR] yfinance: Failed to get ticker 'DX=F' reason: Expecting value: line 1 column 1 (char 0)
2026-06-21 20:43:56 [ERROR] yfinance: 
1 Failed download:
2026-06-21 20:43:56 [ERROR] yfinance: ['DX=F']: Exception('%ticker%: No price data found, symbol may be delisted (period=2d)')
2026-06-21 20:43:58 [DEBUG] zkr_analiz.jobs: rest_price_poller updated 671 USDT symbols; buffer_size=671
2026-06-21 20:43:59 [DEBUG] zkr_analiz.jobs: broadcast_worker emitting batch size=671
emitting event "price_update_batch" to all [/]
2026-06-21 20:43:59 [INFO] socketio.server: emitting event "price_update_batch" to all [/]
2026-06-21 20:44:04 [DEBUG] zkr_analiz.jobs: rest_price_poller updated 671 USDT symbols; buffer_size=671
2026-06-21 20:44:04 [DEBUG] zkr_analiz.jobs: broadcast_worker emitting batch size=671
emitting event "price_update_batch" to all [/]
2026-06-21 20:44:04 [INFO] socketio.server: emitting event "price_update_batch" to all [/]
2026-06-21 20:44:09 [DEBUG] zkr_analiz.jobs: rest_price_poller updated 671 USDT symbols; buffer_size=671
2026-06-21 20:44:09 [DEBUG] zkr_analiz.jobs: broadcast_worker emitting batch size=671
emitting event "price_update_batch" to all [/]
2026-06-21 20:44:09 [INFO] socketio.server: emitting event "price_update_batch" to all [/]
2026-06-21 20:44:12 [WARNING] zkr_analiz.activity_stream: Unknown event type: rsi_extreme
2026-06-21 20:44:12 [WARNING] zkr_analiz.activity_stream: Unknown event type: rsi_extreme
2026-06-21 20:44:12 [DEBUG] zkr_analiz.activity_stream: Duplicate event skipped: news_impact AMD news_impact_engine
2026-06-21 20:44:12 [DEBUG] zkr_analiz.activity_stream: Duplicate event skipped: news_impact GOOGL news_impact_engine
2026-06-21 20:44:12 [DEBUG] zkr_analiz.activity_stream: Duplicate event skipped: news_impact GS news_impact_engine
2026-06-21 20:44:12 [DEBUG] zkr_analiz.activity_stream: Duplicate event skipped: news_impact AMD news_impact_engine
2026-06-21 20:44:12 [DEBUG] zkr_analiz.activity_stream: Duplicate event skipped: news_impact BTC news_impact_engine
2026-06-21 20:44:12 [DEBUG] zkr_analiz.activity_stream: Duplicate event skipped: news_impact COIN news_impact_engine
2026-06-21 20:44:12 [DEBUG] zkr_analiz.activity_stream: Duplicate event skipped: strategy_activity BTCUSDT strategy_live_engine
2026-06-21 20:44:12 [DEBUG] zkr_analiz.activity_stream: Duplicate event skipped: strategy_activity BTCUSDT strategy_live_engine
2026-06-21 20:44:12 [DEBUG] zkr_analiz.activity_stream: Duplicate event skipped: strategy_activity BTCUSDT strategy_live_engine
2026-06-21 20:44:12 [DEBUG] zkr_analiz.activity_stream: Duplicate event skipped: strategy_activity BTCUSDT strategy_live_engine
2026-06-21 20:44:14 [DEBUG] zkr_analiz.jobs: rest_price_poller updated 671 USDT symbols; buffer_size=671
2026-06-21 20:44:15 [DEBUG] zkr_analiz.jobs: broadcast_worker emitting batch size=671
emitting event "price_update_batch" to all [/]
2026-06-21 20:44:15 [INFO] socketio.server: emitting event "price_update_batch" to all [/]
2026-06-21 20:44:20 [DEBUG] zkr_analiz.jobs: rest_price_poller updated 671 USDT symbols; buffer_size=671
2026-06-21 20:44:20 [DEBUG] zkr_analiz.jobs: broadcast_worker emitting batch size=671
emitting event "price_update_batch" to all [/]
2026-06-21 20:44:20 [INFO] socketio.server: emitting event "price_update_batch" to all [/]
2026-06-21 20:44:25 [DEBUG] zkr_analiz.jobs: rest_price_poller updated 671 USDT symbols; buffer_size=671
2026-06-21 20:44:25 [DEBUG] zkr_analiz.jobs: broadcast_worker emitting batch size=671
emitting event "price_update_batch" to all [/]
2026-06-21 20:44:25 [INFO] socketio.server: emitting event "price_update_batch" to all [/]
2026-06-21 20:44:30 [DEBUG] zkr_analiz.jobs: rest_price_poller updated 671 USDT symbols; buffer_size=671
2026-06-21 20:44:31 [DEBUG] zkr_analiz.jobs: broadcast_worker emitting batch size=671
emitting event "price_update_batch" to all [/]
2026-06-21 20:44:31 [INFO] socketio.server: emitting event "price_update_batch" to all [/]
2026-06-21 20:44:36 [DEBUG] zkr_analiz.jobs: rest_price_poller updated 671 USDT symbols; buffer_size=671
2026-06-21 20:44:36 [INFO] zkr_analiz.yahoo: Stale cache for stocks, triggering background refresh
2026-06-21 20:44:36 [INFO] zkr_analiz.yahoo: Single-call download for 8 symbols...
2026-06-21 20:44:36 [INFO] zkr_analiz.yahoo: Cold start: fetching 5 forex symbols...
2026-06-21 20:44:36 [INFO] zkr_analiz.yahoo: Single-call download for 5 symbols...
2026-06-21 20:44:36 [DEBUG] zkr_analiz.jobs: broadcast_worker emitting batch size=671
emitting event "price_update_batch" to all [/]
2026-06-21 20:44:36 [INFO] socketio.server: emitting event "price_update_batch" to all [/]
2026-06-21 20:44:36 [ERROR] yfinance: Failed to get ticker 'GOOGL' reason: Expecting value: line 1 column 1 (char 0)
2026-06-21 20:44:36 [ERROR] yfinance: Failed to get ticker 'EURUSD=X' reason: Expecting value: line 1 column 1 (char 0)
2026-06-21 20:44:36 [ERROR] yfinance: Failed to get ticker 'USDJPY=X' reason: Expecting value: line 1 column 1 (char 0)
2026-06-21 20:44:36 [ERROR] yfinance: Failed to get ticker 'GBPUSD=X' reason: Expecting value: line 1 column 1 (char 0)
2026-06-21 20:44:36 [ERROR] yfinance: Failed to get ticker 'NVDA' reason: Expecting value: line 1 column 1 (char 0)
2026-06-21 20:44:36 [ERROR] yfinance: Failed to get ticker 'META' reason: Expecting value: line 1 column 1 (char 0)
2026-06-21 20:44:36 [ERROR] yfinance: Failed to get ticker 'TSLA' reason: Expecting value: line 1 column 1 (char 0)
2026-06-21 20:44:36 [ERROR] yfinance: Failed to get ticker 'AMZN' reason: Expecting value: line 1 column 1 (char 0)
2026-06-21 20:44:36 [ERROR] yfinance: Failed to get ticker 'JPM' reason: Expecting value: line 1 column 1 (char 0)
2026-06-21 20:44:36 [ERROR] yfinance: Failed to get ticker 'EURTRY=X' reason: Expecting value: line 1 column 1 (char 0)
2026-06-21 20:44:36 [ERROR] yfinance: Failed to get ticker 'AAPL' reason: Expecting value: line 1 column 1 (char 0)
2026-06-21 20:44:36 [ERROR] yfinance: Failed to get ticker 'MSFT' reason: Expecting value: line 1 column 1 (char 0)
2026-06-21 20:44:36 [ERROR] yfinance: 
5 Failed downloads:
2026-06-21 20:44:36 [ERROR] yfinance: ['USDTRY=X']: InterfaceError('bad parameter or other API misuse')
2026-06-21 20:44:36 [ERROR] yfinance: ['EURUSD=X', 'USDJPY=X', 'NVDA', 'JPM']: Exception('%ticker%: No price data found, symbol may be delisted (period=2d)')
2026-06-21 20:44:36 [INFO] zkr_analiz.yahoo: Single-call got 0/5 prices
2026-06-21 20:44:36 [INFO] zkr_analiz.yahoo: Batch cache updated for forex: 0/5 symbols have prices (0.0%)
2026-06-21 20:44:36 [INFO] zkr_analiz.opportunity_engine: Opportunity scan complete: 2 opportunities found
2026-06-21 20:44:36 [ERROR] yfinance: 
8 Failed downloads:
2026-06-21 20:44:36 [ERROR] yfinance: ['USDTRY=X']: InterfaceError('bad parameter or other API misuse')
2026-06-21 20:44:36 [ERROR] yfinance: ['EURUSD=X', 'USDJPY=X', 'NVDA', 'JPM', 'GOOGL', 'TSLA', 'EURTRY=X']: Exception('%ticker%: No price data found, symbol may be delisted (period=2d)')
2026-06-21 20:44:36 [INFO] zkr_analiz.yahoo: Single-call got 0/8 prices
2026-06-21 20:44:36 [INFO] zkr_analiz.yahoo: Batch download got 0/8 stocks, trying CoinGecko fallback...
2026-06-21 20:44:37 [INFO] zkr_analiz.yahoo: Batch cache updated for stocks: 4/8 symbols have prices (50.0%)
2026-06-21 20:44:41 [DEBUG] zkr_analiz.jobs: rest_price_poller updated 671 USDT symbols; buffer_size=671
2026-06-21 20:44:41 [DEBUG] zkr_analiz.jobs: broadcast_worker emitting batch size=671
emitting event "price_update_batch" to all [/]
2026-06-21 20:44:41 [INFO] socketio.server: emitting event "price_update_batch" to all [/]
2026-06-21 20:44:46 [DEBUG] zkr_analiz.jobs: rest_price_poller updated 671 USDT symbols; buffer_size=671
2026-06-21 20:44:47 [DEBUG] zkr_analiz.jobs: broadcast_worker emitting batch size=671
emitting event "price_update_batch" to all [/]
2026-06-21 20:44:47 [INFO] socketio.server: emitting event "price_update_batch" to all [/]
2026-06-21 20:44:52 [DEBUG] zkr_analiz.jobs: rest_price_poller updated 671 USDT symbols; buffer_size=671
2026-06-21 20:44:52 [DEBUG] zkr_analiz.jobs: broadcast_worker emitting batch size=671
emitting event "price_update_batch" to all [/]
2026-06-21 20:44:52 [INFO] socketio.server: emitting event "price_update_batch" to all [/]
2026-06-21 20:44:55 [DEBUG] zkr_analiz.yahoo: No cache for XU100.IS, triggering background fetch
2026-06-21 20:44:56 [ERROR] yfinance: Failed to get ticker 'XU100.IS' reason: Expecting value: line 1 column 1 (char 0)
2026-06-21 20:44:56 [ERROR] yfinance: 
1 Failed download:
2026-06-21 20:44:56 [ERROR] yfinance: ['XU100.IS']: Exception('%ticker%: No price data found, symbol may be delisted (period=2d)')
2026-06-21 20:44:58 [DEBUG] zkr_analiz.jobs: rest_price_poller updated 671 USDT symbols; buffer_size=671
2026-06-21 20:44:58 [DEBUG] zkr_analiz.jobs: broadcast_worker emitting batch size=671
emitting event "price_update_batch" to all [/]
2026-06-21 20:44:58 [INFO] socketio.server: emitting event "price_update_batch" to all [/]
2026-06-21 20:45:03 [DEBUG] zkr_analiz.jobs: rest_price_poller updated 671 USDT symbols; buffer_size=671
2026-06-21 20:45:03 [DEBUG] zkr_analiz.jobs: broadcast_worker emitting batch size=671
emitting event "price_update_batch" to all [/]
2026-06-21 20:45:03 [INFO] socketio.server: emitting event "price_update_batch" to all [/]
2026-06-21 20:45:08 [DEBUG] zkr_analiz.jobs: rest_price_poller updated 671 USDT symbols; buffer_size=671
2026-06-21 20:45:08 [DEBUG] zkr_analiz.jobs: broadcast_worker emitting batch size=671
emitting event "price_update_batch" to all [/]
2026-06-21 20:45:08 [INFO] socketio.server: emitting event "price_update_batch" to all [/]
2026-06-21 20:45:12 [WARNING] zkr_analiz.activity_stream: Unknown event type: rsi_extreme
2026-06-21 20:45:12 [WARNING] zkr_analiz.activity_stream: Unknown event type: rsi_extreme
2026-06-21 20:45:12 [DEBUG] zkr_analiz.activity_stream: Duplicate event skipped: news_impact AMD news_impact_engine
2026-06-21 20:45:12 [DEBUG] zkr_analiz.activity_stream: Duplicate event skipped: news_impact GOOGL news_impact_engine
2026-06-21 20:45:12 [DEBUG] zkr_analiz.activity_stream: Duplicate event skipped: news_impact GS news_impact_engine
2026-06-21 20:45:12 [DEBUG] zkr_analiz.activity_stream: Duplicate event skipped: news_impact AMD news_impact_engine
2026-06-21 20:45:12 [DEBUG] zkr_analiz.activity_stream: Duplicate event skipped: news_impact BTC news_impact_engine
2026-06-21 20:45:12 [DEBUG] zkr_analiz.activity_stream: Duplicate event skipped: news_impact COIN news_impact_engine
2026-06-21 20:45:12 [DEBUG] zkr_analiz.activity_stream: Duplicate event skipped: strategy_activity BTCUSDT strategy_live_engine
2026-06-21 20:45:12 [DEBUG] zkr_analiz.activity_stream: Duplicate event skipped: strategy_activity BTCUSDT strategy_live_engine
2026-06-21 20:45:12 [DEBUG] zkr_analiz.activity_stream: Duplicate event skipped: strategy_activity BTCUSDT strategy_live_engine
2026-06-21 20:45:12 [DEBUG] zkr_analiz.activity_stream: Duplicate event skipped: strategy_activity BTCUSDT strategy_live_engine
2026-06-21 20:45:13 [DEBUG] zkr_analiz.jobs: rest_price_poller updated 671 USDT symbols; buffer_size=671
2026-06-21 20:45:14 [DEBUG] zkr_analiz.jobs: broadcast_worker emitting batch size=671
emitting event "price_update_batch" to all [/]
2026-06-21 20:45:14 [INFO] socketio.server: emitting event "price_update_batch" to all [/]
2026-06-21 20:45:19 [DEBUG] zkr_analiz.jobs: rest_price_poller updated 671 USDT symbols; buffer_size=671
2026-06-21 20:45:19 [DEBUG] zkr_analiz.jobs: broadcast_worker emitting batch size=671
emitting event "price_update_batch" to all [/]
2026-06-21 20:45:19 [INFO] socketio.server: emitting event "price_update_batch" to all [/]
2026-06-21 20:45:25 [DEBUG] zkr_analiz.jobs: rest_price_poller updated 671 USDT symbols; buffer_size=671
2026-06-21 20:45:25 [DEBUG] zkr_analiz.jobs: broadcast_worker emitting batch size=671
emitting event "price_update_batch" to all [/]
2026-06-21 20:45:25 [INFO] socketio.server: emitting event "price_update_batch" to all [/]
2026-06-21 20:45:25 [DEBUG] zkr_analiz.yahoo: No cache for THYAO.IS, triggering background fetch
2026-06-21 20:45:26 [ERROR] yfinance: Failed to get ticker 'THYAO.IS' reason: Expecting value: line 1 column 1 (char 0)
2026-06-21 20:45:26 [ERROR] yfinance: 
1 Failed download:
2026-06-21 20:45:26 [ERROR] yfinance: ['THYAO.IS']: Exception('%ticker%: No price data found, symbol may be delisted (period=2d)')
2026-06-21 20:45:30 [DEBUG] zkr_analiz.jobs: rest_price_poller updated 671 USDT symbols; buffer_size=671
2026-06-21 20:45:30 [DEBUG] zkr_analiz.jobs: broadcast_worker emitting batch size=671
emitting event "price_update_batch" to all [/]
2026-06-21 20:45:30 [INFO] socketio.server: emitting event "price_update_batch" to all [/]
2026-06-21 20:45:36 [DEBUG] zkr_analiz.jobs: rest_price_poller updated 671 USDT symbols; buffer_size=671
2026-06-21 20:45:36 [DEBUG] zkr_analiz.jobs: broadcast_worker emitting batch size=671
emitting event "price_update_batch" to all [/]
2026-06-21 20:45:36 [INFO] socketio.server: emitting event "price_update_batch" to all [/]
2026-06-21 20:45:41 [DEBUG] zkr_analiz.jobs: rest_price_poller updated 671 USDT symbols; buffer_size=671
2026-06-21 20:45:41 [DEBUG] zkr_analiz.jobs: broadcast_worker emitting batch size=671
emitting event "price_update_batch" to all [/]
2026-06-21 20:45:41 [INFO] socketio.server: emitting event "price_update_batch" to all [/]
2026-06-21 20:45:46 [DEBUG] zkr_analiz.jobs: rest_price_poller updated 671 USDT symbols; buffer_size=671
2026-06-21 20:45:47 [DEBUG] zkr_analiz.jobs: broadcast_worker emitting batch size=671
emitting event "price_update_batch" to all [/]
2026-06-21 20:45:47 [INFO] socketio.server: emitting event "price_update_batch" to all [/]
2026-06-21 20:45:52 [DEBUG] zkr_analiz.jobs: rest_price_poller updated 671 USDT symbols; buffer_size=671
2026-06-21 20:45:52 [DEBUG] zkr_analiz.jobs: broadcast_worker emitting batch size=671
emitting event "price_update_batch" to all [/]
2026-06-21 20:45:52 [INFO] socketio.server: emitting event "price_update_batch" to all [/]
2026-06-21 20:45:55 [DEBUG] zkr_analiz.yahoo: No cache for AAPL, triggering background fetch
2026-06-21 20:45:56 [ERROR] yfinance: Failed to get ticker 'AAPL' reason: Expecting value: line 1 column 1 (char 0)
2026-06-21 20:45:56 [ERROR] yfinance: 
1 Failed download:
2026-06-21 20:45:56 [ERROR] yfinance: ['AAPL']: Exception('%ticker%: No price data found, symbol may be delisted (period=2d)')
2026-06-21 20:45:57 [DEBUG] zkr_analiz.jobs: rest_price_poller updated 671 USDT symbols; buffer_size=671
2026-06-21 20:45:57 [DEBUG] zkr_analiz.jobs: broadcast_worker emitting batch size=671
emitting event "price_update_batch" to all [/]
2026-06-21 20:45:57 [INFO] socketio.server: emitting event "price_update_batch" to all [/]
2026-06-21 20:46:02 [DEBUG] zkr_analiz.jobs: rest_price_poller updated 671 USDT symbols; buffer_size=671
2026-06-21 20:46:03 [DEBUG] zkr_analiz.jobs: broadcast_worker emitting batch size=671
emitting event "price_update_batch" to all [/]
2026-06-21 20:46:03 [INFO] socketio.server: emitting event "price_update_batch" to all [/]
2026-06-21 20:46:08 [DEBUG] zkr_analiz.jobs: rest_price_poller updated 671 USDT symbols; buffer_size=671
2026-06-21 20:46:08 [DEBUG] zkr_analiz.jobs: broadcast_worker emitting batch size=671
emitting event "price_update_batch" to all [/]
2026-06-21 20:46:08 [INFO] socketio.server: emitting event "price_update_batch" to all [/]
2026-06-21 20:46:12 [WARNING] zkr_analiz.activity_stream: Unknown event type: rsi_extreme
2026-06-21 20:46:12 [WARNING] zkr_analiz.activity_stream: Unknown event type: rsi_extreme
2026-06-21 20:46:12 [DEBUG] zkr_analiz.activity_stream: Duplicate event skipped: news_impact AMD news_impact_engine
2026-06-21 20:46:12 [DEBUG] zkr_analiz.activity_stream: Duplicate event skipped: news_impact GOOGL news_impact_engine
2026-06-21 20:46:12 [DEBUG] zkr_analiz.activity_stream: Duplicate event skipped: news_impact GS news_impact_engine
2026-06-21 20:46:12 [DEBUG] zkr_analiz.activity_stream: Duplicate event skipped: news_impact AMD news_impact_engine
2026-06-21 20:46:12 [DEBUG] zkr_analiz.activity_stream: Duplicate event skipped: news_impact BTC news_impact_engine
2026-06-21 20:46:12 [DEBUG] zkr_analiz.activity_stream: Duplicate event skipped: news_impact COIN news_impact_engine
2026-06-21 20:46:12 [DEBUG] zkr_analiz.activity_stream: Duplicate event skipped: strategy_activity BTCUSDT strategy_live_engine
2026-06-21 20:46:12 [DEBUG] zkr_analiz.activity_stream: Duplicate event skipped: strategy_activity BTCUSDT strategy_live_engine
2026-06-21 20:46:12 [DEBUG] zkr_analiz.activity_stream: Duplicate event skipped: strategy_activity BTCUSDT strategy_live_engine
2026-06-21 20:46:12 [DEBUG] zkr_analiz.activity_stream: Duplicate event skipped: strategy_activity BTCUSDT strategy_live_engine
2026-06-21 20:46:13 [DEBUG] zkr_analiz.jobs: rest_price_poller updated 671 USDT symbols; buffer_size=671
2026-06-21 20:46:13 [DEBUG] zkr_analiz.jobs: broadcast_worker emitting batch size=671
emitting event "price_update_batch" to all [/]
2026-06-21 20:46:13 [INFO] socketio.server: emitting event "price_update_batch" to all [/]
2026-06-21 20:46:18 [DEBUG] zkr_analiz.jobs: rest_price_poller updated 671 USDT symbols; buffer_size=671
2026-06-21 20:46:19 [DEBUG] zkr_analiz.jobs: broadcast_worker emitting batch size=671
emitting event "price_update_batch" to all [/]
2026-06-21 20:46:19 [INFO] socketio.server: emitting event "price_update_batch" to all [/]
2026-06-21 20:46:24 [DEBUG] zkr_analiz.jobs: rest_price_poller updated 671 USDT symbols; buffer_size=671
2026-06-21 20:46:24 [DEBUG] zkr_analiz.jobs: broadcast_worker emitting batch size=671
emitting event "price_update_batch" to all [/]
2026-06-21 20:46:24 [INFO] socketio.server: emitting event "price_update_batch" to all [/]
2026-06-21 20:46:25 [DEBUG] zkr_analiz.yahoo: No cache for GC=F, triggering background fetch
2026-06-21 20:46:26 [ERROR] yfinance: Failed to get ticker 'GC=F' reason: Expecting value: line 1 column 1 (char 0)
2026-06-21 20:46:26 [ERROR] yfinance: 
1 Failed download:
2026-06-21 20:46:26 [ERROR] yfinance: ['GC=F']: Exception('%ticker%: No price data found, symbol may be delisted (period=2d)')
2026-06-21 20:46:26 [DEBUG] zkr_analiz.yahoo: No cache for SPY, triggering background fetch
2026-06-21 20:46:26 [ERROR] yfinance: Failed to get ticker 'SPY' reason: Expecting value: line 1 column 1 (char 0)
2026-06-21 20:46:26 [DEBUG] zkr_analiz.yahoo: No cache for DX=F, triggering background fetch
2026-06-21 20:46:26 [ERROR] yfinance: 
1 Failed download:
2026-06-21 20:46:26 [ERROR] yfinance: ['SPY']: Exception('%ticker%: No price data found, symbol may be delisted (period=2d)')
2026-06-21 20:46:26 [ERROR] yfinance: Failed to get ticker 'DX=F' reason: Expecting value: line 1 column 1 (char 0)
2026-06-21 20:46:26 [ERROR] yfinance: 
2 Failed downloads:
2026-06-21 20:46:26 [ERROR] yfinance: ['SPY', 'DX=F']: Exception('%ticker%: No price data found, symbol may be delisted (period=2d)')
2026-06-21 20:46:29 [DEBUG] zkr_analiz.jobs: rest_price_poller updated 671 USDT symbols; buffer_size=671
2026-06-21 20:46:29 [DEBUG] zkr_analiz.jobs: broadcast_worker emitting batch size=671
emitting event "price_update_batch" to all [/]
2026-06-21 20:46:29 [INFO] socketio.server: emitting event "price_update_batch" to all [/]
2026-06-21 20:46:34 [DEBUG] zkr_analiz.jobs: rest_price_poller updated 671 USDT symbols; buffer_size=671
2026-06-21 20:46:35 [DEBUG] zkr_analiz.jobs: broadcast_worker emitting batch size=671
emitting event "price_update_batch" to all [/]
2026-06-21 20:46:35 [INFO] socketio.server: emitting event "price_update_batch" to all [/]
2026-06-21 20:46:39 [INFO] zkr_analiz.yahoo: Cold start: fetching 5 forex symbols...
2026-06-21 20:46:39 [INFO] zkr_analiz.yahoo: Single-call download for 5 symbols...
2026-06-21 20:46:39 [ERROR] yfinance: Failed to get ticker 'USDTRY=X' reason: Expecting value: line 1 column 1 (char 0)
2026-06-21 20:46:39 [ERROR] yfinance: Failed to get ticker 'GBPUSD=X' reason: Expecting value: line 1 column 1 (char 0)
2026-06-21 20:46:39 [ERROR] yfinance: Failed to get ticker 'EURTRY=X' reason: Expecting value: line 1 column 1 (char 0)
2026-06-21 20:46:39 [ERROR] yfinance: Failed to get ticker 'USDJPY=X' reason: Expecting value: line 1 column 1 (char 0)
2026-06-21 20:46:40 [ERROR] yfinance: Failed to get ticker 'EURUSD=X' reason: Expecting value: line 1 column 1 (char 0)
2026-06-21 20:46:40 [DEBUG] zkr_analiz.jobs: rest_price_poller updated 671 USDT symbols; buffer_size=671
2026-06-21 20:46:40 [ERROR] yfinance: 
5 Failed downloads:
2026-06-21 20:46:40 [ERROR] yfinance: ['USDTRY=X', 'EURTRY=X', 'USDJPY=X', 'GBPUSD=X', 'EURUSD=X']: Exception('%ticker%: No price data found, symbol may be delisted (period=2d)')
2026-06-21 20:46:40 [INFO] zkr_analiz.yahoo: Single-call got 0/5 prices
2026-06-21 20:46:40 [INFO] zkr_analiz.yahoo: Batch cache updated for forex: 0/5 symbols have prices (0.0%)
2026-06-21 20:46:40 [INFO] zkr_analiz.opportunity_engine: Opportunity scan complete: 2 opportunities found
2026-06-21 20:46:40 [DEBUG] zkr_analiz.jobs: broadcast_worker emitting batch size=671
emitting event "price_update_batch" to all [/]
2026-06-21 20:46:40 [INFO] socketio.server: emitting event "price_update_batch" to all [/]
2026-06-21 20:46:45 [DEBUG] zkr_analiz.jobs: rest_price_poller updated 671 USDT symbols; buffer_size=671
2026-06-21 20:46:45 [DEBUG] zkr_analiz.jobs: broadcast_worker emitting batch size=671
emitting event "price_update_batch" to all [/]
2026-06-21 20:46:45 [INFO] socketio.server: emitting event "price_update_batch" to all [/]
2026-06-21 20:46:51 [DEBUG] zkr_analiz.jobs: rest_price_poller updated 671 USDT symbols; buffer_size=671
2026-06-21 20:46:51 [DEBUG] zkr_analiz.jobs: broadcast_worker emitting batch size=671
emitting event "price_update_batch" to all [/]
2026-06-21 20:46:51 [INFO] socketio.server: emitting event "price_update_batch" to all [/]
2026-06-21 20:46:56 [DEBUG] zkr_analiz.jobs: rest_price_poller updated 671 USDT symbols; buffer_size=671
2026-06-21 20:46:56 [DEBUG] zkr_analiz.jobs: broadcast_worker emitting batch size=671
emitting event "price_update_batch" to all [/]
2026-06-21 20:46:56 [INFO] socketio.server: emitting event "price_update_batch" to all [/]
2026-06-21 20:47:02 [DEBUG] zkr_analiz.jobs: rest_price_poller updated 671 USDT symbols; buffer_size=671
2026-06-21 20:47:03 [DEBUG] zkr_analiz.jobs: broadcast_worker emitting batch size=671
emitting event "price_update_batch" to all [/]
2026-06-21 20:47:03 [INFO] socketio.server: emitting event "price_update_batch" to all [/]
2026-06-21 20:47:08 [DEBUG] zkr_analiz.jobs: rest_price_poller updated 671 USDT symbols; buffer_size=671
2026-06-21 20:47:08 [DEBUG] zkr_analiz.jobs: broadcast_worker emitting batch size=671
emitting event "price_update_batch" to all [/]
2026-06-21 20:47:08 [INFO] socketio.server: emitting event "price_update_batch" to all [/]
2026-06-21 20:47:12 [WARNING] zkr_analiz.activity_stream: Unknown event type: rsi_extreme
2026-06-21 20:47:12 [WARNING] zkr_analiz.activity_stream: Unknown event type: rsi_extreme
2026-06-21 20:47:12 [INFO] zkr_analiz.activity_stream: Activity notification: [CRITICAL] news_impact AMD — Nvidia stock jumps on AI earnings beat
2026-06-21 20:47:12 [INFO] zkr_analiz.activity_stream: Activity notification: [CRITICAL] news_impact GOOGL — Nvidia stock jumps on AI earnings beat
2026-06-21 20:47:12 [INFO] zkr_analiz.activity_stream: Activity notification: [CRITICAL] news_impact GS — Nvidia stock jumps on AI earnings beat
2026-06-21 20:47:12 [DEBUG] zkr_analiz.activity_stream: Duplicate event skipped: news_impact AMD news_impact_engine
2026-06-21 20:47:12 [INFO] zkr_analiz.activity_stream: Activity notification: [CRITICAL] news_impact BTC — Bitcoin price surges to new all-time high above $150k
2026-06-21 20:47:12 [INFO] zkr_analiz.activity_stream: Activity notification: [CRITICAL] news_impact COIN — Bitcoin price surges to new all-time high above $150k
2026-06-21 20:47:12 [DEBUG] zkr_analiz.activity_stream: Duplicate event skipped: strategy_activity BTCUSDT strategy_live_engine
2026-06-21 20:47:12 [DEBUG] zkr_analiz.activity_stream: Duplicate event skipped: strategy_activity BTCUSDT strategy_live_engine
2026-06-21 20:47:12 [DEBUG] zkr_analiz.activity_stream: Duplicate event skipped: strategy_activity BTCUSDT strategy_live_engine
2026-06-21 20:47:12 [INFO] zkr_analiz.activity_stream: Activity stream: collected 6 new events
2026-06-21 20:47:13 [DEBUG] zkr_analiz.jobs: rest_price_poller updated 671 USDT symbols; buffer_size=671
2026-06-21 20:47:13 [DEBUG] zkr_analiz.jobs: broadcast_worker emitting batch size=671
emitting event "price_update_batch" to all [/]
2026-06-21 20:47:13 [INFO] socketio.server: emitting event "price_update_batch" to all [/]
2026-06-21 20:47:18 [DEBUG] zkr_analiz.jobs: rest_price_poller updated 671 USDT symbols; buffer_size=671
2026-06-21 20:47:19 [DEBUG] zkr_analiz.jobs: broadcast_worker emitting batch size=671
emitting event "price_update_batch" to all [/]
2026-06-21 20:47:19 [INFO] socketio.server: emitting event "price_update_batch" to all [/]
2026-06-21 20:47:24 [DEBUG] zkr_analiz.jobs: rest_price_poller updated 671 USDT symbols; buffer_size=671
2026-06-21 20:47:24 [DEBUG] zkr_analiz.jobs: broadcast_worker emitting batch size=671
emitting event "price_update_batch" to all [/]
2026-06-21 20:47:24 [INFO] socketio.server: emitting event "price_update_batch" to all [/]
2026-06-21 20:47:25 [DEBUG] zkr_analiz.yahoo: No cache for XU100.IS, triggering background fetch
2026-06-21 20:47:26 [ERROR] yfinance: Failed to get ticker 'XU100.IS' reason: Expecting value: line 1 column 1 (char 0)
2026-06-21 20:47:26 [ERROR] yfinance: 
1 Failed download:
2026-06-21 20:47:26 [ERROR] yfinance: ['XU100.IS']: Exception('%ticker%: No price data found, symbol may be delisted (period=2d)')
2026-06-21 20:47:29 [DEBUG] zkr_analiz.jobs: rest_price_poller updated 671 USDT symbols; buffer_size=671
2026-06-21 20:47:29 [DEBUG] zkr_analiz.jobs: broadcast_worker emitting batch size=671
emitting event "price_update_batch" to all [/]
2026-06-21 20:47:29 [INFO] socketio.server: emitting event "price_update_batch" to all [/]
2026-06-21 20:47:34 [DEBUG] zkr_analiz.jobs: rest_price_poller updated 671 USDT symbols; buffer_size=671
2026-06-21 20:47:35 [DEBUG] zkr_analiz.jobs: broadcast_worker emitting batch size=671
emitting event "price_update_batch" to all [/]
2026-06-21 20:47:35 [INFO] socketio.server: emitting event "price_update_batch" to all [/]
2026-06-21 20:47:41 [DEBUG] zkr_analiz.jobs: rest_price_poller updated 671 USDT symbols; buffer_size=671
2026-06-21 20:47:41 [DEBUG] zkr_analiz.jobs: broadcast_worker emitting batch size=671
emitting event "price_update_batch" to all [/]
2026-06-21 20:47:41 [INFO] socketio.server: emitting event "price_update_batch" to all [/]
2026-06-21 20:47:46 [DEBUG] zkr_analiz.jobs: rest_price_poller updated 671 USDT symbols; buffer_size=671
2026-06-21 20:47:46 [DEBUG] zkr_analiz.jobs: broadcast_worker emitting batch size=671
emitting event "price_update_batch" to all [/]
2026-06-21 20:47:46 [INFO] socketio.server: emitting event "price_update_batch" to all [/]
2026-06-21 20:47:51 [DEBUG] zkr_analiz.jobs: rest_price_poller updated 671 USDT symbols; buffer_size=671
2026-06-21 20:47:52 [DEBUG] zkr_analiz.jobs: broadcast_worker emitting batch size=671
emitting event "price_update_batch" to all [/]
2026-06-21 20:47:52 [INFO] socketio.server: emitting event "price_update_batch" to all [/]
2026-06-21 20:47:55 [DEBUG] zkr_analiz.yahoo: No cache for THYAO.IS, triggering background fetch
2026-06-21 20:47:56 [ERROR] yfinance: Failed to get ticker 'THYAO.IS' reason: Expecting value: line 1 column 1 (char 0)
2026-06-21 20:47:56 [ERROR] yfinance: 
1 Failed download:
2026-06-21 20:47:56 [ERROR] yfinance: ['THYAO.IS']: Exception('%ticker%: No price data found, symbol may be delisted (period=2d)')
2026-06-21 20:47:57 [DEBUG] zkr_analiz.jobs: rest_price_poller updated 671 USDT symbols; buffer_size=671
2026-06-21 20:47:57 [DEBUG] zkr_analiz.jobs: broadcast_worker emitting batch size=671
emitting event "price_update_batch" to all [/]
2026-06-21 20:47:57 [INFO] socketio.server: emitting event "price_update_batch" to all [/]
2026-06-21 20:48:02 [DEBUG] zkr_analiz.jobs: rest_price_poller updated 671 USDT symbols; buffer_size=671
2026-06-21 20:48:02 [DEBUG] zkr_analiz.jobs: broadcast_worker emitting batch size=671
emitting event "price_update_batch" to all [/]
2026-06-21 20:48:02 [INFO] socketio.server: emitting event "price_update_batch" to all [/]
2026-06-21 20:48:07 [DEBUG] zkr_analiz.jobs: rest_price_poller updated 671 USDT symbols; buffer_size=671
2026-06-21 20:48:07 [DEBUG] zkr_analiz.jobs: broadcast_worker emitting batch size=671
emitting event "price_update_batch" to all [/]
2026-06-21 20:48:07 [INFO] socketio.server: emitting event "price_update_batch" to all [/]
2026-06-21 20:48:12 [WARNING] zkr_analiz.activity_stream: Unknown event type: rsi_extreme
2026-06-21 20:48:12 [WARNING] zkr_analiz.activity_stream: Unknown event type: rsi_extreme
2026-06-21 20:48:12 [DEBUG] zkr_analiz.activity_stream: Duplicate event skipped: news_impact AMD news_impact_engine
2026-06-21 20:48:12 [DEBUG] zkr_analiz.activity_stream: Duplicate event skipped: news_impact GOOGL news_impact_engine
2026-06-21 20:48:12 [DEBUG] zkr_analiz.activity_stream: Duplicate event skipped: news_impact GS news_impact_engine
2026-06-21 20:48:12 [DEBUG] zkr_analiz.activity_stream: Duplicate event skipped: news_impact AMD news_impact_engine
2026-06-21 20:48:12 [DEBUG] zkr_analiz.activity_stream: Duplicate event skipped: news_impact BTC news_impact_engine
2026-06-21 20:48:12 [DEBUG] zkr_analiz.activity_stream: Duplicate event skipped: news_impact COIN news_impact_engine
2026-06-21 20:48:12 [DEBUG] zkr_analiz.activity_stream: Duplicate event skipped: strategy_activity BTCUSDT strategy_live_engine
2026-06-21 20:48:12 [DEBUG] zkr_analiz.activity_stream: Duplicate event skipped: strategy_activity BTCUSDT strategy_live_engine
2026-06-21 20:48:12 [DEBUG] zkr_analiz.activity_stream: Duplicate event skipped: strategy_activity BTCUSDT strategy_live_engine
2026-06-21 20:48:12 [DEBUG] zkr_analiz.activity_stream: Duplicate event skipped: strategy_activity BTCUSDT strategy_live_engine
2026-06-21 20:48:13 [DEBUG] zkr_analiz.jobs: rest_price_poller updated 671 USDT symbols; buffer_size=671
2026-06-21 20:48:13 [DEBUG] zkr_analiz.jobs: broadcast_worker emitting batch size=671
emitting event "price_update_batch" to all [/]
2026-06-21 20:48:13 [INFO] socketio.server: emitting event "price_update_batch" to all [/]
2026-06-21 20:48:18 [DEBUG] zkr_analiz.jobs: rest_price_poller updated 671 USDT symbols; buffer_size=671
2026-06-21 20:48:19 [DEBUG] zkr_analiz.jobs: broadcast_worker emitting batch size=671
emitting event "price_update_batch" to all [/]
2026-06-21 20:48:19 [INFO] socketio.server: emitting event "price_update_batch" to all [/]
2026-06-21 20:48:24 [DEBUG] zkr_analiz.jobs: rest_price_poller updated 671 USDT symbols; buffer_size=671
2026-06-21 20:48:24 [DEBUG] zkr_analiz.jobs: broadcast_worker emitting batch size=671
emitting event "price_update_batch" to all [/]
2026-06-21 20:48:24 [INFO] socketio.server: emitting event "price_update_batch" to all [/]
2026-06-21 20:48:25 [DEBUG] zkr_analiz.yahoo: No cache for AAPL, triggering background fetch
2026-06-21 20:48:26 [ERROR] yfinance: Failed to get ticker 'AAPL' reason: Expecting value: line 1 column 1 (char 0)
2026-06-21 20:48:26 [ERROR] yfinance: 
1 Failed download:
2026-06-21 20:48:26 [ERROR] yfinance: ['AAPL']: Exception('%ticker%: No price data found, symbol may be delisted (period=2d)')
2026-06-21 20:48:29 [DEBUG] zkr_analiz.jobs: rest_price_poller updated 671 USDT symbols; buffer_size=671
2026-06-21 20:48:30 [DEBUG] zkr_analiz.jobs: broadcast_worker emitting batch size=671
emitting event "price_update_batch" to all [/]
2026-06-21 20:48:30 [INFO] socketio.server: emitting event "price_update_batch" to all [/]
2026-06-21 20:48:35 [DEBUG] zkr_analiz.jobs: rest_price_poller updated 671 USDT symbols; buffer_size=671
2026-06-21 20:48:35 [DEBUG] zkr_analiz.jobs: broadcast_worker emitting batch size=671
emitting event "price_update_batch" to all [/]
2026-06-21 20:48:35 [INFO] socketio.server: emitting event "price_update_batch" to all [/]
2026-06-21 20:48:41 [DEBUG] zkr_analiz.jobs: rest_price_poller updated 671 USDT symbols; buffer_size=671
2026-06-21 20:48:41 [DEBUG] zkr_analiz.jobs: broadcast_worker emitting batch size=671
emitting event "price_update_batch" to all [/]
2026-06-21 20:48:41 [INFO] socketio.server: emitting event "price_update_batch" to all [/]
2026-06-21 20:48:43 [INFO] zkr_analiz.yahoo: Cold start: fetching 5 forex symbols...
2026-06-21 20:48:43 [INFO] zkr_analiz.yahoo: Single-call download for 5 symbols...
2026-06-21 20:48:43 [ERROR] yfinance: Failed to get ticker 'USDJPY=X' reason: Expecting value: line 1 column 1 (char 0)
2026-06-21 20:48:43 [ERROR] yfinance: Failed to get ticker 'EURTRY=X' reason: Expecting value: line 1 column 1 (char 0)
2026-06-21 20:48:43 [ERROR] yfinance: Failed to get ticker 'EURUSD=X' reason: Expecting value: line 1 column 1 (char 0)
2026-06-21 20:48:43 [ERROR] yfinance: Failed to get ticker 'GBPUSD=X' reason: Expecting value: line 1 column 1 (char 0)
2026-06-21 20:48:43 [ERROR] yfinance: Failed to get ticker 'USDTRY=X' reason: Expecting value: line 1 column 1 (char 0)
2026-06-21 20:48:43 [ERROR] yfinance: 
5 Failed downloads:
2026-06-21 20:48:43 [ERROR] yfinance: ['EURUSD=X', 'USDJPY=X', 'EURTRY=X', 'USDTRY=X', 'GBPUSD=X']: Exception('%ticker%: No price data found, symbol may be delisted (period=2d)')
2026-06-21 20:48:43 [INFO] zkr_analiz.yahoo: Single-call got 0/5 prices
2026-06-21 20:48:43 [INFO] zkr_analiz.yahoo: Batch cache updated for forex: 0/5 symbols have prices (0.0%)
2026-06-21 20:48:43 [INFO] zkr_analiz.opportunity_engine: Opportunity scan complete: 4 opportunities found
2026-06-21 20:48:47 [DEBUG] zkr_analiz.jobs: rest_price_poller updated 671 USDT symbols; buffer_size=671
2026-06-21 20:48:47 [DEBUG] zkr_analiz.jobs: broadcast_worker emitting batch size=671
emitting event "price_update_batch" to all [/]
2026-06-21 20:48:47 [INFO] socketio.server: emitting event "price_update_batch" to all [/]
2026-06-21 20:48:52 [DEBUG] zkr_analiz.jobs: rest_price_poller updated 671 USDT symbols; buffer_size=671
2026-06-21 20:48:52 [DEBUG] zkr_analiz.jobs: broadcast_worker emitting batch size=671
emitting event "price_update_batch" to all [/]
2026-06-21 20:48:52 [INFO] socketio.server: emitting event "price_update_batch" to all [/]
2026-06-21 20:48:55 [DEBUG] zkr_analiz.yahoo: No cache for GC=F, triggering background fetch
2026-06-21 20:48:56 [ERROR] yfinance: Failed to get ticker 'GC=F' reason: Expecting value: line 1 column 1 (char 0)
2026-06-21 20:48:56 [DEBUG] zkr_analiz.yahoo: No cache for SPY, triggering background fetch
2026-06-21 20:48:56 [ERROR] yfinance: 
1 Failed download:
2026-06-21 20:48:56 [ERROR] yfinance: ['GC=F']: Exception('%ticker%: No price data found, symbol may be delisted (period=2d)')
2026-06-21 20:48:56 [ERROR] yfinance: Failed to get ticker 'SPY' reason: Expecting value: line 1 column 1 (char 0)
2026-06-21 20:48:56 [ERROR] yfinance: 
2 Failed downloads:
2026-06-21 20:48:56 [ERROR] yfinance: ['GC=F', 'SPY']: Exception('%ticker%: No price data found, symbol may be delisted (period=2d)')
2026-06-21 20:48:56 [DEBUG] zkr_analiz.yahoo: No cache for DX=F, triggering background fetch
2026-06-21 20:48:56 [ERROR] yfinance: Failed to get ticker 'DX=F' reason: Expecting value: line 1 column 1 (char 0)
2026-06-21 20:48:56 [ERROR] yfinance: 
1 Failed download:
2026-06-21 20:48:56 [ERROR] yfinance: ['DX=F']: Exception('%ticker%: No price data found, symbol may be delisted (period=2d)')
2026-06-21 20:48:57 [DEBUG] zkr_analiz.jobs: rest_price_poller updated 671 USDT symbols; buffer_size=671
2026-06-21 20:48:58 [DEBUG] zkr_analiz.jobs: broadcast_worker emitting batch size=671
emitting event "price_update_batch" to all [/]
2026-06-21 20:48:58 [INFO] socketio.server: emitting event "price_update_batch" to all [/]
2026-06-21 20:49:03 [DEBUG] zkr_analiz.jobs: rest_price_poller updated 671 USDT symbols; buffer_size=671
2026-06-21 20:49:03 [DEBUG] zkr_analiz.jobs: broadcast_worker emitting batch size=671
emitting event "price_update_batch" to all [/]
2026-06-21 20:49:03 [INFO] socketio.server: emitting event "price_update_batch" to all [/]
2026-06-21 20:49:09 [DEBUG] zkr_analiz.jobs: rest_price_poller updated 671 USDT symbols; buffer_size=671
2026-06-21 20:49:09 [DEBUG] zkr_analiz.jobs: broadcast_worker emitting batch size=671
emitting event "price_update_batch" to all [/]
2026-06-21 20:49:09 [INFO] socketio.server: emitting event "price_update_batch" to all [/]
2026-06-21 20:49:12 [WARNING] zkr_analiz.activity_stream: Unknown event type: rsi_extreme
2026-06-21 20:49:12 [WARNING] zkr_analiz.activity_stream: Unknown event type: rsi_extreme
2026-06-21 20:49:12 [WARNING] zkr_analiz.activity_stream: Unknown event type: breakout
2026-06-21 20:49:12 [WARNING] zkr_analiz.activity_stream: Unknown event type: rsi_extreme
2026-06-21 20:49:12 [DEBUG] zkr_analiz.activity_stream: Duplicate event skipped: news_impact AMD news_impact_engine
2026-06-21 20:49:12 [DEBUG] zkr_analiz.activity_stream: Duplicate event skipped: news_impact GOOGL news_impact_engine
2026-06-21 20:49:12 [DEBUG] zkr_analiz.activity_stream: Duplicate event skipped: news_impact GS news_impact_engine
2026-06-21 20:49:12 [DEBUG] zkr_analiz.activity_stream: Duplicate event skipped: news_impact AMD news_impact_engine
2026-06-21 20:49:12 [DEBUG] zkr_analiz.activity_stream: Duplicate event skipped: news_impact BTC news_impact_engine
2026-06-21 20:49:12 [DEBUG] zkr_analiz.activity_stream: Duplicate event skipped: news_impact COIN news_impact_engine
2026-06-21 20:49:12 [DEBUG] zkr_analiz.activity_stream: Duplicate event skipped: strategy_activity BTCUSDT strategy_live_engine
2026-06-21 20:49:12 [DEBUG] zkr_analiz.activity_stream: Duplicate event skipped: strategy_activity BTCUSDT strategy_live_engine
2026-06-21 20:49:12 [DEBUG] zkr_analiz.activity_stream: Duplicate event skipped: strategy_activity BTCUSDT strategy_live_engine
2026-06-21 20:49:12 [DEBUG] zkr_analiz.activity_stream: Duplicate event skipped: strategy_activity BTCUSDT strategy_live_engine
2026-06-21 20:49:14 [DEBUG] zkr_analiz.jobs: rest_price_poller updated 671 USDT symbols; buffer_size=671
2026-06-21 20:49:14 [DEBUG] zkr_analiz.jobs: broadcast_worker emitting batch size=671
emitting event "price_update_batch" to all [/]
2026-06-21 20:49:14 [INFO] socketio.server: emitting event "price_update_batch" to all [/]
2026-06-21 20:49:20 [DEBUG] zkr_analiz.jobs: rest_price_poller updated 671 USDT symbols; buffer_size=671
2026-06-21 20:49:20 [DEBUG] zkr_analiz.jobs: broadcast_worker emitting batch size=671
emitting event "price_update_batch" to all [/]
2026-06-21 20:49:20 [INFO] socketio.server: emitting event "price_update_batch" to all [/]
2026-06-21 20:49:25 [DEBUG] zkr_analiz.jobs: rest_price_poller updated 671 USDT symbols; buffer_size=671
2026-06-21 20:49:25 [DEBUG] zkr_analiz.jobs: broadcast_worker emitting batch size=671
emitting event "price_update_batch" to all [/]
2026-06-21 20:49:25 [INFO] socketio.server: emitting event "price_update_batch" to all [/]
2026-06-21 20:49:30 [DEBUG] zkr_analiz.jobs: rest_price_poller updated 671 USDT symbols; buffer_size=671
2026-06-21 20:49:30 [DEBUG] zkr_analiz.jobs: broadcast_worker emitting batch size=671
emitting event "price_update_batch" to all [/]
2026-06-21 20:49:30 [INFO] socketio.server: emitting event "price_update_batch" to all [/]
2026-06-21 20:49:36 [DEBUG] zkr_analiz.jobs: rest_price_poller updated 671 USDT symbols; buffer_size=671
2026-06-21 20:49:36 [DEBUG] zkr_analiz.jobs: broadcast_worker emitting batch size=671
emitting event "price_update_batch" to all [/]
2026-06-21 20:49:36 [INFO] socketio.server: emitting event "price_update_batch" to all [/]
2026-06-21 20:49:41 [DEBUG] zkr_analiz.jobs: rest_price_poller updated 671 USDT symbols; buffer_size=671
2026-06-21 20:49:42 [DEBUG] zkr_analiz.jobs: broadcast_worker emitting batch size=671
emitting event "price_update_batch" to all [/]
2026-06-21 20:49:42 [INFO] socketio.server: emitting event "price_update_batch" to all [/]
2026-06-21 20:49:47 [DEBUG] zkr_analiz.jobs: rest_price_poller updated 671 USDT symbols; buffer_size=671
2026-06-21 20:49:47 [DEBUG] zkr_analiz.jobs: broadcast_worker emitting batch size=671
emitting event "price_update_batch" to all [/]
2026-06-21 20:49:47 [INFO] socketio.server: emitting event "price_update_batch" to all [/]
2026-06-21 20:49:52 [DEBUG] zkr_analiz.jobs: rest_price_poller updated 671 USDT symbols; buffer_size=671
2026-06-21 20:49:52 [DEBUG] zkr_analiz.jobs: broadcast_worker emitting batch size=671
emitting event "price_update_batch" to all [/]
2026-06-21 20:49:52 [INFO] socketio.server: emitting event "price_update_batch" to all [/]
2026-06-21 20:49:55 [DEBUG] zkr_analiz.yahoo: No cache for XU100.IS, triggering background fetch
2026-06-21 20:49:56 [ERROR] yfinance: Failed to get ticker 'XU100.IS' reason: Expecting value: line 1 column 1 (char 0)
2026-06-21 20:49:56 [ERROR] yfinance: 
1 Failed download:
2026-06-21 20:49:56 [ERROR] yfinance: ['XU100.IS']: Exception('%ticker%: No price data found, symbol may be delisted (period=2d)')
2026-06-21 20:49:57 [DEBUG] zkr_analiz.jobs: rest_price_poller updated 671 USDT symbols; buffer_size=671
2026-06-21 20:49:58 [DEBUG] zkr_analiz.jobs: broadcast_worker emitting batch size=671
emitting event "price_update_batch" to all [/]
2026-06-21 20:49:58 [INFO] socketio.server: emitting event "price_update_batch" to all [/]
2026-06-21 20:50:03 [DEBUG] zkr_analiz.jobs: rest_price_poller updated 671 USDT symbols; buffer_size=671
2026-06-21 20:50:03 [DEBUG] zkr_analiz.jobs: broadcast_worker emitting batch size=671
emitting event "price_update_batch" to all [/]
2026-06-21 20:50:03 [INFO] socketio.server: emitting event "price_update_batch" to all [/]
2026-06-21 20:50:08 [DEBUG] zkr_analiz.jobs: rest_price_poller updated 671 USDT symbols; buffer_size=671
2026-06-21 20:50:08 [DEBUG] zkr_analiz.jobs: broadcast_worker emitting batch size=671
emitting event "price_update_batch" to all [/]
2026-06-21 20:50:08 [INFO] socketio.server: emitting event "price_update_batch" to all [/]
2026-06-21 20:50:12 [WARNING] zkr_analiz.activity_stream: Unknown event type: rsi_extreme
2026-06-21 20:50:12 [WARNING] zkr_analiz.activity_stream: Unknown event type: rsi_extreme
2026-06-21 20:50:12 [WARNING] zkr_analiz.activity_stream: Unknown event type: breakout
2026-06-21 20:50:12 [WARNING] zkr_analiz.activity_stream: Unknown event type: rsi_extreme
2026-06-21 20:50:12 [DEBUG] zkr_analiz.activity_stream: Duplicate event skipped: news_impact AMD news_impact_engine
2026-06-21 20:50:12 [DEBUG] zkr_analiz.activity_stream: Duplicate event skipped: news_impact GOOGL news_impact_engine
2026-06-21 20:50:12 [DEBUG] zkr_analiz.activity_stream: Duplicate event skipped: news_impact GS news_impact_engine
2026-06-21 20:50:12 [DEBUG] zkr_analiz.activity_stream: Duplicate event skipped: news_impact AMD news_impact_engine
2026-06-21 20:50:12 [DEBUG] zkr_analiz.activity_stream: Duplicate event skipped: news_impact BTC news_impact_engine
2026-06-21 20:50:12 [DEBUG] zkr_analiz.activity_stream: Duplicate event skipped: news_impact COIN news_impact_engine
2026-06-21 20:50:12 [DEBUG] zkr_analiz.activity_stream: Duplicate event skipped: strategy_activity BTCUSDT strategy_live_engine
2026-06-21 20:50:12 [DEBUG] zkr_analiz.activity_stream: Duplicate event skipped: strategy_activity BTCUSDT strategy_live_engine
2026-06-21 20:50:12 [DEBUG] zkr_analiz.activity_stream: Duplicate event skipped: strategy_activity BTCUSDT strategy_live_engine
2026-06-21 20:50:12 [DEBUG] zkr_analiz.activity_stream: Duplicate event skipped: strategy_activity BTCUSDT strategy_live_engine
2026-06-21 20:50:14 [DEBUG] zkr_analiz.jobs: rest_price_poller updated 671 USDT symbols; buffer_size=671
2026-06-21 20:50:14 [DEBUG] zkr_analiz.jobs: broadcast_worker emitting batch size=671
emitting event "price_update_batch" to all [/]
2026-06-21 20:50:14 [INFO] socketio.server: emitting event "price_update_batch" to all [/]
2026-06-21 20:50:19 [DEBUG] zkr_analiz.jobs: rest_price_poller updated 671 USDT symbols; buffer_size=671
2026-06-21 20:50:19 [DEBUG] zkr_analiz.jobs: broadcast_worker emitting batch size=671
emitting event "price_update_batch" to all [/]
2026-06-21 20:50:19 [INFO] socketio.server: emitting event "price_update_batch" to all [/]
2026-06-21 20:50:25 [DEBUG] zkr_analiz.jobs: rest_price_poller updated 671 USDT symbols; buffer_size=671
2026-06-21 20:50:25 [DEBUG] zkr_analiz.jobs: broadcast_worker emitting batch size=671
emitting event "price_update_batch" to all [/]
2026-06-21 20:50:25 [INFO] socketio.server: emitting event "price_update_batch" to all [/]
2026-06-21 20:50:25 [DEBUG] zkr_analiz.yahoo: No cache for THYAO.IS, triggering background fetch
2026-06-21 20:50:25 [DEBUG] zkr_analiz.yahoo: Stale ticker NVDA (348s old), bg refresh
2026-06-21 20:50:26 [ERROR] yfinance: Failed to get ticker 'THYAO.IS' reason: Expecting value: line 1 column 1 (char 0)
2026-06-21 20:50:26 [ERROR] yfinance: Failed to get ticker 'NVDA' reason: Expecting value: line 1 column 1 (char 0)
2026-06-21 20:50:26 [ERROR] yfinance: 
1 Failed download:
2026-06-21 20:50:26 [ERROR] yfinance: ['NVDA']: Exception('%ticker%: No price data found, symbol may be delisted (period=2d)')
2026-06-21 20:50:26 [ERROR] yfinance: 
2 Failed downloads:
2026-06-21 20:50:26 [ERROR] yfinance: ['NVDA', 'THYAO.IS']: Exception('%ticker%: No price data found, symbol may be delisted (period=2d)')
2026-06-21 20:50:30 [DEBUG] zkr_analiz.jobs: rest_price_poller updated 671 USDT symbols; buffer_size=671
2026-06-21 20:50:30 [DEBUG] zkr_analiz.jobs: broadcast_worker emitting batch size=671
emitting event "price_update_batch" to all [/]
2026-06-21 20:50:30 [INFO] socketio.server: emitting event "price_update_batch" to all [/]
2026-06-21 20:50:35 [DEBUG] zkr_analiz.jobs: rest_price_poller updated 671 USDT symbols; buffer_size=671
2026-06-21 20:50:35 [DEBUG] zkr_analiz.jobs: broadcast_worker emitting batch size=671
emitting event "price_update_batch" to all [/]
2026-06-21 20:50:35 [INFO] socketio.server: emitting event "price_update_batch" to all [/]
2026-06-21 20:50:41 [DEBUG] zkr_analiz.jobs: rest_price_poller updated 671 USDT symbols; buffer_size=671
2026-06-21 20:50:41 [DEBUG] zkr_analiz.jobs: broadcast_worker emitting batch size=671
emitting event "price_update_batch" to all [/]
2026-06-21 20:50:41 [INFO] socketio.server: emitting event "price_update_batch" to all [/]
2026-06-21 20:50:46 [DEBUG] zkr_analiz.jobs: rest_price_poller updated 671 USDT symbols; buffer_size=671
2026-06-21 20:50:46 [DEBUG] zkr_analiz.jobs: broadcast_worker emitting batch size=671
emitting event "price_update_batch" to all [/]
2026-06-21 20:50:46 [INFO] socketio.server: emitting event "price_update_batch" to all [/]
2026-06-21 20:50:47 [INFO] zkr_analiz.yahoo: Stale cache for stocks, triggering background refresh
2026-06-21 20:50:47 [INFO] zkr_analiz.yahoo: Single-call download for 8 symbols...
2026-06-21 20:50:47 [INFO] zkr_analiz.yahoo: Cold start: fetching 5 forex symbols...
2026-06-21 20:50:47 [INFO] zkr_analiz.yahoo: Single-call download for 5 symbols...
2026-06-21 20:50:47 [ERROR] yfinance: Failed to get ticker 'GBPUSD=X' reason: Expecting value: line 1 column 1 (char 0)
2026-06-21 20:50:47 [ERROR] yfinance: Failed to get ticker 'MSFT' reason: Expecting value: line 1 column 1 (char 0)
2026-06-21 20:50:47 [ERROR] yfinance: Failed to get ticker 'META' reason: Expecting value: line 1 column 1 (char 0)
2026-06-21 20:50:47 [ERROR] yfinance: Failed to get ticker 'GOOGL' reason: Expecting value: line 1 column 1 (char 0)
2026-06-21 20:50:47 [ERROR] yfinance: Failed to get ticker 'USDTRY=X' reason: Expecting value: line 1 column 1 (char 0)
2026-06-21 20:50:47 [ERROR] yfinance: Failed to get ticker 'TSLA' reason: Expecting value: line 1 column 1 (char 0)
2026-06-21 20:50:47 [ERROR] yfinance: Failed to get ticker 'AAPL' reason: Expecting value: line 1 column 1 (char 0)
2026-06-21 20:50:47 [ERROR] yfinance: Failed to get ticker 'AMZN' reason: Expecting value: line 1 column 1 (char 0)
2026-06-21 20:50:47 [ERROR] yfinance: Failed to get ticker 'EURUSD=X' reason: Expecting value: line 1 column 1 (char 0)
2026-06-21 20:50:47 [ERROR] yfinance: Failed to get ticker 'NVDA' reason: Expecting value: line 1 column 1 (char 0)
2026-06-21 20:50:47 [ERROR] yfinance: Failed to get ticker 'JPM' reason: Expecting value: line 1 column 1 (char 0)
2026-06-21 20:50:47 [ERROR] yfinance: Failed to get ticker 'EURTRY=X' reason: Expecting value: line 1 column 1 (char 0)
2026-06-21 20:50:47 [ERROR] yfinance: Failed to get ticker 'USDJPY=X' reason: Expecting value: line 1 column 1 (char 0)
2026-06-21 20:50:47 [ERROR] yfinance: 
5 Failed downloads:
2026-06-21 20:50:47 [ERROR] yfinance: ['EURUSD=X', 'EURTRY=X', 'AAPL', 'USDTRY=X', 'GBPUSD=X']: Exception('%ticker%: No price data found, symbol may be delisted (period=2d)')
2026-06-21 20:50:47 [INFO] zkr_analiz.yahoo: Single-call got 0/5 prices
2026-06-21 20:50:47 [INFO] zkr_analiz.yahoo: Batch cache updated for forex: 0/5 symbols have prices (0.0%)
2026-06-21 20:50:47 [ERROR] yfinance: 
8 Failed downloads:
2026-06-21 20:50:47 [ERROR] yfinance: ['EURUSD=X', 'EURTRY=X', 'AAPL', 'USDTRY=X', 'GBPUSD=X', 'JPM', 'GOOGL', 'META']: Exception('%ticker%: No price data found, symbol may be delisted (period=2d)')
2026-06-21 20:50:47 [INFO] zkr_analiz.yahoo: Single-call got 0/8 prices
2026-06-21 20:50:47 [INFO] zkr_analiz.yahoo: Batch download got 0/8 stocks, trying CoinGecko fallback...
2026-06-21 20:50:47 [INFO] zkr_analiz.opportunity_engine: Opportunity scan complete: 3 opportunities found
2026-06-21 20:50:48 [INFO] zkr_analiz.yahoo: Batch cache updated for stocks: 4/8 symbols have prices (50.0%)
2026-06-21 20:50:51 [DEBUG] zkr_analiz.jobs: rest_price_poller updated 671 USDT symbols; buffer_size=671
2026-06-21 20:50:51 [DEBUG] zkr_analiz.jobs: broadcast_worker emitting batch size=671
emitting event "price_update_batch" to all [/]
2026-06-21 20:50:51 [INFO] socketio.server: emitting event "price_update_batch" to all [/]
2026-06-21 20:50:55 [DEBUG] zkr_analiz.yahoo: No cache for AAPL, triggering background fetch
2026-06-21 20:50:56 [ERROR] yfinance: Failed to get ticker 'AAPL' reason: Expecting value: line 1 column 1 (char 0)
2026-06-21 20:50:56 [ERROR] yfinance: 
1 Failed download:
2026-06-21 20:50:56 [ERROR] yfinance: ['AAPL']: Exception('%ticker%: No price data found, symbol may be delisted (period=2d)')
2026-06-21 20:50:57 [DEBUG] zkr_analiz.jobs: rest_price_poller updated 671 USDT symbols; buffer_size=671
2026-06-21 20:50:57 [DEBUG] zkr_analiz.jobs: broadcast_worker emitting batch size=671
emitting event "price_update_batch" to all [/]
2026-06-21 20:50:57 [INFO] socketio.server: emitting event "price_update_batch" to all [/]
2026-06-21 20:51:02 [DEBUG] zkr_analiz.jobs: rest_price_poller updated 671 USDT symbols; buffer_size=671
2026-06-21 20:51:02 [DEBUG] zkr_analiz.jobs: broadcast_worker emitting batch size=671
emitting event "price_update_batch" to all [/]
2026-06-21 20:51:02 [INFO] socketio.server: emitting event "price_update_batch" to all [/]
2026-06-21 20:51:07 [DEBUG] zkr_analiz.jobs: rest_price_poller updated 671 USDT symbols; buffer_size=671
2026-06-21 20:51:07 [DEBUG] zkr_analiz.jobs: broadcast_worker emitting batch size=671
emitting event "price_update_batch" to all [/]
2026-06-21 20:51:07 [INFO] socketio.server: emitting event "price_update_batch" to all [/]
2026-06-21 20:51:12 [WARNING] zkr_analiz.activity_stream: Unknown event type: rsi_extreme
2026-06-21 20:51:12 [WARNING] zkr_analiz.activity_stream: Unknown event type: rsi_extreme
2026-06-21 20:51:12 [WARNING] zkr_analiz.activity_stream: Unknown event type: rsi_extreme
2026-06-21 20:51:12 [DEBUG] zkr_analiz.activity_stream: Duplicate event skipped: news_impact AMD news_impact_engine
2026-06-21 20:51:12 [DEBUG] zkr_analiz.activity_stream: Duplicate event skipped: news_impact GOOGL news_impact_engine
2026-06-21 20:51:12 [DEBUG] zkr_analiz.activity_stream: Duplicate event skipped: news_impact GS news_impact_engine
2026-06-21 20:51:12 [DEBUG] zkr_analiz.activity_stream: Duplicate event skipped: news_impact AMD news_impact_engine
2026-06-21 20:51:12 [DEBUG] zkr_analiz.activity_stream: Duplicate event skipped: news_impact BTC news_impact_engine
2026-06-21 20:51:12 [DEBUG] zkr_analiz.activity_stream: Duplicate event skipped: news_impact COIN news_impact_engine
2026-06-21 20:51:12 [DEBUG] zkr_analiz.activity_stream: Duplicate event skipped: strategy_activity BTCUSDT strategy_live_engine
2026-06-21 20:51:12 [DEBUG] zkr_analiz.activity_stream: Duplicate event skipped: strategy_activity BTCUSDT strategy_live_engine
2026-06-21 20:51:12 [DEBUG] zkr_analiz.activity_stream: Duplicate event skipped: strategy_activity BTCUSDT strategy_live_engine
2026-06-21 20:51:12 [DEBUG] zkr_analiz.activity_stream: Duplicate event skipped: strategy_activity BTCUSDT strategy_live_engine
2026-06-21 20:51:13 [DEBUG] zkr_analiz.jobs: rest_price_poller updated 671 USDT symbols; buffer_size=671
2026-06-21 20:51:13 [DEBUG] zkr_analiz.jobs: broadcast_worker emitting batch size=671
emitting event "price_update_batch" to all [/]
2026-06-21 20:51:13 [INFO] socketio.server: emitting event "price_update_batch" to all [/]
2026-06-21 20:51:18 [DEBUG] zkr_analiz.jobs: rest_price_poller updated 671 USDT symbols; buffer_size=671
2026-06-21 20:51:18 [DEBUG] zkr_analiz.jobs: broadcast_worker emitting batch size=671
emitting event "price_update_batch" to all [/]
2026-06-21 20:51:18 [INFO] socketio.server: emitting event "price_update_batch" to all [/]
2026-06-21 20:51:23 [DEBUG] zkr_analiz.jobs: rest_price_poller updated 671 USDT symbols; buffer_size=671
2026-06-21 20:51:23 [DEBUG] zkr_analiz.jobs: broadcast_worker emitting batch size=671
emitting event "price_update_batch" to all [/]
2026-06-21 20:51:23 [INFO] socketio.server: emitting event "price_update_batch" to all [/]
2026-06-21 20:51:25 [DEBUG] zkr_analiz.yahoo: No cache for GC=F, triggering background fetch
2026-06-21 20:51:26 [ERROR] yfinance: Failed to get ticker 'GC=F' reason: Expecting value: line 1 column 1 (char 0)
2026-06-21 20:51:26 [ERROR] yfinance: 
1 Failed download:
2026-06-21 20:51:26 [ERROR] yfinance: ['GC=F']: Exception('%ticker%: No price data found, symbol may be delisted (period=2d)')
2026-06-21 20:51:26 [DEBUG] zkr_analiz.yahoo: No cache for SPY, triggering background fetch
2026-06-21 20:51:26 [ERROR] yfinance: Failed to get ticker 'SPY' reason: Expecting value: line 1 column 1 (char 0)
2026-06-21 20:51:26 [ERROR] yfinance: 
1 Failed download:
2026-06-21 20:51:26 [ERROR] yfinance: ['SPY']: Exception('%ticker%: No price data found, symbol may be delisted (period=2d)')
2026-06-21 20:51:26 [DEBUG] zkr_analiz.yahoo: No cache for DX=F, triggering background fetch
2026-06-21 20:51:26 [ERROR] yfinance: Failed to get ticker 'DX=F' reason: Expecting value: line 1 column 1 (char 0)
2026-06-21 20:51:26 [ERROR] yfinance: 
1 Failed download:
2026-06-21 20:51:26 [ERROR] yfinance: ['DX=F']: Exception('%ticker%: No price data found, symbol may be delisted (period=2d)')
2026-06-21 20:51:29 [DEBUG] zkr_analiz.jobs: rest_price_poller updated 671 USDT symbols; buffer_size=671
2026-06-21 20:51:29 [DEBUG] zkr_analiz.jobs: broadcast_worker emitting batch size=671
emitting event "price_update_batch" to all [/]
2026-06-21 20:51:29 [INFO] socketio.server: emitting event "price_update_batch" to all [/]
2026-06-21 20:51:34 [DEBUG] zkr_analiz.jobs: rest_price_poller updated 671 USDT symbols; buffer_size=671
2026-06-21 20:51:34 [DEBUG] zkr_analiz.jobs: broadcast_worker emitting batch size=671
emitting event "price_update_batch" to all [/]
2026-06-21 20:51:34 [INFO] socketio.server: emitting event "price_update_batch" to all [/]
2026-06-21 20:51:39 [DEBUG] zkr_analiz.jobs: rest_price_poller updated 671 USDT symbols; buffer_size=671
2026-06-21 20:51:39 [DEBUG] zkr_analiz.jobs: broadcast_worker emitting batch size=671
emitting event "price_update_batch" to all [/]
2026-06-21 20:51:39 [INFO] socketio.server: emitting event "price_update_batch" to all [/]
2026-06-21 20:51:45 [DEBUG] zkr_analiz.jobs: rest_price_poller updated 671 USDT symbols; buffer_size=671
2026-06-21 20:51:45 [DEBUG] zkr_analiz.jobs: broadcast_worker emitting batch size=671
emitting event "price_update_batch" to all [/]
2026-06-21 20:51:45 [INFO] socketio.server: emitting event "price_update_batch" to all [/]
2026-06-21 20:51:50 [DEBUG] zkr_analiz.jobs: rest_price_poller updated 671 USDT symbols; buffer_size=671
2026-06-21 20:51:50 [DEBUG] zkr_analiz.jobs: broadcast_worker emitting batch size=671
emitting event "price_update_batch" to all [/]
2026-06-21 20:51:50 [INFO] socketio.server: emitting event "price_update_batch" to all [/]
2026-06-21 20:51:55 [DEBUG] zkr_analiz.jobs: rest_price_poller updated 671 USDT symbols; buffer_size=671
2026-06-21 20:51:55 [DEBUG] zkr_analiz.jobs: broadcast_worker emitting batch size=671
emitting event "price_update_batch" to all [/]
2026-06-21 20:51:55 [INFO] socketio.server: emitting event "price_update_batch" to all [/]
2026-06-21 20:52:01 [DEBUG] zkr_analiz.jobs: rest_price_poller updated 671 USDT symbols; buffer_size=671
2026-06-21 20:52:01 [DEBUG] zkr_analiz.jobs: broadcast_worker emitting batch size=671
emitting event "price_update_batch" to all [/]
2026-06-21 20:52:01 [INFO] socketio.server: emitting event "price_update_batch" to all [/]
2026-06-21 20:52:05 [DEBUG] asyncio: Using selector: EpollSelector
2026-06-21 20:52:06 [DEBUG] zkr_analiz.jobs: rest_price_poller updated 671 USDT symbols; buffer_size=671
2026-06-21 20:52:06 [DEBUG] zkr_analiz.jobs: broadcast_worker emitting batch size=671
emitting event "price_update_batch" to all [/]
2026-06-21 20:52:06 [INFO] socketio.server: emitting event "price_update_batch" to all [/]
2026-06-21 20:52:11 [DEBUG] zkr_analiz.jobs: rest_price_poller updated 671 USDT symbols; buffer_size=671
2026-06-21 20:52:11 [DEBUG] zkr_analiz.jobs: broadcast_worker emitting batch size=671
emitting event "price_update_batch" to all [/]
2026-06-21 20:52:11 [INFO] socketio.server: emitting event "price_update_batch" to all [/]
2026-06-21 20:52:12 [WARNING] zkr_analiz.activity_stream: Unknown event type: rsi_extreme
2026-06-21 20:52:12 [WARNING] zkr_analiz.activity_stream: Unknown event type: rsi_extreme
2026-06-21 20:52:12 [WARNING] zkr_analiz.activity_stream: Unknown event type: rsi_extreme
2026-06-21 20:52:12 [INFO] zkr_analiz.activity_stream: Activity notification: [CRITICAL] news_impact AMD — Nvidia stock jumps on AI earnings beat
2026-06-21 20:52:12 [INFO] zkr_analiz.activity_stream: Activity notification: [CRITICAL] news_impact GOOGL — Nvidia stock jumps on AI earnings beat
2026-06-21 20:52:12 [INFO] zkr_analiz.activity_stream: Activity notification: [CRITICAL] news_impact GS — Nvidia stock jumps on AI earnings beat
2026-06-21 20:52:12 [DEBUG] zkr_analiz.activity_stream: Duplicate event skipped: news_impact AMD news_impact_engine
2026-06-21 20:52:12 [INFO] zkr_analiz.activity_stream: Activity notification: [CRITICAL] news_impact BTC — Bitcoin price surges to new all-time high above $150k
2026-06-21 20:52:12 [INFO] zkr_analiz.activity_stream: Activity notification: [CRITICAL] news_impact COIN — Bitcoin price surges to new all-time high above $150k
2026-06-21 20:52:12 [DEBUG] zkr_analiz.activity_stream: Duplicate event skipped: strategy_activity BTCUSDT strategy_live_engine
2026-06-21 20:52:12 [DEBUG] zkr_analiz.activity_stream: Duplicate event skipped: strategy_activity BTCUSDT strategy_live_engine
2026-06-21 20:52:12 [DEBUG] zkr_analiz.activity_stream: Duplicate event skipped: strategy_activity BTCUSDT strategy_live_engine
2026-06-21 20:52:12 [INFO] zkr_analiz.activity_stream: Activity stream: collected 6 new events
2026-06-21 20:52:17 [DEBUG] zkr_analiz.jobs: rest_price_poller updated 671 USDT symbols; buffer_size=671
2026-06-21 20:52:17 [DEBUG] zkr_analiz.jobs: broadcast_worker emitting batch size=671
emitting event "price_update_batch" to all [/]
2026-06-21 20:52:17 [INFO] socketio.server: emitting event "price_update_batch" to all [/]
2026-06-21 20:52:22 [DEBUG] zkr_analiz.jobs: rest_price_poller updated 671 USDT symbols; buffer_size=671
2026-06-21 20:52:22 [DEBUG] zkr_analiz.jobs: broadcast_worker emitting batch size=671
emitting event "price_update_batch" to all [/]
2026-06-21 20:52:22 [INFO] socketio.server: emitting event "price_update_batch" to all [/]
2026-06-21 20:52:25 [DEBUG] zkr_analiz.yahoo: No cache for XU100.IS, triggering background fetch
2026-06-21 20:52:26 [ERROR] yfinance: Failed to get ticker 'XU100.IS' reason: Expecting value: line 1 column 1 (char 0)
2026-06-21 20:52:26 [ERROR] yfinance: 
1 Failed download:
2026-06-21 20:52:26 [ERROR] yfinance: ['XU100.IS']: Exception('%ticker%: No price data found, symbol may be delisted (period=2d)')
2026-06-21 20:52:27 [DEBUG] zkr_analiz.jobs: rest_price_poller updated 671 USDT symbols; buffer_size=671
2026-06-21 20:52:28 [DEBUG] zkr_analiz.jobs: broadcast_worker emitting batch size=671
emitting event "price_update_batch" to all [/]
2026-06-21 20:52:28 [INFO] socketio.server: emitting event "price_update_batch" to all [/]
2026-06-21 20:52:33 [DEBUG] zkr_analiz.jobs: rest_price_poller updated 671 USDT symbols; buffer_size=671
2026-06-21 20:52:33 [DEBUG] zkr_analiz.jobs: broadcast_worker emitting batch size=671
emitting event "price_update_batch" to all [/]
2026-06-21 20:52:33 [INFO] socketio.server: emitting event "price_update_batch" to all [/]
2026-06-21 20:52:38 [DEBUG] zkr_analiz.jobs: rest_price_poller updated 671 USDT symbols; buffer_size=671
2026-06-21 20:52:38 [DEBUG] zkr_analiz.jobs: broadcast_worker emitting batch size=671
emitting event "price_update_batch" to all [/]
2026-06-21 20:52:38 [INFO] socketio.server: emitting event "price_update_batch" to all [/]
2026-06-21 20:52:44 [DEBUG] zkr_analiz.jobs: rest_price_poller updated 671 USDT symbols; buffer_size=671
2026-06-21 20:52:44 [DEBUG] zkr_analiz.jobs: broadcast_worker emitting batch size=671
emitting event "price_update_batch" to all [/]
2026-06-21 20:52:44 [INFO] socketio.server: emitting event "price_update_batch" to all [/]
2026-06-21 20:52:49 [DEBUG] zkr_analiz.jobs: rest_price_poller updated 671 USDT symbols; buffer_size=671
2026-06-21 20:52:50 [DEBUG] zkr_analiz.jobs: broadcast_worker emitting batch size=671
emitting event "price_update_batch" to all [/]
2026-06-21 20:52:50 [INFO] socketio.server: emitting event "price_update_batch" to all [/]
2026-06-21 20:52:51 [INFO] zkr_analiz.yahoo: Cold start: fetching 5 forex symbols...
2026-06-21 20:52:51 [INFO] zkr_analiz.yahoo: Single-call download for 5 symbols...
2026-06-21 20:52:51 [ERROR] yfinance: Failed to get ticker 'EURTRY=X' reason: Expecting value: line 1 column 1 (char 0)
2026-06-21 20:52:51 [ERROR] yfinance: Failed to get ticker 'USDJPY=X' reason: Expecting value: line 1 column 1 (char 0)
2026-06-21 20:52:51 [ERROR] yfinance: Failed to get ticker 'USDTRY=X' reason: Expecting value: line 1 column 1 (char 0)
2026-06-21 20:52:51 [ERROR] yfinance: Failed to get ticker 'EURUSD=X' reason: Expecting value: line 1 column 1 (char 0)
2026-06-21 20:52:51 [ERROR] yfinance: Failed to get ticker 'GBPUSD=X' reason: Expecting value: line 1 column 1 (char 0)
2026-06-21 20:52:51 [ERROR] yfinance: 
5 Failed downloads:
2026-06-21 20:52:51 [ERROR] yfinance: ['EURTRY=X', 'USDJPY=X', 'USDTRY=X', 'GBPUSD=X', 'EURUSD=X']: Exception('%ticker%: No price data found, symbol may be delisted (period=2d)')
2026-06-21 20:52:51 [INFO] zkr_analiz.yahoo: Single-call got 0/5 prices
2026-06-21 20:52:51 [INFO] zkr_analiz.yahoo: Batch cache updated for forex: 0/5 symbols have prices (0.0%)
2026-06-21 20:52:51 [INFO] zkr_analiz.opportunity_engine: Opportunity scan complete: 2 opportunities found
2026-06-21 20:52:55 [DEBUG] zkr_analiz.jobs: rest_price_poller updated 671 USDT symbols; buffer_size=671
2026-06-21 20:52:55 [DEBUG] zkr_analiz.jobs: broadcast_worker emitting batch size=671
emitting event "price_update_batch" to all [/]
2026-06-21 20:52:55 [INFO] socketio.server: emitting event "price_update_batch" to all [/]
2026-06-21 20:52:55 [DEBUG] zkr_analiz.yahoo: No cache for THYAO.IS, triggering background fetch
2026-06-21 20:52:56 [ERROR] yfinance: Failed to get ticker 'THYAO.IS' reason: Expecting value: line 1 column 1 (char 0)
2026-06-21 20:52:56 [ERROR] yfinance: 
1 Failed download:
2026-06-21 20:52:56 [ERROR] yfinance: ['THYAO.IS']: Exception('%ticker%: No price data found, symbol may be delisted (period=2d)')
2026-06-21 20:53:00 [DEBUG] zkr_analiz.jobs: rest_price_poller updated 671 USDT symbols; buffer_size=671
2026-06-21 20:53:00 [DEBUG] zkr_analiz.jobs: broadcast_worker emitting batch size=671
emitting event "price_update_batch" to all [/]
2026-06-21 20:53:00 [INFO] socketio.server: emitting event "price_update_batch" to all [/]
2026-06-21 20:53:06 [DEBUG] zkr_analiz.jobs: rest_price_poller updated 671 USDT symbols; buffer_size=671
2026-06-21 20:53:06 [DEBUG] zkr_analiz.jobs: broadcast_worker emitting batch size=671
emitting event "price_update_batch" to all [/]
2026-06-21 20:53:06 [INFO] socketio.server: emitting event "price_update_batch" to all [/]
2026-06-21 20:53:11 [DEBUG] zkr_analiz.jobs: rest_price_poller updated 671 USDT symbols; buffer_size=671
2026-06-21 20:53:11 [DEBUG] zkr_analiz.jobs: broadcast_worker emitting batch size=671
emitting event "price_update_batch" to all [/]
2026-06-21 20:53:11 [INFO] socketio.server: emitting event "price_update_batch" to all [/]
2026-06-21 20:53:12 [WARNING] zkr_analiz.activity_stream: Unknown event type: rsi_extreme
2026-06-21 20:53:12 [WARNING] zkr_analiz.activity_stream: Unknown event type: rsi_extreme
2026-06-21 20:53:12 [DEBUG] zkr_analiz.activity_stream: Duplicate event skipped: news_impact AMD news_impact_engine
2026-06-21 20:53:12 [DEBUG] zkr_analiz.activity_stream: Duplicate event skipped: news_impact GOOGL news_impact_engine
2026-06-21 20:53:12 [DEBUG] zkr_analiz.activity_stream: Duplicate event skipped: news_impact GS news_impact_engine
2026-06-21 20:53:12 [DEBUG] zkr_analiz.activity_stream: Duplicate event skipped: news_impact AMD news_impact_engine
2026-06-21 20:53:12 [DEBUG] zkr_analiz.activity_stream: Duplicate event skipped: news_impact BTC news_impact_engine
2026-06-21 20:53:12 [DEBUG] zkr_analiz.activity_stream: Duplicate event skipped: news_impact COIN news_impact_engine
2026-06-21 20:53:12 [DEBUG] zkr_analiz.activity_stream: Duplicate event skipped: strategy_activity BTCUSDT strategy_live_engine
2026-06-21 20:53:12 [DEBUG] zkr_analiz.activity_stream: Duplicate event skipped: strategy_activity BTCUSDT strategy_live_engine
2026-06-21 20:53:12 [DEBUG] zkr_analiz.activity_stream: Duplicate event skipped: strategy_activity BTCUSDT strategy_live_engine
2026-06-21 20:53:12 [DEBUG] zkr_analiz.activity_stream: Duplicate event skipped: strategy_activity BTCUSDT strategy_live_engine
2026-06-21 20:53:16 [DEBUG] zkr_analiz.jobs: rest_price_poller updated 671 USDT symbols; buffer_size=671
2026-06-21 20:53:16 [DEBUG] zkr_analiz.jobs: broadcast_worker emitting batch size=671
emitting event "price_update_batch" to all [/]
2026-06-21 20:53:16 [INFO] socketio.server: emitting event "price_update_batch" to all [/]
2026-06-21 20:53:22 [DEBUG] zkr_analiz.jobs: rest_price_poller updated 671 USDT symbols; buffer_size=671
2026-06-21 20:53:22 [DEBUG] zkr_analiz.jobs: broadcast_worker emitting batch size=671
emitting event "price_update_batch" to all [/]
2026-06-21 20:53:22 [INFO] socketio.server: emitting event "price_update_batch" to all [/]
2026-06-21 20:53:25 [DEBUG] zkr_analiz.yahoo: No cache for AAPL, triggering background fetch
2026-06-21 20:53:26 [ERROR] yfinance: Failed to get ticker 'AAPL' reason: Expecting value: line 1 column 1 (char 0)
2026-06-21 20:53:26 [ERROR] yfinance: 
1 Failed download:
2026-06-21 20:53:26 [ERROR] yfinance: ['AAPL']: Exception('%ticker%: No price data found, symbol may be delisted (period=2d)')
2026-06-21 20:53:27 [DEBUG] zkr_analiz.jobs: rest_price_poller updated 671 USDT symbols; buffer_size=671
2026-06-21 20:53:27 [DEBUG] zkr_analiz.jobs: broadcast_worker emitting batch size=671
emitting event "price_update_batch" to all [/]
2026-06-21 20:53:27 [INFO] socketio.server: emitting event "price_update_batch" to all [/]
2026-06-21 20:53:32 [DEBUG] zkr_analiz.jobs: rest_price_poller updated 671 USDT symbols; buffer_size=671
2026-06-21 20:53:32 [DEBUG] zkr_analiz.jobs: broadcast_worker emitting batch size=671
emitting event "price_update_batch" to all [/]
2026-06-21 20:53:32 [INFO] socketio.server: emitting event "price_update_batch" to all [/]
2026-06-21 20:53:38 [DEBUG] zkr_analiz.jobs: rest_price_poller updated 671 USDT symbols; buffer_size=671
2026-06-21 20:53:38 [DEBUG] zkr_analiz.jobs: broadcast_worker emitting batch size=671
emitting event "price_update_batch" to all [/]
2026-06-21 20:53:38 [INFO] socketio.server: emitting event "price_update_batch" to all [/]
2026-06-21 20:53:43 [DEBUG] zkr_analiz.jobs: rest_price_poller updated 671 USDT symbols; buffer_size=671
2026-06-21 20:53:43 [DEBUG] zkr_analiz.jobs: broadcast_worker emitting batch size=671
emitting event "price_update_batch" to all [/]
2026-06-21 20:53:43 [INFO] socketio.server: emitting event "price_update_batch" to all [/]
2026-06-21 20:53:48 [DEBUG] zkr_analiz.jobs: rest_price_poller updated 671 USDT symbols; buffer_size=671
2026-06-21 20:53:48 [DEBUG] zkr_analiz.jobs: broadcast_worker emitting batch size=671
emitting event "price_update_batch" to all [/]
2026-06-21 20:53:48 [INFO] socketio.server: emitting event "price_update_batch" to all [/]
2026-06-21 20:53:54 [DEBUG] zkr_analiz.jobs: rest_price_poller updated 671 USDT symbols; buffer_size=671
2026-06-21 20:53:54 [DEBUG] zkr_analiz.jobs: broadcast_worker emitting batch size=671
emitting event "price_update_batch" to all [/]
2026-06-21 20:53:54 [INFO] socketio.server: emitting event "price_update_batch" to all [/]
2026-06-21 20:53:55 [DEBUG] zkr_analiz.yahoo: No cache for GC=F, triggering background fetch
2026-06-21 20:53:56 [DEBUG] zkr_analiz.yahoo: No cache for SPY, triggering background fetch
2026-06-21 20:53:56 [ERROR] yfinance: Failed to get ticker 'GC=F' reason: Expecting value: line 1 column 1 (char 0)
2026-06-21 20:53:56 [ERROR] yfinance: Failed to get ticker 'SPY' reason: Expecting value: line 1 column 1 (char 0)
2026-06-21 20:53:56 [ERROR] yfinance: 
1 Failed download:
2026-06-21 20:53:56 [ERROR] yfinance: ['GC=F']: Exception('%ticker%: No price data found, symbol may be delisted (period=2d)')
2026-06-21 20:53:56 [ERROR] yfinance: 
2 Failed downloads:
2026-06-21 20:53:56 [ERROR] yfinance: ['GC=F', 'SPY']: Exception('%ticker%: No price data found, symbol may be delisted (period=2d)')
2026-06-21 20:53:56 [DEBUG] zkr_analiz.yahoo: No cache for DX=F, triggering background fetch
2026-06-21 20:53:56 [ERROR] yfinance: Failed to get ticker 'DX=F' reason: Expecting value: line 1 column 1 (char 0)
2026-06-21 20:53:56 [ERROR] yfinance: 
1 Failed download:
2026-06-21 20:53:56 [ERROR] yfinance: ['DX=F']: Exception('%ticker%: No price data found, symbol may be delisted (period=2d)')
2026-06-21 20:53:59 [DEBUG] zkr_analiz.jobs: rest_price_poller updated 671 USDT symbols; buffer_size=671
2026-06-21 20:53:59 [DEBUG] zkr_analiz.jobs: broadcast_worker emitting batch size=671
emitting event "price_update_batch" to all [/]
2026-06-21 20:53:59 [INFO] socketio.server: emitting event "price_update_batch" to all [/]
2026-06-21 20:54:05 [DEBUG] zkr_analiz.jobs: rest_price_poller updated 671 USDT symbols; buffer_size=671
2026-06-21 20:54:05 [DEBUG] zkr_analiz.jobs: broadcast_worker emitting batch size=671
emitting event "price_update_batch" to all [/]
2026-06-21 20:54:05 [INFO] socketio.server: emitting event "price_update_batch" to all [/]
2026-06-21 20:54:10 [DEBUG] zkr_analiz.jobs: rest_price_poller updated 671 USDT symbols; buffer_size=671
2026-06-21 20:54:10 [DEBUG] zkr_analiz.jobs: broadcast_worker emitting batch size=671
emitting event "price_update_batch" to all [/]
2026-06-21 20:54:10 [INFO] socketio.server: emitting event "price_update_batch" to all [/]
2026-06-21 20:54:12 [WARNING] zkr_analiz.activity_stream: Unknown event type: rsi_extreme
2026-06-21 20:54:12 [WARNING] zkr_analiz.activity_stream: Unknown event type: rsi_extreme
2026-06-21 20:54:12 [DEBUG] zkr_analiz.activity_stream: Duplicate event skipped: news_impact AMD news_impact_engine
2026-06-21 20:54:12 [DEBUG] zkr_analiz.activity_stream: Duplicate event skipped: news_impact GOOGL news_impact_engine
2026-06-21 20:54:12 [DEBUG] zkr_analiz.activity_stream: Duplicate event skipped: news_impact GS news_impact_engine
2026-06-21 20:54:12 [DEBUG] zkr_analiz.activity_stream: Duplicate event skipped: news_impact AMD news_impact_engine
2026-06-21 20:54:12 [DEBUG] zkr_analiz.activity_stream: Duplicate event skipped: news_impact BTC news_impact_engine
2026-06-21 20:54:12 [DEBUG] zkr_analiz.activity_stream: Duplicate event skipped: news_impact COIN news_impact_engine
2026-06-21 20:54:12 [DEBUG] zkr_analiz.activity_stream: Duplicate event skipped: strategy_activity BTCUSDT strategy_live_engine
2026-06-21 20:54:12 [DEBUG] zkr_analiz.activity_stream: Duplicate event skipped: strategy_activity BTCUSDT strategy_live_engine
2026-06-21 20:54:12 [DEBUG] zkr_analiz.activity_stream: Duplicate event skipped: strategy_activity BTCUSDT strategy_live_engine
2026-06-21 20:54:12 [DEBUG] zkr_analiz.activity_stream: Duplicate event skipped: strategy_activity BTCUSDT strategy_live_engine
2026-06-21 20:54:15 [DEBUG] zkr_analiz.jobs: rest_price_poller updated 671 USDT symbols; buffer_size=671
2026-06-21 20:54:15 [DEBUG] zkr_analiz.jobs: broadcast_worker emitting batch size=671
emitting event "price_update_batch" to all [/]
2026-06-21 20:54:15 [INFO] socketio.server: emitting event "price_update_batch" to all [/]
2026-06-21 20:54:21 [DEBUG] zkr_analiz.jobs: rest_price_poller updated 671 USDT symbols; buffer_size=671
2026-06-21 20:54:21 [DEBUG] zkr_analiz.jobs: broadcast_worker emitting batch size=671
emitting event "price_update_batch" to all [/]
2026-06-21 20:54:21 [INFO] socketio.server: emitting event "price_update_batch" to all [/]
2026-06-21 20:54:26 [DEBUG] zkr_analiz.jobs: rest_price_poller updated 671 USDT symbols; buffer_size=671
2026-06-21 20:54:26 [DEBUG] zkr_analiz.jobs: broadcast_worker emitting batch size=671
emitting event "price_update_batch" to all [/]
2026-06-21 20:54:26 [INFO] socketio.server: emitting event "price_update_batch" to all [/]
2026-06-21 20:54:31 [DEBUG] zkr_analiz.jobs: rest_price_poller updated 671 USDT symbols; buffer_size=671
2026-06-21 20:54:31 [DEBUG] zkr_analiz.jobs: broadcast_worker emitting batch size=671
emitting event "price_update_batch" to all [/]
2026-06-21 20:54:31 [INFO] socketio.server: emitting event "price_update_batch" to all [/]
2026-06-21 20:54:37 [DEBUG] zkr_analiz.jobs: rest_price_poller updated 671 USDT symbols; buffer_size=671
2026-06-21 20:54:37 [DEBUG] zkr_analiz.jobs: broadcast_worker emitting batch size=671
emitting event "price_update_batch" to all [/]
2026-06-21 20:54:37 [INFO] socketio.server: emitting event "price_update_batch" to all [/]
2026-06-21 20:54:42 [DEBUG] zkr_analiz.jobs: rest_price_poller updated 671 USDT symbols; buffer_size=671
2026-06-21 20:54:42 [DEBUG] zkr_analiz.jobs: broadcast_worker emitting batch size=671
emitting event "price_update_batch" to all [/]
2026-06-21 20:54:42 [INFO] socketio.server: emitting event "price_update_batch" to all [/]
2026-06-21 20:54:48 [DEBUG] zkr_analiz.jobs: rest_price_poller updated 671 USDT symbols; buffer_size=671
2026-06-21 20:54:48 [DEBUG] zkr_analiz.jobs: broadcast_worker emitting batch size=671
emitting event "price_update_batch" to all [/]
2026-06-21 20:54:48 [INFO] socketio.server: emitting event "price_update_batch" to all [/]
2026-06-21 20:54:53 [DEBUG] zkr_analiz.jobs: rest_price_poller updated 671 USDT symbols; buffer_size=671
2026-06-21 20:54:53 [DEBUG] zkr_analiz.jobs: broadcast_worker emitting batch size=671
emitting event "price_update_batch" to all [/]
2026-06-21 20:54:53 [INFO] socketio.server: emitting event "price_update_batch" to all [/]
2026-06-21 20:54:54 [INFO] zkr_analiz.yahoo: Cold start: fetching 5 forex symbols...
2026-06-21 20:54:54 [INFO] zkr_analiz.yahoo: Single-call download for 5 symbols...
2026-06-21 20:54:54 [ERROR] yfinance: Failed to get ticker 'EURTRY=X' reason: Expecting value: line 1 column 1 (char 0)
2026-06-21 20:54:54 [ERROR] yfinance: Failed to get ticker 'EURUSD=X' reason: Expecting value: line 1 column 1 (char 0)
2026-06-21 20:54:54 [ERROR] yfinance: Failed to get ticker 'GBPUSD=X' reason: Expecting value: line 1 column 1 (char 0)
2026-06-21 20:54:54 [ERROR] yfinance: Failed to get ticker 'USDJPY=X' reason: Expecting value: line 1 column 1 (char 0)
2026-06-21 20:54:55 [ERROR] yfinance: Failed to get ticker 'USDTRY=X' reason: Expecting value: line 1 column 1 (char 0)
2026-06-21 20:54:55 [ERROR] yfinance: 
5 Failed downloads:
2026-06-21 20:54:55 [ERROR] yfinance: ['GBPUSD=X', 'EURTRY=X', 'EURUSD=X', 'USDJPY=X', 'USDTRY=X']: Exception('%ticker%: No price data found, symbol may be delisted (period=2d)')
2026-06-21 20:54:55 [INFO] zkr_analiz.yahoo: Single-call got 0/5 prices
2026-06-21 20:54:55 [INFO] zkr_analiz.yahoo: Batch cache updated for forex: 0/5 symbols have prices (0.0%)
2026-06-21 20:54:55 [INFO] zkr_analiz.opportunity_engine: Opportunity scan complete: 2 opportunities found
2026-06-21 20:54:55 [DEBUG] zkr_analiz.yahoo: No cache for XU100.IS, triggering background fetch
2026-06-21 20:54:56 [ERROR] yfinance: Failed to get ticker 'XU100.IS' reason: Expecting value: line 1 column 1 (char 0)
2026-06-21 20:54:56 [ERROR] yfinance: 
1 Failed download:
2026-06-21 20:54:56 [ERROR] yfinance: ['XU100.IS']: Exception('%ticker%: No price data found, symbol may be delisted (period=2d)')
2026-06-21 20:54:59 [DEBUG] zkr_analiz.jobs: rest_price_poller updated 671 USDT symbols; buffer_size=671
2026-06-21 20:54:59 [DEBUG] zkr_analiz.jobs: broadcast_worker emitting batch size=671
emitting event "price_update_batch" to all [/]
2026-06-21 20:54:59 [INFO] socketio.server: emitting event "price_update_batch" to all [/]
2026-06-21 20:55:04 [DEBUG] zkr_analiz.jobs: rest_price_poller updated 671 USDT symbols; buffer_size=671
2026-06-21 20:55:04 [DEBUG] zkr_analiz.jobs: broadcast_worker emitting batch size=671
emitting event "price_update_batch" to all [/]
2026-06-21 20:55:04 [INFO] socketio.server: emitting event "price_update_batch" to all [/]
2026-06-21 20:55:09 [DEBUG] zkr_analiz.jobs: rest_price_poller updated 671 USDT symbols; buffer_size=671
2026-06-21 20:55:10 [DEBUG] zkr_analiz.jobs: broadcast_worker emitting batch size=671
emitting event "price_update_batch" to all [/]
2026-06-21 20:55:10 [INFO] socketio.server: emitting event "price_update_batch" to all [/]
2026-06-21 20:55:12 [WARNING] zkr_analiz.activity_stream: Unknown event type: rsi_extreme
2026-06-21 20:55:12 [WARNING] zkr_analiz.activity_stream: Unknown event type: rsi_extreme
2026-06-21 20:55:12 [DEBUG] zkr_analiz.activity_stream: Duplicate event skipped: news_impact AMD news_impact_engine
2026-06-21 20:55:12 [DEBUG] zkr_analiz.activity_stream: Duplicate event skipped: news_impact GOOGL news_impact_engine
2026-06-21 20:55:12 [DEBUG] zkr_analiz.activity_stream: Duplicate event skipped: news_impact GS news_impact_engine
2026-06-21 20:55:12 [DEBUG] zkr_analiz.activity_stream: Duplicate event skipped: news_impact AMD news_impact_engine
2026-06-21 20:55:12 [DEBUG] zkr_analiz.activity_stream: Duplicate event skipped: news_impact BTC news_impact_engine
2026-06-21 20:55:12 [DEBUG] zkr_analiz.activity_stream: Duplicate event skipped: news_impact COIN news_impact_engine
2026-06-21 20:55:12 [DEBUG] zkr_analiz.activity_stream: Duplicate event skipped: strategy_activity BTCUSDT strategy_live_engine
2026-06-21 20:55:12 [DEBUG] zkr_analiz.activity_stream: Duplicate event skipped: strategy_activity BTCUSDT strategy_live_engine
2026-06-21 20:55:12 [DEBUG] zkr_analiz.activity_stream: Duplicate event skipped: strategy_activity BTCUSDT strategy_live_engine
2026-06-21 20:55:12 [DEBUG] zkr_analiz.activity_stream: Duplicate event skipped: strategy_activity BTCUSDT strategy_live_engine
2026-06-21 20:55:15 [DEBUG] zkr_analiz.jobs: rest_price_poller updated 671 USDT symbols; buffer_size=671
2026-06-21 20:55:15 [DEBUG] zkr_analiz.jobs: broadcast_worker emitting batch size=671
emitting event "price_update_batch" to all [/]
2026-06-21 20:55:15 [INFO] socketio.server: emitting event "price_update_batch" to all [/]
2026-06-21 20:55:20 [DEBUG] zkr_analiz.jobs: rest_price_poller updated 671 USDT symbols; buffer_size=671
2026-06-21 20:55:20 [DEBUG] zkr_analiz.jobs: broadcast_worker emitting batch size=671
emitting event "price_update_batch" to all [/]
2026-06-21 20:55:20 [INFO] socketio.server: emitting event "price_update_batch" to all [/]
2026-06-21 20:55:25 [DEBUG] zkr_analiz.yahoo: No cache for THYAO.IS, triggering background fetch
2026-06-21 20:55:26 [ERROR] yfinance: Failed to get ticker 'THYAO.IS' reason: Expecting value: line 1 column 1 (char 0)
2026-06-21 20:55:26 [ERROR] yfinance: 
1 Failed download:
2026-06-21 20:55:26 [ERROR] yfinance: ['THYAO.IS']: Exception('%ticker%: No price data found, symbol may be delisted (period=2d)')
2026-06-21 20:55:26 [DEBUG] zkr_analiz.jobs: rest_price_poller updated 671 USDT symbols; buffer_size=671
2026-06-21 20:55:26 [DEBUG] zkr_analiz.jobs: broadcast_worker emitting batch size=671
emitting event "price_update_batch" to all [/]
2026-06-21 20:55:26 [INFO] socketio.server: emitting event "price_update_batch" to all [/]
2026-06-21 20:55:32 [DEBUG] zkr_analiz.jobs: rest_price_poller updated 671 USDT symbols; buffer_size=671
2026-06-21 20:55:32 [DEBUG] zkr_analiz.jobs: broadcast_worker emitting batch size=671
emitting event "price_update_batch" to all [/]
2026-06-21 20:55:32 [INFO] socketio.server: emitting event "price_update_batch" to all [/]
2026-06-21 20:55:37 [DEBUG] zkr_analiz.jobs: rest_price_poller updated 671 USDT symbols; buffer_size=671
2026-06-21 20:55:37 [DEBUG] zkr_analiz.jobs: broadcast_worker emitting batch size=671
emitting event "price_update_batch" to all [/]
2026-06-21 20:55:37 [INFO] socketio.server: emitting event "price_update_batch" to all [/]
2026-06-21 20:55:42 [DEBUG] zkr_analiz.jobs: rest_price_poller updated 671 USDT symbols; buffer_size=671
2026-06-21 20:55:42 [DEBUG] zkr_analiz.jobs: broadcast_worker emitting batch size=671
emitting event "price_update_batch" to all [/]
2026-06-21 20:55:42 [INFO] socketio.server: emitting event "price_update_batch" to all [/]
2026-06-21 20:55:48 [DEBUG] zkr_analiz.jobs: rest_price_poller updated 671 USDT symbols; buffer_size=671
2026-06-21 20:55:48 [DEBUG] zkr_analiz.jobs: broadcast_worker emitting batch size=671
emitting event "price_update_batch" to all [/]
2026-06-21 20:55:48 [INFO] socketio.server: emitting event "price_update_batch" to all [/]
2026-06-21 20:55:53 [DEBUG] zkr_analiz.jobs: rest_price_poller updated 671 USDT symbols; buffer_size=671
2026-06-21 20:55:53 [DEBUG] zkr_analiz.jobs: broadcast_worker emitting batch size=671
emitting event "price_update_batch" to all [/]
2026-06-21 20:55:53 [INFO] socketio.server: emitting event "price_update_batch" to all [/]
2026-06-21 20:55:55 [DEBUG] zkr_analiz.yahoo: No cache for AAPL, triggering background fetch
2026-06-21 20:55:56 [ERROR] yfinance: Failed to get ticker 'AAPL' reason: Expecting value: line 1 column 1 (char 0)
2026-06-21 20:55:56 [ERROR] yfinance: 
1 Failed download:
2026-06-21 20:55:56 [ERROR] yfinance: ['AAPL']: Exception('%ticker%: No price data found, symbol may be delisted (period=2d)')
2026-06-21 20:55:59 [DEBUG] zkr_analiz.jobs: rest_price_poller updated 671 USDT symbols; buffer_size=671
2026-06-21 20:55:59 [DEBUG] zkr_analiz.jobs: broadcast_worker emitting batch size=671
emitting event "price_update_batch" to all [/]
2026-06-21 20:55:59 [INFO] socketio.server: emitting event "price_update_batch" to all [/]
2026-06-21 20:56:04 [DEBUG] zkr_analiz.jobs: rest_price_poller updated 671 USDT symbols; buffer_size=671
2026-06-21 20:56:04 [DEBUG] zkr_analiz.jobs: broadcast_worker emitting batch size=671
emitting event "price_update_batch" to all [/]
2026-06-21 20:56:04 [INFO] socketio.server: emitting event "price_update_batch" to all [/]
2026-06-21 20:56:10 [DEBUG] zkr_analiz.jobs: rest_price_poller updated 671 USDT symbols; buffer_size=671
2026-06-21 20:56:10 [DEBUG] zkr_analiz.jobs: broadcast_worker emitting batch size=671
emitting event "price_update_batch" to all [/]
2026-06-21 20:56:10 [INFO] socketio.server: emitting event "price_update_batch" to all [/]
2026-06-21 20:56:12 [WARNING] zkr_analiz.activity_stream: Unknown event type: rsi_extreme
2026-06-21 20:56:12 [WARNING] zkr_analiz.activity_stream: Unknown event type: rsi_extreme
2026-06-21 20:56:12 [DEBUG] zkr_analiz.activity_stream: Duplicate event skipped: news_impact AMD news_impact_engine
2026-06-21 20:56:12 [DEBUG] zkr_analiz.activity_stream: Duplicate event skipped: news_impact GOOGL news_impact_engine
2026-06-21 20:56:12 [DEBUG] zkr_analiz.activity_stream: Duplicate event skipped: news_impact GS news_impact_engine
2026-06-21 20:56:12 [DEBUG] zkr_analiz.activity_stream: Duplicate event skipped: news_impact AMD news_impact_engine
2026-06-21 20:56:12 [DEBUG] zkr_analiz.activity_stream: Duplicate event skipped: news_impact BTC news_impact_engine
2026-06-21 20:56:12 [DEBUG] zkr_analiz.activity_stream: Duplicate event skipped: news_impact COIN news_impact_engine
2026-06-21 20:56:12 [DEBUG] zkr_analiz.activity_stream: Duplicate event skipped: strategy_activity BTCUSDT strategy_live_engine
2026-06-21 20:56:12 [DEBUG] zkr_analiz.activity_stream: Duplicate event skipped: strategy_activity BTCUSDT strategy_live_engine
2026-06-21 20:56:12 [DEBUG] zkr_analiz.activity_stream: Duplicate event skipped: strategy_activity BTCUSDT strategy_live_engine
2026-06-21 20:56:12 [DEBUG] zkr_analiz.activity_stream: Duplicate event skipped: strategy_activity BTCUSDT strategy_live_engine
2026-06-21 20:56:15 [DEBUG] zkr_analiz.jobs: rest_price_poller updated 671 USDT symbols; buffer_size=671
2026-06-21 20:56:15 [DEBUG] zkr_analiz.jobs: broadcast_worker emitting batch size=671
emitting event "price_update_batch" to all [/]
2026-06-21 20:56:15 [INFO] socketio.server: emitting event "price_update_batch" to all [/]
2026-06-21 20:56:20 [DEBUG] zkr_analiz.jobs: rest_price_poller updated 671 USDT symbols; buffer_size=671
2026-06-21 20:56:20 [DEBUG] zkr_analiz.jobs: broadcast_worker emitting batch size=671
emitting event "price_update_batch" to all [/]
2026-06-21 20:56:20 [INFO] socketio.server: emitting event "price_update_batch" to all [/]
2026-06-21 20:56:25 [DEBUG] zkr_analiz.yahoo: No cache for GC=F, triggering background fetch
2026-06-21 20:56:26 [ERROR] yfinance: Failed to get ticker 'GC=F' reason: Expecting value: line 1 column 1 (char 0)
2026-06-21 20:56:26 [ERROR] yfinance: 
1 Failed download:
2026-06-21 20:56:26 [ERROR] yfinance: ['GC=F']: Exception('%ticker%: No price data found, symbol may be delisted (period=2d)')
2026-06-21 20:56:26 [DEBUG] zkr_analiz.yahoo: No cache for SPY, triggering background fetch
2026-06-21 20:56:26 [ERROR] yfinance: Failed to get ticker 'SPY' reason: Expecting value: line 1 column 1 (char 0)
2026-06-21 20:56:26 [DEBUG] zkr_analiz.jobs: rest_price_poller updated 671 USDT symbols; buffer_size=671
2026-06-21 20:56:26 [ERROR] yfinance: 
1 Failed download:
2026-06-21 20:56:26 [ERROR] yfinance: ['SPY']: Exception('%ticker%: No price data found, symbol may be delisted (period=2d)')
2026-06-21 20:56:26 [DEBUG] zkr_analiz.yahoo: No cache for DX=F, triggering background fetch
2026-06-21 20:56:26 [ERROR] yfinance: Failed to get ticker 'DX=F' reason: Expecting value: line 1 column 1 (char 0)
2026-06-21 20:56:26 [ERROR] yfinance: 
1 Failed download:
2026-06-21 20:56:26 [ERROR] yfinance: ['DX=F']: Exception('%ticker%: No price data found, symbol may be delisted (period=2d)')
2026-06-21 20:56:26 [DEBUG] zkr_analiz.jobs: broadcast_worker emitting batch size=671
emitting event "price_update_batch" to all [/]
2026-06-21 20:56:26 [INFO] socketio.server: emitting event "price_update_batch" to all [/]
2026-06-21 20:56:31 [DEBUG] zkr_analiz.jobs: rest_price_poller updated 671 USDT symbols; buffer_size=671
2026-06-21 20:56:31 [DEBUG] zkr_analiz.jobs: broadcast_worker emitting batch size=671
emitting event "price_update_batch" to all [/]
2026-06-21 20:56:31 [INFO] socketio.server: emitting event "price_update_batch" to all [/]
2026-06-21 20:56:37 [DEBUG] zkr_analiz.jobs: rest_price_poller updated 671 USDT symbols; buffer_size=671
2026-06-21 20:56:37 [DEBUG] zkr_analiz.jobs: broadcast_worker emitting batch size=671
emitting event "price_update_batch" to all [/]
2026-06-21 20:56:37 [INFO] socketio.server: emitting event "price_update_batch" to all [/]
2026-06-21 20:56:42 [DEBUG] zkr_analiz.jobs: rest_price_poller updated 671 USDT symbols; buffer_size=671
2026-06-21 20:56:42 [DEBUG] zkr_analiz.jobs: broadcast_worker emitting batch size=671
emitting event "price_update_batch" to all [/]
2026-06-21 20:56:42 [INFO] socketio.server: emitting event "price_update_batch" to all [/]
2026-06-21 20:56:47 [DEBUG] zkr_analiz.jobs: rest_price_poller updated 671 USDT symbols; buffer_size=671
2026-06-21 20:56:47 [DEBUG] zkr_analiz.jobs: broadcast_worker emitting batch size=671
emitting event "price_update_batch" to all [/]
2026-06-21 20:56:47 [INFO] socketio.server: emitting event "price_update_batch" to all [/]
2026-06-21 20:56:53 [DEBUG] zkr_analiz.jobs: rest_price_poller updated 671 USDT symbols; buffer_size=671
2026-06-21 20:56:53 [DEBUG] zkr_analiz.jobs: broadcast_worker emitting batch size=671
emitting event "price_update_batch" to all [/]
2026-06-21 20:56:53 [INFO] socketio.server: emitting event "price_update_batch" to all [/]
2026-06-21 20:56:58 [INFO] zkr_analiz.yahoo: Stale cache for stocks, triggering background refresh
2026-06-21 20:56:58 [INFO] zkr_analiz.yahoo: Single-call download for 8 symbols...
2026-06-21 20:56:58 [INFO] zkr_analiz.yahoo: Cold start: fetching 5 forex symbols...
2026-06-21 20:56:58 [INFO] zkr_analiz.yahoo: Single-call download for 5 symbols...
2026-06-21 20:56:58 [ERROR] yfinance: Failed to get ticker 'AMZN' reason: Expecting value: line 1 column 1 (char 0)
2026-06-21 20:56:58 [ERROR] yfinance: Failed to get ticker 'JPM' reason: Expecting value: line 1 column 1 (char 0)
2026-06-21 20:56:58 [ERROR] yfinance: Failed to get ticker 'EURUSD=X' reason: Expecting value: line 1 column 1 (char 0)
2026-06-21 20:56:58 [ERROR] yfinance: Failed to get ticker 'MSFT' reason: Expecting value: line 1 column 1 (char 0)
2026-06-21 20:56:58 [ERROR] yfinance: Failed to get ticker 'USDTRY=X' reason: Expecting value: line 1 column 1 (char 0)
2026-06-21 20:56:58 [ERROR] yfinance: Failed to get ticker 'GBPUSD=X' reason: Expecting value: line 1 column 1 (char 0)
2026-06-21 20:56:58 [ERROR] yfinance: Failed to get ticker 'TSLA' reason: Expecting value: line 1 column 1 (char 0)
2026-06-21 20:56:58 [ERROR] yfinance: Failed to get ticker 'NVDA' reason: Expecting value: line 1 column 1 (char 0)
2026-06-21 20:56:58 [DEBUG] zkr_analiz.jobs: rest_price_poller updated 671 USDT symbols; buffer_size=671
2026-06-21 20:56:58 [ERROR] yfinance: 
5 Failed downloads:
2026-06-21 20:56:58 [ERROR] yfinance: ['AAPL', 'USDJPY=X', 'GOOGL']: IndexError('tuple index out of range')
2026-06-21 20:56:58 [ERROR] yfinance: ['MSFT', 'GBPUSD=X']: Exception('%ticker%: No price data found, symbol may be delisted (period=2d)')
2026-06-21 20:56:58 [INFO] zkr_analiz.yahoo: Single-call got 0/5 prices
2026-06-21 20:56:58 [INFO] zkr_analiz.yahoo: Batch cache updated for forex: 0/5 symbols have prices (0.0%)
2026-06-21 20:56:58 [INFO] zkr_analiz.opportunity_engine: Opportunity scan complete: 3 opportunities found
2026-06-21 20:56:58 [ERROR] yfinance: Failed to get ticker 'META' reason: Expecting value: line 1 column 1 (char 0)
2026-06-21 20:56:58 [ERROR] yfinance: 
9 Failed downloads:
2026-06-21 20:56:58 [ERROR] yfinance: ['AAPL', 'USDJPY=X', 'GOOGL']: IndexError('tuple index out of range')
2026-06-21 20:56:58 [ERROR] yfinance: ['MSFT', 'GBPUSD=X', 'EURUSD=X', 'AMZN', 'TSLA', 'JPM']: Exception('%ticker%: No price data found, symbol may be delisted (period=2d)')
2026-06-21 20:56:58 [INFO] zkr_analiz.yahoo: Single-call got 0/8 prices
2026-06-21 20:56:58 [INFO] zkr_analiz.yahoo: Batch download got 0/8 stocks, trying CoinGecko fallback...
2026-06-21 20:56:58 [DEBUG] zkr_analiz.jobs: broadcast_worker emitting batch size=671
emitting event "price_update_batch" to all [/]
2026-06-21 20:56:58 [INFO] socketio.server: emitting event "price_update_batch" to all [/]
2026-06-21 20:56:59 [ERROR] yfinance: Failed to get ticker 'EURTRY=X' reason: Expecting value: line 1 column 1 (char 0)
2026-06-21 20:57:00 [INFO] zkr_analiz.yahoo: Batch cache updated for stocks: 4/8 symbols have prices (50.0%)
2026-06-21 20:57:04 [DEBUG] zkr_analiz.jobs: rest_price_poller updated 671 USDT symbols; buffer_size=671
2026-06-21 20:57:04 [DEBUG] zkr_analiz.jobs: broadcast_worker emitting batch size=671
emitting event "price_update_batch" to all [/]
2026-06-21 20:57:04 [INFO] socketio.server: emitting event "price_update_batch" to all [/]
2026-06-21 20:57:09 [DEBUG] zkr_analiz.jobs: rest_price_poller updated 671 USDT symbols; buffer_size=671
2026-06-21 20:57:09 [DEBUG] zkr_analiz.jobs: broadcast_worker emitting batch size=671
emitting event "price_update_batch" to all [/]
2026-06-21 20:57:09 [INFO] socketio.server: emitting event "price_update_batch" to all [/]
2026-06-21 20:57:12 [WARNING] zkr_analiz.activity_stream: Unknown event type: rsi_extreme
2026-06-21 20:57:12 [WARNING] zkr_analiz.activity_stream: Unknown event type: rsi_extreme
2026-06-21 20:57:12 [WARNING] zkr_analiz.activity_stream: Unknown event type: rsi_extreme
2026-06-21 20:57:12 [INFO] zkr_analiz.activity_stream: Activity notification: [CRITICAL] news_impact AMD — Nvidia stock jumps on AI earnings beat
2026-06-21 20:57:12 [INFO] zkr_analiz.activity_stream: Activity notification: [CRITICAL] news_impact GOOGL — Nvidia stock jumps on AI earnings beat
2026-06-21 20:57:12 [INFO] zkr_analiz.activity_stream: Activity notification: [CRITICAL] news_impact GS — Nvidia stock jumps on AI earnings beat
2026-06-21 20:57:12 [DEBUG] zkr_analiz.activity_stream: Duplicate event skipped: news_impact AMD news_impact_engine
2026-06-21 20:57:12 [INFO] zkr_analiz.activity_stream: Activity notification: [CRITICAL] news_impact BTC — Bitcoin price surges to new all-time high above $150k
2026-06-21 20:57:12 [INFO] zkr_analiz.activity_stream: Activity notification: [CRITICAL] news_impact COIN — Bitcoin price surges to new all-time high above $150k
2026-06-21 20:57:12 [DEBUG] zkr_analiz.activity_stream: Duplicate event skipped: strategy_activity BTCUSDT strategy_live_engine
2026-06-21 20:57:12 [DEBUG] zkr_analiz.activity_stream: Duplicate event skipped: strategy_activity BTCUSDT strategy_live_engine
2026-06-21 20:57:12 [DEBUG] zkr_analiz.activity_stream: Duplicate event skipped: strategy_activity BTCUSDT strategy_live_engine
2026-06-21 20:57:12 [INFO] zkr_analiz.activity_stream: Activity stream: collected 6 new events
2026-06-21 20:57:14 [DEBUG] zkr_analiz.jobs: rest_price_poller updated 671 USDT symbols; buffer_size=671
2026-06-21 20:57:14 [DEBUG] zkr_analiz.jobs: broadcast_worker emitting batch size=671
emitting event "price_update_batch" to all [/]
2026-06-21 20:57:14 [INFO] socketio.server: emitting event "price_update_batch" to all [/]
2026-06-21 20:57:20 [DEBUG] zkr_analiz.jobs: rest_price_poller updated 671 USDT symbols; buffer_size=671
2026-06-21 20:57:20 [DEBUG] zkr_analiz.jobs: broadcast_worker emitting batch size=671
emitting event "price_update_batch" to all [/]
2026-06-21 20:57:20 [INFO] socketio.server: emitting event "price_update_batch" to all [/]
2026-06-21 20:57:25 [DEBUG] zkr_analiz.jobs: rest_price_poller updated 671 USDT symbols; buffer_size=671
2026-06-21 20:57:25 [DEBUG] zkr_analiz.jobs: broadcast_worker emitting batch size=671
emitting event "price_update_batch" to all [/]
2026-06-21 20:57:25 [INFO] socketio.server: emitting event "price_update_batch" to all [/]
2026-06-21 20:57:25 [DEBUG] zkr_analiz.yahoo: No cache for XU100.IS, triggering background fetch
2026-06-21 20:57:26 [ERROR] yfinance: Failed to get ticker 'XU100.IS' reason: Expecting value: line 1 column 1 (char 0)
2026-06-21 20:57:26 [ERROR] yfinance: 
1 Failed download:
2026-06-21 20:57:26 [ERROR] yfinance: ['XU100.IS']: Exception('%ticker%: No price data found, symbol may be delisted (period=2d)')
2026-06-21 20:57:30 [DEBUG] zkr_analiz.jobs: rest_price_poller updated 671 USDT symbols; buffer_size=671
2026-06-21 20:57:30 [DEBUG] zkr_analiz.jobs: broadcast_worker emitting batch size=671
emitting event "price_update_batch" to all [/]
2026-06-21 20:57:30 [INFO] socketio.server: emitting event "price_update_batch" to all [/]
2026-06-21 20:57:36 [DEBUG] zkr_analiz.jobs: rest_price_poller updated 671 USDT symbols; buffer_size=671
2026-06-21 20:57:36 [DEBUG] zkr_analiz.jobs: broadcast_worker emitting batch size=671
emitting event "price_update_batch" to all [/]
2026-06-21 20:57:36 [INFO] socketio.server: emitting event "price_update_batch" to all [/]
2026-06-21 20:57:41 [DEBUG] zkr_analiz.jobs: rest_price_poller updated 671 USDT symbols; buffer_size=671
2026-06-21 20:57:41 [DEBUG] zkr_analiz.jobs: broadcast_worker emitting batch size=671
emitting event "price_update_batch" to all [/]
2026-06-21 20:57:41 [INFO] socketio.server: emitting event "price_update_batch" to all [/]
2026-06-21 20:57:46 [DEBUG] zkr_analiz.jobs: rest_price_poller updated 671 USDT symbols; buffer_size=671
2026-06-21 20:57:46 [DEBUG] zkr_analiz.jobs: broadcast_worker emitting batch size=671
emitting event "price_update_batch" to all [/]
2026-06-21 20:57:46 [INFO] socketio.server: emitting event "price_update_batch" to all [/]
2026-06-21 20:57:52 [DEBUG] zkr_analiz.jobs: rest_price_poller updated 671 USDT symbols; buffer_size=671
2026-06-21 20:57:52 [DEBUG] zkr_analiz.jobs: broadcast_worker emitting batch size=671
emitting event "price_update_batch" to all [/]
2026-06-21 20:57:52 [INFO] socketio.server: emitting event "price_update_batch" to all [/]
2026-06-21 20:57:55 [DEBUG] zkr_analiz.yahoo: No cache for THYAO.IS, triggering background fetch
2026-06-21 20:57:56 [ERROR] yfinance: Failed to get ticker 'THYAO.IS' reason: Expecting value: line 1 column 1 (char 0)
2026-06-21 20:57:56 [ERROR] yfinance: 
1 Failed download:
2026-06-21 20:57:56 [ERROR] yfinance: ['THYAO.IS']: Exception('%ticker%: No price data found, symbol may be delisted (period=2d)')
2026-06-21 20:57:57 [DEBUG] zkr_analiz.jobs: rest_price_poller updated 671 USDT symbols; buffer_size=671
2026-06-21 20:57:57 [DEBUG] zkr_analiz.jobs: broadcast_worker emitting batch size=671
emitting event "price_update_batch" to all [/]
2026-06-21 20:57:57 [INFO] socketio.server: emitting event "price_update_batch" to all [/]
2026-06-21 20:58:03 [DEBUG] zkr_analiz.jobs: rest_price_poller updated 671 USDT symbols; buffer_size=671
2026-06-21 20:58:03 [DEBUG] zkr_analiz.jobs: broadcast_worker emitting batch size=671
emitting event "price_update_batch" to all [/]
2026-06-21 20:58:03 [INFO] socketio.server: emitting event "price_update_batch" to all [/]
2026-06-21 20:58:08 [DEBUG] zkr_analiz.jobs: rest_price_poller updated 671 USDT symbols; buffer_size=671
2026-06-21 20:58:08 [DEBUG] zkr_analiz.jobs: broadcast_worker emitting batch size=671
emitting event "price_update_batch" to all [/]
2026-06-21 20:58:08 [INFO] socketio.server: emitting event "price_update_batch" to all [/]
2026-06-21 20:58:12 [WARNING] zkr_analiz.activity_stream: Unknown event type: rsi_extreme
2026-06-21 20:58:12 [WARNING] zkr_analiz.activity_stream: Unknown event type: rsi_extreme
2026-06-21 20:58:12 [WARNING] zkr_analiz.activity_stream: Unknown event type: rsi_extreme
2026-06-21 20:58:12 [DEBUG] zkr_analiz.activity_stream: Duplicate event skipped: news_impact AMD news_impact_engine
2026-06-21 20:58:12 [DEBUG] zkr_analiz.activity_stream: Duplicate event skipped: news_impact GOOGL news_impact_engine
2026-06-21 20:58:12 [DEBUG] zkr_analiz.activity_stream: Duplicate event skipped: news_impact GS news_impact_engine
2026-06-21 20:58:12 [DEBUG] zkr_analiz.activity_stream: Duplicate event skipped: news_impact AMD news_impact_engine
2026-06-21 20:58:12 [DEBUG] zkr_analiz.activity_stream: Duplicate event skipped: news_impact BTC news_impact_engine
2026-06-21 20:58:12 [DEBUG] zkr_analiz.activity_stream: Duplicate event skipped: news_impact COIN news_impact_engine
2026-06-21 20:58:12 [DEBUG] zkr_analiz.activity_stream: Duplicate event skipped: strategy_activity BTCUSDT strategy_live_engine
2026-06-21 20:58:12 [DEBUG] zkr_analiz.activity_stream: Duplicate event skipped: strategy_activity BTCUSDT strategy_live_engine
2026-06-21 20:58:12 [DEBUG] zkr_analiz.activity_stream: Duplicate event skipped: strategy_activity BTCUSDT strategy_live_engine
2026-06-21 20:58:12 [DEBUG] zkr_analiz.activity_stream: Duplicate event skipped: strategy_activity BTCUSDT strategy_live_engine
2026-06-21 20:58:13 [DEBUG] zkr_analiz.jobs: rest_price_poller updated 671 USDT symbols; buffer_size=671
2026-06-21 20:58:13 [DEBUG] zkr_analiz.jobs: broadcast_worker emitting batch size=671
emitting event "price_update_batch" to all [/]
2026-06-21 20:58:13 [INFO] socketio.server: emitting event "price_update_batch" to all [/]
2026-06-21 20:58:18 [DEBUG] zkr_analiz.jobs: rest_price_poller updated 671 USDT symbols; buffer_size=671
2026-06-21 20:58:18 [DEBUG] zkr_analiz.jobs: broadcast_worker emitting batch size=671
emitting event "price_update_batch" to all [/]
2026-06-21 20:58:18 [INFO] socketio.server: emitting event "price_update_batch" to all [/]
2026-06-21 20:58:24 [DEBUG] zkr_analiz.jobs: rest_price_poller updated 671 USDT symbols; buffer_size=671
2026-06-21 20:58:24 [DEBUG] zkr_analiz.jobs: broadcast_worker emitting batch size=671
emitting event "price_update_batch" to all [/]
2026-06-21 20:58:24 [INFO] socketio.server: emitting event "price_update_batch" to all [/]
2026-06-21 20:58:25 [DEBUG] zkr_analiz.yahoo: No cache for AAPL, triggering background fetch
2026-06-21 20:58:26 [ERROR] yfinance: Failed to get ticker 'AAPL' reason: Expecting value: line 1 column 1 (char 0)
2026-06-21 20:58:26 [ERROR] yfinance: 
1 Failed download:
2026-06-21 20:58:26 [ERROR] yfinance: ['AAPL']: Exception('%ticker%: No price data found, symbol may be delisted (period=2d)')
2026-06-21 20:58:30 [DEBUG] zkr_analiz.jobs: rest_price_poller updated 671 USDT symbols; buffer_size=671
2026-06-21 20:58:30 [DEBUG] zkr_analiz.jobs: broadcast_worker emitting batch size=671
emitting event "price_update_batch" to all [/]
2026-06-21 20:58:30 [INFO] socketio.server: emitting event "price_update_batch" to all [/]
2026-06-21 20:58:35 [DEBUG] zkr_analiz.jobs: rest_price_poller updated 671 USDT symbols; buffer_size=671
2026-06-21 20:58:35 [DEBUG] zkr_analiz.jobs: broadcast_worker emitting batch size=671
emitting event "price_update_batch" to all [/]
2026-06-21 20:58:35 [INFO] socketio.server: emitting event "price_update_batch" to all [/]
2026-06-21 20:58:40 [DEBUG] zkr_analiz.jobs: rest_price_poller updated 671 USDT symbols; buffer_size=671
2026-06-21 20:58:40 [DEBUG] zkr_analiz.jobs: broadcast_worker emitting batch size=671
emitting event "price_update_batch" to all [/]
2026-06-21 20:58:40 [INFO] socketio.server: emitting event "price_update_batch" to all [/]
2026-06-21 20:58:46 [DEBUG] zkr_analiz.jobs: rest_price_poller updated 671 USDT symbols; buffer_size=671
2026-06-21 20:58:46 [DEBUG] zkr_analiz.jobs: broadcast_worker emitting batch size=671
emitting event "price_update_batch" to all [/]
2026-06-21 20:58:46 [INFO] socketio.server: emitting event "price_update_batch" to all [/]
2026-06-21 20:58:51 [DEBUG] zkr_analiz.jobs: rest_price_poller updated 671 USDT symbols; buffer_size=671
2026-06-21 20:58:51 [DEBUG] zkr_analiz.jobs: broadcast_worker emitting batch size=671
emitting event "price_update_batch" to all [/]
2026-06-21 20:58:51 [INFO] socketio.server: emitting event "price_update_batch" to all [/]
2026-06-21 20:58:55 [DEBUG] zkr_analiz.yahoo: No cache for GC=F, triggering background fetch
2026-06-21 20:58:56 [ERROR] yfinance: Failed to get ticker 'GC=F' reason: Expecting value: line 1 column 1 (char 0)
2026-06-21 20:58:56 [ERROR] yfinance: 
1 Failed download:
2026-06-21 20:58:56 [ERROR] yfinance: ['GC=F']: Exception('%ticker%: No price data found, symbol may be delisted (period=2d)')
2026-06-21 20:58:56 [DEBUG] zkr_analiz.yahoo: No cache for SPY, triggering background fetch
2026-06-21 20:58:56 [DEBUG] zkr_analiz.yahoo: No cache for DX=F, triggering background fetch
2026-06-21 20:58:56 [ERROR] yfinance: Failed to get ticker 'DX=F' reason: Expecting value: line 1 column 1 (char 0)
2026-06-21 20:58:56 [ERROR] yfinance: Failed to get ticker 'SPY' reason: Expecting value: line 1 column 1 (char 0)
2026-06-21 20:58:56 [ERROR] yfinance: 
1 Failed download:
2026-06-21 20:58:56 [ERROR] yfinance: ['DX=F']: Exception('%ticker%: No price data found, symbol may be delisted (period=2d)')
2026-06-21 20:58:56 [DEBUG] zkr_analiz.jobs: rest_price_poller updated 671 USDT symbols; buffer_size=671
2026-06-21 20:58:56 [DEBUG] zkr_analiz.jobs: broadcast_worker emitting batch size=671
emitting event "price_update_batch" to all [/]
2026-06-21 20:58:56 [INFO] socketio.server: emitting event "price_update_batch" to all [/]
2026-06-21 20:58:57 [ERROR] yfinance: 
2 Failed downloads:
2026-06-21 20:58:57 [ERROR] yfinance: ['DX=F', 'SPY']: Exception('%ticker%: No price data found, symbol may be delisted (period=2d)')
2026-06-21 20:59:02 [INFO] zkr_analiz.yahoo: Cold start: fetching 5 forex symbols...
2026-06-21 20:59:02 [INFO] zkr_analiz.yahoo: Single-call download for 5 symbols...
2026-06-21 20:59:02 [ERROR] yfinance: Failed to get ticker 'USDJPY=X' reason: Expecting value: line 1 column 1 (char 0)
2026-06-21 20:59:02 [ERROR] yfinance: Failed to get ticker 'GBPUSD=X' reason: Expecting value: line 1 column 1 (char 0)
2026-06-21 20:59:02 [ERROR] yfinance: Failed to get ticker 'EURTRY=X' reason: Expecting value: line 1 column 1 (char 0)
2026-06-21 20:59:02 [ERROR] yfinance: Failed to get ticker 'EURUSD=X' reason: Expecting value: line 1 column 1 (char 0)
2026-06-21 20:59:02 [DEBUG] zkr_analiz.jobs: rest_price_poller updated 671 USDT symbols; buffer_size=671
2026-06-21 20:59:02 [ERROR] yfinance: 
5 Failed downloads:
2026-06-21 20:59:02 [ERROR] yfinance: ['USDTRY=X']: InterfaceError('bad parameter or other API misuse')
2026-06-21 20:59:02 [ERROR] yfinance: ['USDJPY=X', 'GBPUSD=X', 'EURTRY=X', 'EURUSD=X']: Exception('%ticker%: No price data found, symbol may be delisted (period=2d)')
2026-06-21 20:59:02 [INFO] zkr_analiz.yahoo: Single-call got 0/5 prices
2026-06-21 20:59:02 [INFO] zkr_analiz.yahoo: Batch cache updated for forex: 0/5 symbols have prices (0.0%)
2026-06-21 20:59:02 [INFO] zkr_analiz.opportunity_engine: Opportunity scan complete: 2 opportunities found
2026-06-21 20:59:02 [DEBUG] zkr_analiz.jobs: broadcast_worker emitting batch size=671
emitting event "price_update_batch" to all [/]
2026-06-21 20:59:02 [INFO] socketio.server: emitting event "price_update_batch" to all [/]
2026-06-21 20:59:08 [DEBUG] zkr_analiz.jobs: rest_price_poller updated 671 USDT symbols; buffer_size=671
2026-06-21 20:59:09 [DEBUG] zkr_analiz.jobs: broadcast_worker emitting batch size=671
emitting event "price_update_batch" to all [/]
2026-06-21 20:59:09 [INFO] socketio.server: emitting event "price_update_batch" to all [/]
2026-06-21 20:59:12 [WARNING] zkr_analiz.activity_stream: Unknown event type: rsi_extreme
2026-06-21 20:59:12 [WARNING] zkr_analiz.activity_stream: Unknown event type: rsi_extreme
2026-06-21 20:59:12 [DEBUG] zkr_analiz.activity_stream: Duplicate event skipped: news_impact AMD news_impact_engine
2026-06-21 20:59:12 [DEBUG] zkr_analiz.activity_stream: Duplicate event skipped: news_impact GOOGL news_impact_engine
2026-06-21 20:59:12 [DEBUG] zkr_analiz.activity_stream: Duplicate event skipped: news_impact GS news_impact_engine
2026-06-21 20:59:12 [DEBUG] zkr_analiz.activity_stream: Duplicate event skipped: news_impact AMD news_impact_engine
2026-06-21 20:59:12 [DEBUG] zkr_analiz.activity_stream: Duplicate event skipped: news_impact BTC news_impact_engine
2026-06-21 20:59:12 [DEBUG] zkr_analiz.activity_stream: Duplicate event skipped: news_impact COIN news_impact_engine
2026-06-21 20:59:12 [DEBUG] zkr_analiz.activity_stream: Duplicate event skipped: strategy_activity BTCUSDT strategy_live_engine
2026-06-21 20:59:12 [DEBUG] zkr_analiz.activity_stream: Duplicate event skipped: strategy_activity BTCUSDT strategy_live_engine
2026-06-21 20:59:12 [DEBUG] zkr_analiz.activity_stream: Duplicate event skipped: strategy_activity BTCUSDT strategy_live_engine
2026-06-21 20:59:12 [DEBUG] zkr_analiz.activity_stream: Duplicate event skipped: strategy_activity BTCUSDT strategy_live_engine
2026-06-21 20:59:13 [DEBUG] zkr_analiz.jobs: rest_price_poller updated 671 USDT symbols; buffer_size=671
2026-06-21 20:59:14 [DEBUG] zkr_analiz.jobs: broadcast_worker emitting batch size=671
emitting event "price_update_batch" to all [/]
2026-06-21 20:59:14 [INFO] socketio.server: emitting event "price_update_batch" to all [/]
2026-06-21 20:59:19 [DEBUG] zkr_analiz.jobs: rest_price_poller updated 671 USDT symbols; buffer_size=671
2026-06-21 20:59:19 [DEBUG] zkr_analiz.jobs: broadcast_worker emitting batch size=671
emitting event "price_update_batch" to all [/]
2026-06-21 20:59:19 [INFO] socketio.server: emitting event "price_update_batch" to all [/]
2026-06-21 20:59:24 [DEBUG] zkr_analiz.jobs: rest_price_poller updated 671 USDT symbols; buffer_size=671
2026-06-21 20:59:25 [DEBUG] zkr_analiz.jobs: broadcast_worker emitting batch size=671
emitting event "price_update_batch" to all [/]
2026-06-21 20:59:25 [INFO] socketio.server: emitting event "price_update_batch" to all [/]
2026-06-21 20:59:29 [DEBUG] zkr_analiz.jobs: rest_price_poller updated 671 USDT symbols; buffer_size=671
2026-06-21 20:59:30 [DEBUG] zkr_analiz.jobs: broadcast_worker emitting batch size=671
emitting event "price_update_batch" to all [/]
2026-06-21 20:59:30 [INFO] socketio.server: emitting event "price_update_batch" to all [/]
2026-06-21 20:59:35 [DEBUG] zkr_analiz.jobs: rest_price_poller updated 671 USDT symbols; buffer_size=671
2026-06-21 20:59:35 [DEBUG] zkr_analiz.jobs: broadcast_worker emitting batch size=671
emitting event "price_update_batch" to all [/]
2026-06-21 20:59:35 [INFO] socketio.server: emitting event "price_update_batch" to all [/]
2026-06-21 20:59:40 [DEBUG] zkr_analiz.jobs: rest_price_poller updated 671 USDT symbols; buffer_size=671
2026-06-21 20:59:41 [DEBUG] zkr_analiz.jobs: broadcast_worker emitting batch size=671
emitting event "price_update_batch" to all [/]
2026-06-21 20:59:41 [INFO] socketio.server: emitting event "price_update_batch" to all [/]
2026-06-21 20:59:45 [DEBUG] zkr_analiz.jobs: rest_price_poller updated 671 USDT symbols; buffer_size=671
2026-06-21 20:59:46 [DEBUG] zkr_analiz.jobs: broadcast_worker emitting batch size=671
emitting event "price_update_batch" to all [/]
2026-06-21 20:59:46 [INFO] socketio.server: emitting event "price_update_batch" to all [/]
2026-06-21 20:59:51 [DEBUG] zkr_analiz.jobs: rest_price_poller updated 671 USDT symbols; buffer_size=671
2026-06-21 20:59:51 [DEBUG] zkr_analiz.jobs: broadcast_worker emitting batch size=671
emitting event "price_update_batch" to all [/]
2026-06-21 20:59:51 [INFO] socketio.server: emitting event "price_update_batch" to all [/]
2026-06-21 20:59:55 [DEBUG] zkr_analiz.yahoo: No cache for XU100.IS, triggering background fetch
2026-06-21 20:59:56 [ERROR] yfinance: Failed to get ticker 'XU100.IS' reason: Expecting value: line 1 column 1 (char 0)
2026-06-21 20:59:56 [ERROR] yfinance: 
1 Failed download:
2026-06-21 20:59:56 [ERROR] yfinance: ['XU100.IS']: Exception('%ticker%: No price data found, symbol may be delisted (period=2d)')
2026-06-21 20:59:57 [DEBUG] zkr_analiz.jobs: rest_price_poller updated 671 USDT symbols; buffer_size=671
2026-06-21 20:59:57 [DEBUG] zkr_analiz.jobs: broadcast_worker emitting batch size=671
emitting event "price_update_batch" to all [/]
2026-06-21 20:59:57 [INFO] socketio.server: emitting event "price_update_batch" to all [/]
2026-06-21 21:00:02 [DEBUG] zkr_analiz.jobs: rest_price_poller updated 671 USDT symbols; buffer_size=671
2026-06-21 21:00:03 [DEBUG] zkr_analiz.jobs: broadcast_worker emitting batch size=671
emitting event "price_update_batch" to all [/]
2026-06-21 21:00:03 [INFO] socketio.server: emitting event "price_update_batch" to all [/]
2026-06-21 21:00:08 [DEBUG] zkr_analiz.jobs: rest_price_poller updated 671 USDT symbols; buffer_size=671
2026-06-21 21:00:08 [DEBUG] zkr_analiz.jobs: broadcast_worker emitting batch size=671
emitting event "price_update_batch" to all [/]
2026-06-21 21:00:08 [INFO] socketio.server: emitting event "price_update_batch" to all [/]
2026-06-21 21:00:12 [WARNING] zkr_analiz.activity_stream: Unknown event type: rsi_extreme
2026-06-21 21:00:12 [WARNING] zkr_analiz.activity_stream: Unknown event type: rsi_extreme
2026-06-21 21:00:12 [DEBUG] zkr_analiz.activity_stream: Duplicate event skipped: news_impact AMD news_impact_engine
2026-06-21 21:00:12 [DEBUG] zkr_analiz.activity_stream: Duplicate event skipped: news_impact GOOGL news_impact_engine
2026-06-21 21:00:12 [DEBUG] zkr_analiz.activity_stream: Duplicate event skipped: news_impact GS news_impact_engine
2026-06-21 21:00:12 [DEBUG] zkr_analiz.activity_stream: Duplicate event skipped: news_impact AMD news_impact_engine
2026-06-21 21:00:12 [DEBUG] zkr_analiz.activity_stream: Duplicate event skipped: news_impact BTC news_impact_engine
2026-06-21 21:00:12 [DEBUG] zkr_analiz.activity_stream: Duplicate event skipped: news_impact COIN news_impact_engine
2026-06-21 21:00:12 [DEBUG] zkr_analiz.activity_stream: Duplicate event skipped: strategy_activity BTCUSDT strategy_live_engine
2026-06-21 21:00:12 [DEBUG] zkr_analiz.activity_stream: Duplicate event skipped: strategy_activity BTCUSDT strategy_live_engine
2026-06-21 21:00:12 [DEBUG] zkr_analiz.activity_stream: Duplicate event skipped: strategy_activity BTCUSDT strategy_live_engine
2026-06-21 21:00:12 [DEBUG] zkr_analiz.activity_stream: Duplicate event skipped: strategy_activity BTCUSDT strategy_live_engine
2026-06-21 21:00:13 [DEBUG] zkr_analiz.jobs: rest_price_poller updated 671 USDT symbols; buffer_size=671
2026-06-21 21:00:14 [DEBUG] zkr_analiz.jobs: broadcast_worker emitting batch size=671
emitting event "price_update_batch" to all [/]
2026-06-21 21:00:14 [INFO] socketio.server: emitting event "price_update_batch" to all [/]
2026-06-21 21:00:19 [DEBUG] zkr_analiz.jobs: rest_price_poller updated 671 USDT symbols; buffer_size=671
2026-06-21 21:00:19 [DEBUG] zkr_analiz.jobs: broadcast_worker emitting batch size=671
emitting event "price_update_batch" to all [/]
2026-06-21 21:00:19 [INFO] socketio.server: emitting event "price_update_batch" to all [/]
2026-06-21 21:00:24 [DEBUG] zkr_analiz.jobs: rest_price_poller updated 671 USDT symbols; buffer_size=671
2026-06-21 21:00:25 [DEBUG] zkr_analiz.jobs: broadcast_worker emitting batch size=671
emitting event "price_update_batch" to all [/]
2026-06-21 21:00:25 [INFO] socketio.server: emitting event "price_update_batch" to all [/]
2026-06-21 21:00:25 [DEBUG] zkr_analiz.yahoo: No cache for THYAO.IS, triggering background fetch
2026-06-21 21:00:26 [ERROR] yfinance: Failed to get ticker 'THYAO.IS' reason: Expecting value: line 1 column 1 (char 0)
2026-06-21 21:00:26 [ERROR] yfinance: 
1 Failed download:
2026-06-21 21:00:26 [ERROR] yfinance: ['THYAO.IS']: Exception('%ticker%: No price data found, symbol may be delisted (period=2d)')
2026-06-21 21:00:30 [DEBUG] zkr_analiz.jobs: rest_price_poller updated 671 USDT symbols; buffer_size=671
2026-06-21 21:00:30 [DEBUG] zkr_analiz.jobs: broadcast_worker emitting batch size=671
emitting event "price_update_batch" to all [/]
2026-06-21 21:00:30 [INFO] socketio.server: emitting event "price_update_batch" to all [/]
2026-06-21 21:00:35 [DEBUG] zkr_analiz.jobs: rest_price_poller updated 671 USDT symbols; buffer_size=671
2026-06-21 21:00:35 [DEBUG] zkr_analiz.jobs: broadcast_worker emitting batch size=671
emitting event "price_update_batch" to all [/]
2026-06-21 21:00:35 [INFO] socketio.server: emitting event "price_update_batch" to all [/]
2026-06-21 21:00:40 [DEBUG] zkr_analiz.jobs: rest_price_poller updated 671 USDT symbols; buffer_size=671
2026-06-21 21:00:41 [DEBUG] zkr_analiz.jobs: broadcast_worker emitting batch size=671
emitting event "price_update_batch" to all [/]
2026-06-21 21:00:41 [INFO] socketio.server: emitting event "price_update_batch" to all [/]
2026-06-21 21:00:46 [DEBUG] zkr_analiz.jobs: rest_price_poller updated 671 USDT symbols; buffer_size=671
2026-06-21 21:00:46 [DEBUG] zkr_analiz.jobs: broadcast_worker emitting batch size=671
emitting event "price_update_batch" to all [/]
2026-06-21 21:00:46 [INFO] socketio.server: emitting event "price_update_batch" to all [/]
2026-06-21 21:00:51 [DEBUG] zkr_analiz.jobs: rest_price_poller updated 671 USDT symbols; buffer_size=671
2026-06-21 21:00:52 [DEBUG] zkr_analiz.jobs: broadcast_worker emitting batch size=671
emitting event "price_update_batch" to all [/]
2026-06-21 21:00:52 [INFO] socketio.server: emitting event "price_update_batch" to all [/]
2026-06-21 21:00:55 [DEBUG] zkr_analiz.yahoo: No cache for AAPL, triggering background fetch
2026-06-21 21:00:56 [ERROR] yfinance: Failed to get ticker 'AAPL' reason: Expecting value: line 1 column 1 (char 0)
2026-06-21 21:00:56 [ERROR] yfinance: 
1 Failed download:
2026-06-21 21:00:56 [ERROR] yfinance: ['AAPL']: Exception('%ticker%: No price data found, symbol may be delisted (period=2d)')
2026-06-21 21:00:56 [DEBUG] zkr_analiz.jobs: rest_price_poller updated 671 USDT symbols; buffer_size=671
2026-06-21 21:00:57 [DEBUG] zkr_analiz.jobs: broadcast_worker emitting batch size=671
emitting event "price_update_batch" to all [/]
2026-06-21 21:00:57 [INFO] socketio.server: emitting event "price_update_batch" to all [/]
2026-06-21 21:01:02 [DEBUG] zkr_analiz.jobs: rest_price_poller updated 671 USDT symbols; buffer_size=671
2026-06-21 21:01:02 [DEBUG] zkr_analiz.jobs: broadcast_worker emitting batch size=671
emitting event "price_update_batch" to all [/]
2026-06-21 21:01:02 [INFO] socketio.server: emitting event "price_update_batch" to all [/]
2026-06-21 21:01:05 [INFO] zkr_analiz.yahoo: Cold start: fetching 5 forex symbols...
2026-06-21 21:01:05 [INFO] zkr_analiz.yahoo: Single-call download for 5 symbols...
2026-06-21 21:01:05 [ERROR] yfinance: Failed to get ticker 'EURUSD=X' reason: Expecting value: line 1 column 1 (char 0)
2026-06-21 21:01:05 [ERROR] yfinance: Failed to get ticker 'USDJPY=X' reason: Expecting value: line 1 column 1 (char 0)
2026-06-21 21:01:05 [ERROR] yfinance: Failed to get ticker 'GBPUSD=X' reason: Expecting value: line 1 column 1 (char 0)
2026-06-21 21:01:05 [ERROR] yfinance: Failed to get ticker 'EURTRY=X' reason: Expecting value: line 1 column 1 (char 0)
2026-06-21 21:01:05 [ERROR] yfinance: Failed to get ticker 'USDTRY=X' reason: Expecting value: line 1 column 1 (char 0)
2026-06-21 21:01:06 [ERROR] yfinance: 
5 Failed downloads:
2026-06-21 21:01:06 [ERROR] yfinance: ['EURUSD=X', 'GBPUSD=X', 'EURTRY=X', 'USDJPY=X', 'USDTRY=X']: Exception('%ticker%: No price data found, symbol may be delisted (period=2d)')
2026-06-21 21:01:06 [INFO] zkr_analiz.yahoo: Single-call got 0/5 prices
2026-06-21 21:01:06 [INFO] zkr_analiz.yahoo: Batch cache updated for forex: 0/5 symbols have prices (0.0%)
2026-06-21 21:01:06 [INFO] zkr_analiz.opportunity_engine: Opportunity scan complete: 2 opportunities found
2026-06-21 21:01:07 [DEBUG] zkr_analiz.jobs: rest_price_poller updated 671 USDT symbols; buffer_size=671
2026-06-21 21:01:08 [DEBUG] zkr_analiz.jobs: broadcast_worker emitting batch size=671
emitting event "price_update_batch" to all [/]
2026-06-21 21:01:08 [INFO] socketio.server: emitting event "price_update_batch" to all [/]
2026-06-21 21:01:12 [WARNING] zkr_analiz.activity_stream: Unknown event type: rsi_extreme
2026-06-21 21:01:12 [WARNING] zkr_analiz.activity_stream: Unknown event type: rsi_extreme
2026-06-21 21:01:12 [DEBUG] zkr_analiz.activity_stream: Duplicate event skipped: news_impact AMD news_impact_engine
2026-06-21 21:01:12 [DEBUG] zkr_analiz.activity_stream: Duplicate event skipped: news_impact GOOGL news_impact_engine
2026-06-21 21:01:12 [DEBUG] zkr_analiz.activity_stream: Duplicate event skipped: news_impact GS news_impact_engine
2026-06-21 21:01:12 [DEBUG] zkr_analiz.activity_stream: Duplicate event skipped: news_impact AMD news_impact_engine
2026-06-21 21:01:12 [DEBUG] zkr_analiz.activity_stream: Duplicate event skipped: news_impact BTC news_impact_engine
2026-06-21 21:01:12 [DEBUG] zkr_analiz.activity_stream: Duplicate event skipped: news_impact COIN news_impact_engine
2026-06-21 21:01:12 [DEBUG] zkr_analiz.activity_stream: Duplicate event skipped: strategy_activity BTCUSDT strategy_live_engine
2026-06-21 21:01:12 [DEBUG] zkr_analiz.activity_stream: Duplicate event skipped: strategy_activity BTCUSDT strategy_live_engine
2026-06-21 21:01:12 [DEBUG] zkr_analiz.activity_stream: Duplicate event skipped: strategy_activity BTCUSDT strategy_live_engine
2026-06-21 21:01:12 [DEBUG] zkr_analiz.activity_stream: Duplicate event skipped: strategy_activity BTCUSDT strategy_live_engine
2026-06-21 21:01:12 [DEBUG] zkr_analiz.jobs: rest_price_poller updated 671 USDT symbols; buffer_size=671
2026-06-21 21:01:13 [DEBUG] zkr_analiz.jobs: broadcast_worker emitting batch size=671
emitting event "price_update_batch" to all [/]
2026-06-21 21:01:13 [INFO] socketio.server: emitting event "price_update_batch" to all [/]
2026-06-21 21:01:18 [DEBUG] zkr_analiz.jobs: rest_price_poller updated 671 USDT symbols; buffer_size=671
2026-06-21 21:01:18 [DEBUG] zkr_analiz.jobs: broadcast_worker emitting batch size=671
emitting event "price_update_batch" to all [/]
2026-06-21 21:01:18 [INFO] socketio.server: emitting event "price_update_batch" to all [/]
2026-06-21 21:01:23 [DEBUG] zkr_analiz.jobs: rest_price_poller updated 671 USDT symbols; buffer_size=671
2026-06-21 21:01:24 [DEBUG] zkr_analiz.jobs: broadcast_worker emitting batch size=671
emitting event "price_update_batch" to all [/]
2026-06-21 21:01:24 [INFO] socketio.server: emitting event "price_update_batch" to all [/]
2026-06-21 21:01:25 [DEBUG] zkr_analiz.yahoo: No cache for GC=F, triggering background fetch
2026-06-21 21:01:26 [ERROR] yfinance: Failed to get ticker 'GC=F' reason: Expecting value: line 1 column 1 (char 0)
2026-06-21 21:01:26 [ERROR] yfinance: 
1 Failed download:
2026-06-21 21:01:26 [ERROR] yfinance: ['GC=F']: Exception('%ticker%: No price data found, symbol may be delisted (period=2d)')
2026-06-21 21:01:26 [DEBUG] zkr_analiz.yahoo: No cache for SPY, triggering background fetch
2026-06-21 21:01:26 [ERROR] yfinance: Failed to get ticker 'SPY' reason: Expecting value: line 1 column 1 (char 0)
2026-06-21 21:01:26 [DEBUG] zkr_analiz.yahoo: No cache for DX=F, triggering background fetch
2026-06-21 21:01:26 [ERROR] yfinance: 
1 Failed download:
2026-06-21 21:01:26 [ERROR] yfinance: ['SPY']: Exception('%ticker%: No price data found, symbol may be delisted (period=2d)')
2026-06-21 21:01:26 [ERROR] yfinance: Failed to get ticker 'DX=F' reason: Expecting value: line 1 column 1 (char 0)
2026-06-21 21:01:26 [ERROR] yfinance: 
2 Failed downloads:
2026-06-21 21:01:26 [ERROR] yfinance: ['SPY', 'DX=F']: Exception('%ticker%: No price data found, symbol may be delisted (period=2d)')
2026-06-21 21:01:28 [DEBUG] zkr_analiz.jobs: rest_price_poller updated 671 USDT symbols; buffer_size=671
2026-06-21 21:01:29 [DEBUG] zkr_analiz.jobs: broadcast_worker emitting batch size=671
emitting event "price_update_batch" to all [/]
2026-06-21 21:01:29 [INFO] socketio.server: emitting event "price_update_batch" to all [/]
2026-06-21 21:01:34 [DEBUG] zkr_analiz.jobs: rest_price_poller updated 671 USDT symbols; buffer_size=671
2026-06-21 21:01:34 [DEBUG] zkr_analiz.jobs: broadcast_worker emitting batch size=671
emitting event "price_update_batch" to all [/]
2026-06-21 21:01:34 [INFO] socketio.server: emitting event "price_update_batch" to all [/]
2026-06-21 21:01:39 [DEBUG] zkr_analiz.jobs: rest_price_poller updated 671 USDT symbols; buffer_size=671
2026-06-21 21:01:40 [DEBUG] zkr_analiz.jobs: broadcast_worker emitting batch size=671
emitting event "price_update_batch" to all [/]
2026-06-21 21:01:40 [INFO] socketio.server: emitting event "price_update_batch" to all [/]
2026-06-21 21:01:44 [DEBUG] zkr_analiz.jobs: rest_price_poller updated 671 USDT symbols; buffer_size=671
2026-06-21 21:01:45 [DEBUG] zkr_analiz.jobs: broadcast_worker emitting batch size=671
emitting event "price_update_batch" to all [/]
2026-06-21 21:01:45 [INFO] socketio.server: emitting event "price_update_batch" to all [/]
2026-06-21 21:01:50 [DEBUG] zkr_analiz.jobs: rest_price_poller updated 671 USDT symbols; buffer_size=671
2026-06-21 21:01:50 [DEBUG] zkr_analiz.jobs: broadcast_worker emitting batch size=671
emitting event "price_update_batch" to all [/]
2026-06-21 21:01:50 [INFO] socketio.server: emitting event "price_update_batch" to all [/]
2026-06-21 21:01:55 [DEBUG] zkr_analiz.jobs: rest_price_poller updated 671 USDT symbols; buffer_size=671
2026-06-21 21:01:56 [DEBUG] zkr_analiz.jobs: broadcast_worker emitting batch size=671
emitting event "price_update_batch" to all [/]
2026-06-21 21:01:56 [INFO] socketio.server: emitting event "price_update_batch" to all [/]
2026-06-21 21:02:01 [DEBUG] zkr_analiz.jobs: rest_price_poller updated 671 USDT symbols; buffer_size=671
2026-06-21 21:02:01 [DEBUG] zkr_analiz.jobs: broadcast_worker emitting batch size=671
emitting event "price_update_batch" to all [/]
2026-06-21 21:02:01 [INFO] socketio.server: emitting event "price_update_batch" to all [/]
2026-06-21 21:02:06 [DEBUG] zkr_analiz.jobs: rest_price_poller updated 671 USDT symbols; buffer_size=671
2026-06-21 21:02:06 [DEBUG] zkr_analiz.jobs: broadcast_worker emitting batch size=671
emitting event "price_update_batch" to all [/]
2026-06-21 21:02:06 [INFO] socketio.server: emitting event "price_update_batch" to all [/]
2026-06-21 21:02:11 [DEBUG] zkr_analiz.jobs: rest_price_poller updated 671 USDT symbols; buffer_size=671
2026-06-21 21:02:12 [DEBUG] zkr_analiz.jobs: broadcast_worker emitting batch size=671
emitting event "price_update_batch" to all [/]
2026-06-21 21:02:12 [INFO] socketio.server: emitting event "price_update_batch" to all [/]
2026-06-21 21:02:12 [WARNING] zkr_analiz.activity_stream: Unknown event type: rsi_extreme
2026-06-21 21:02:12 [WARNING] zkr_analiz.activity_stream: Unknown event type: rsi_extreme
2026-06-21 21:02:12 [INFO] zkr_analiz.activity_stream: Activity notification: [CRITICAL] news_impact AMD — Nvidia stock jumps on AI earnings beat
2026-06-21 21:02:12 [INFO] zkr_analiz.activity_stream: Activity notification: [CRITICAL] news_impact GOOGL — Nvidia stock jumps on AI earnings beat
2026-06-21 21:02:12 [INFO] zkr_analiz.activity_stream: Activity notification: [CRITICAL] news_impact GS — Nvidia stock jumps on AI earnings beat
2026-06-21 21:02:12 [DEBUG] zkr_analiz.activity_stream: Duplicate event skipped: news_impact AMD news_impact_engine
2026-06-21 21:02:12 [INFO] zkr_analiz.activity_stream: Activity notification: [CRITICAL] news_impact BTC — Bitcoin price surges to new all-time high above $150k
2026-06-21 21:02:12 [INFO] zkr_analiz.activity_stream: Activity notification: [CRITICAL] news_impact COIN — Bitcoin price surges to new all-time high above $150k
2026-06-21 21:02:12 [DEBUG] zkr_analiz.activity_stream: Duplicate event skipped: strategy_activity BTCUSDT strategy_live_engine
2026-06-21 21:02:12 [DEBUG] zkr_analiz.activity_stream: Duplicate event skipped: strategy_activity BTCUSDT strategy_live_engine
2026-06-21 21:02:12 [DEBUG] zkr_analiz.activity_stream: Duplicate event skipped: strategy_activity BTCUSDT strategy_live_engine
2026-06-21 21:02:12 [INFO] zkr_analiz.activity_stream: Activity stream: collected 6 new events
2026-06-21 21:02:16 [DEBUG] zkr_analiz.jobs: rest_price_poller updated 671 USDT symbols; buffer_size=671
2026-06-21 21:02:17 [DEBUG] zkr_analiz.jobs: broadcast_worker emitting batch size=671
emitting event "price_update_batch" to all [/]
2026-06-21 21:02:17 [INFO] socketio.server: emitting event "price_update_batch" to all [/]
2026-06-21 21:02:22 [DEBUG] zkr_analiz.jobs: rest_price_poller updated 671 USDT symbols; buffer_size=671
2026-06-21 21:02:22 [DEBUG] zkr_analiz.jobs: broadcast_worker emitting batch size=671
emitting event "price_update_batch" to all [/]
2026-06-21 21:02:22 [INFO] socketio.server: emitting event "price_update_batch" to all [/]
2026-06-21 21:02:25 [DEBUG] zkr_analiz.yahoo: No cache for XU100.IS, triggering background fetch
2026-06-21 21:02:26 [ERROR] yfinance: Failed to get ticker 'XU100.IS' reason: Expecting value: line 1 column 1 (char 0)
2026-06-21 21:02:26 [ERROR] yfinance: 
1 Failed download:
2026-06-21 21:02:26 [ERROR] yfinance: ['XU100.IS']: Exception('%ticker%: No price data found, symbol may be delisted (period=2d)')
2026-06-21 21:02:27 [DEBUG] zkr_analiz.jobs: rest_price_poller updated 671 USDT symbols; buffer_size=671
2026-06-21 21:02:28 [DEBUG] zkr_analiz.jobs: broadcast_worker emitting batch size=671
emitting event "price_update_batch" to all [/]
2026-06-21 21:02:28 [INFO] socketio.server: emitting event "price_update_batch" to all [/]
2026-06-21 21:02:32 [DEBUG] zkr_analiz.jobs: rest_price_poller updated 671 USDT symbols; buffer_size=671
2026-06-21 21:02:33 [DEBUG] zkr_analiz.jobs: broadcast_worker emitting batch size=671
emitting event "price_update_batch" to all [/]
2026-06-21 21:02:33 [INFO] socketio.server: emitting event "price_update_batch" to all [/]
2026-06-21 21:02:39 [DEBUG] zkr_analiz.jobs: rest_price_poller updated 671 USDT symbols; buffer_size=671
2026-06-21 21:02:39 [DEBUG] zkr_analiz.jobs: broadcast_worker emitting batch size=671
emitting event "price_update_batch" to all [/]
2026-06-21 21:02:39 [INFO] socketio.server: emitting event "price_update_batch" to all [/]
2026-06-21 21:02:44 [DEBUG] zkr_analiz.jobs: rest_price_poller updated 671 USDT symbols; buffer_size=671
2026-06-21 21:02:44 [DEBUG] zkr_analiz.jobs: broadcast_worker emitting batch size=671
emitting event "price_update_batch" to all [/]
2026-06-21 21:02:44 [INFO] socketio.server: emitting event "price_update_batch" to all [/]
2026-06-21 21:02:49 [DEBUG] zkr_analiz.jobs: rest_price_poller updated 671 USDT symbols; buffer_size=671
2026-06-21 21:02:50 [DEBUG] zkr_analiz.jobs: broadcast_worker emitting batch size=671
emitting event "price_update_batch" to all [/]
2026-06-21 21:02:50 [INFO] socketio.server: emitting event "price_update_batch" to all [/]
2026-06-21 21:02:55 [DEBUG] zkr_analiz.jobs: rest_price_poller updated 671 USDT symbols; buffer_size=671
2026-06-21 21:02:55 [DEBUG] zkr_analiz.jobs: broadcast_worker emitting batch size=671
emitting event "price_update_batch" to all [/]
2026-06-21 21:02:55 [INFO] socketio.server: emitting event "price_update_batch" to all [/]
2026-06-21 21:02:55 [DEBUG] zkr_analiz.yahoo: No cache for THYAO.IS, triggering background fetch
2026-06-21 21:02:56 [ERROR] yfinance: Failed to get ticker 'THYAO.IS' reason: Expecting value: line 1 column 1 (char 0)
2026-06-21 21:02:56 [ERROR] yfinance: 
1 Failed download:
2026-06-21 21:02:56 [ERROR] yfinance: ['THYAO.IS']: Exception('%ticker%: No price data found, symbol may be delisted (period=2d)')
2026-06-21 21:03:00 [DEBUG] zkr_analiz.jobs: rest_price_poller updated 671 USDT symbols; buffer_size=671
2026-06-21 21:03:00 [DEBUG] zkr_analiz.jobs: broadcast_worker emitting batch size=671
emitting event "price_update_batch" to all [/]
2026-06-21 21:03:00 [INFO] socketio.server: emitting event "price_update_batch" to all [/]
2026-06-21 21:03:05 [DEBUG] zkr_analiz.jobs: rest_price_poller updated 671 USDT symbols; buffer_size=671
2026-06-21 21:03:06 [DEBUG] zkr_analiz.jobs: broadcast_worker emitting batch size=671
emitting event "price_update_batch" to all [/]
2026-06-21 21:03:06 [INFO] socketio.server: emitting event "price_update_batch" to all [/]
2026-06-21 21:03:09 [INFO] zkr_analiz.yahoo: Stale cache for stocks, triggering background refresh
2026-06-21 21:03:09 [INFO] zkr_analiz.yahoo: Single-call download for 8 symbols...
2026-06-21 21:03:09 [INFO] zkr_analiz.yahoo: Cold start: fetching 5 forex symbols...
2026-06-21 21:03:09 [INFO] zkr_analiz.yahoo: Single-call download for 5 symbols...
2026-06-21 21:03:09 [ERROR] yfinance: Failed to get ticker 'TSLA' reason: Expecting value: line 1 column 1 (char 0)
2026-06-21 21:03:09 [ERROR] yfinance: Failed to get ticker 'META' reason: Expecting value: line 1 column 1 (char 0)
2026-06-21 21:03:09 [ERROR] yfinance: Failed to get ticker 'NVDA' reason: Expecting value: line 1 column 1 (char 0)
2026-06-21 21:03:09 [ERROR] yfinance: Failed to get ticker 'MSFT' reason: Expecting value: line 1 column 1 (char 0)
2026-06-21 21:03:09 [ERROR] yfinance: Failed to get ticker 'EURUSD=X' reason: Expecting value: line 1 column 1 (char 0)
2026-06-21 21:03:09 [ERROR] yfinance: Failed to get ticker 'AMZN' reason: Expecting value: line 1 column 1 (char 0)
2026-06-21 21:03:09 [ERROR] yfinance: Failed to get ticker 'EURTRY=X' reason: Expecting value: line 1 column 1 (char 0)
2026-06-21 21:03:09 [ERROR] yfinance: Failed to get ticker 'JPM' reason: Expecting value: line 1 column 1 (char 0)
2026-06-21 21:03:09 [ERROR] yfinance: Failed to get ticker 'AAPL' reason: Expecting value: line 1 column 1 (char 0)
2026-06-21 21:03:09 [ERROR] yfinance: Failed to get ticker 'GBPUSD=X' reason: Expecting value: line 1 column 1 (char 0)
2026-06-21 21:03:09 [ERROR] yfinance: Failed to get ticker 'GOOGL' reason: Expecting value: line 1 column 1 (char 0)
2026-06-21 21:03:09 [ERROR] yfinance: 
5 Failed downloads:
2026-06-21 21:03:09 [ERROR] yfinance: ['USDTRY=X']: InterfaceError('bad parameter or other API misuse')
2026-06-21 21:03:09 [ERROR] yfinance: ['USDJPY=X']: IndexError('tuple index out of range')
2026-06-21 21:03:09 [ERROR] yfinance: ['META', 'MSFT', 'TSLA']: Exception('%ticker%: No price data found, symbol may be delisted (period=2d)')
2026-06-21 21:03:09 [INFO] zkr_analiz.yahoo: Single-call got 0/5 prices
2026-06-21 21:03:09 [INFO] zkr_analiz.yahoo: Batch cache updated for forex: 0/5 symbols have prices (0.0%)
2026-06-21 21:03:09 [INFO] zkr_analiz.opportunity_engine: Opportunity scan complete: 2 opportunities found
2026-06-21 21:03:09 [ERROR] yfinance: 
11 Failed downloads:
2026-06-21 21:03:09 [ERROR] yfinance: ['USDTRY=X']: InterfaceError('bad parameter or other API misuse')
2026-06-21 21:03:09 [ERROR] yfinance: ['USDJPY=X']: IndexError('tuple index out of range')
2026-06-21 21:03:09 [ERROR] yfinance: ['META', 'MSFT', 'TSLA', 'EURUSD=X', 'AAPL', 'AMZN', 'EURTRY=X', 'NVDA', 'GBPUSD=X']: Exception('%ticker%: No price data found, symbol may be delisted (period=2d)')
2026-06-21 21:03:09 [INFO] zkr_analiz.yahoo: Single-call got 0/8 prices
2026-06-21 21:03:09 [INFO] zkr_analiz.yahoo: Batch download got 0/8 stocks, trying CoinGecko fallback...
2026-06-21 21:03:10 [INFO] zkr_analiz.yahoo: Batch cache updated for stocks: 4/8 symbols have prices (50.0%)
2026-06-21 21:03:11 [DEBUG] zkr_analiz.jobs: rest_price_poller updated 671 USDT symbols; buffer_size=671
2026-06-21 21:03:11 [DEBUG] zkr_analiz.jobs: broadcast_worker emitting batch size=671
emitting event "price_update_batch" to all [/]
2026-06-21 21:03:11 [INFO] socketio.server: emitting event "price_update_batch" to all [/]
2026-06-21 21:03:12 [WARNING] zkr_analiz.activity_stream: Unknown event type: rsi_extreme
2026-06-21 21:03:12 [WARNING] zkr_analiz.activity_stream: Unknown event type: rsi_extreme
2026-06-21 21:03:12 [DEBUG] zkr_analiz.activity_stream: Duplicate event skipped: news_impact AMD news_impact_engine
2026-06-21 21:03:12 [DEBUG] zkr_analiz.activity_stream: Duplicate event skipped: news_impact GOOGL news_impact_engine
2026-06-21 21:03:12 [DEBUG] zkr_analiz.activity_stream: Duplicate event skipped: news_impact GS news_impact_engine
2026-06-21 21:03:12 [DEBUG] zkr_analiz.activity_stream: Duplicate event skipped: news_impact AMD news_impact_engine
2026-06-21 21:03:12 [DEBUG] zkr_analiz.activity_stream: Duplicate event skipped: news_impact BTC news_impact_engine
2026-06-21 21:03:12 [DEBUG] zkr_analiz.activity_stream: Duplicate event skipped: news_impact COIN news_impact_engine
2026-06-21 21:03:12 [DEBUG] zkr_analiz.activity_stream: Duplicate event skipped: strategy_activity BTCUSDT strategy_live_engine
2026-06-21 21:03:12 [DEBUG] zkr_analiz.activity_stream: Duplicate event skipped: strategy_activity BTCUSDT strategy_live_engine
2026-06-21 21:03:12 [DEBUG] zkr_analiz.activity_stream: Duplicate event skipped: strategy_activity BTCUSDT strategy_live_engine
2026-06-21 21:03:12 [DEBUG] zkr_analiz.activity_stream: Duplicate event skipped: strategy_activity BTCUSDT strategy_live_engine
2026-06-21 21:03:16 [DEBUG] zkr_analiz.jobs: rest_price_poller updated 671 USDT symbols; buffer_size=671
2026-06-21 21:03:17 [DEBUG] zkr_analiz.jobs: broadcast_worker emitting batch size=671
emitting event "price_update_batch" to all [/]
2026-06-21 21:03:17 [INFO] socketio.server: emitting event "price_update_batch" to all [/]
2026-06-21 21:03:22 [DEBUG] zkr_analiz.jobs: rest_price_poller updated 671 USDT symbols; buffer_size=671
2026-06-21 21:03:22 [DEBUG] zkr_analiz.jobs: broadcast_worker emitting batch size=671
emitting event "price_update_batch" to all [/]
2026-06-21 21:03:22 [INFO] socketio.server: emitting event "price_update_batch" to all [/]
2026-06-21 21:03:25 [DEBUG] zkr_analiz.yahoo: No cache for AAPL, triggering background fetch
2026-06-21 21:03:26 [ERROR] yfinance: Failed to get ticker 'AAPL' reason: Expecting value: line 1 column 1 (char 0)
2026-06-21 21:03:26 [ERROR] yfinance: 
1 Failed download:
2026-06-21 21:03:26 [ERROR] yfinance: ['AAPL']: Exception('%ticker%: No price data found, symbol may be delisted (period=2d)')
2026-06-21 21:03:27 [DEBUG] zkr_analiz.jobs: rest_price_poller updated 671 USDT symbols; buffer_size=671
2026-06-21 21:03:27 [DEBUG] zkr_analiz.jobs: broadcast_worker emitting batch size=671
emitting event "price_update_batch" to all [/]
2026-06-21 21:03:27 [INFO] socketio.server: emitting event "price_update_batch" to all [/]
2026-06-21 21:03:32 [DEBUG] zkr_analiz.jobs: rest_price_poller updated 671 USDT symbols; buffer_size=671
2026-06-21 21:03:33 [DEBUG] zkr_analiz.jobs: broadcast_worker emitting batch size=671
emitting event "price_update_batch" to all [/]
2026-06-21 21:03:33 [INFO] socketio.server: emitting event "price_update_batch" to all [/]
2026-06-21 21:03:38 [DEBUG] zkr_analiz.jobs: rest_price_poller updated 671 USDT symbols; buffer_size=671
2026-06-21 21:03:38 [DEBUG] zkr_analiz.jobs: broadcast_worker emitting batch size=671
emitting event "price_update_batch" to all [/]
2026-06-21 21:03:38 [INFO] socketio.server: emitting event "price_update_batch" to all [/]
2026-06-21 21:03:43 [DEBUG] zkr_analiz.jobs: rest_price_poller updated 671 USDT symbols; buffer_size=671
2026-06-21 21:03:43 [DEBUG] zkr_analiz.jobs: broadcast_worker emitting batch size=671
emitting event "price_update_batch" to all [/]
2026-06-21 21:03:43 [INFO] socketio.server: emitting event "price_update_batch" to all [/]
2026-06-21 21:03:48 [DEBUG] zkr_analiz.jobs: rest_price_poller updated 671 USDT symbols; buffer_size=671
2026-06-21 21:03:49 [DEBUG] zkr_analiz.jobs: broadcast_worker emitting batch size=671
emitting event "price_update_batch" to all [/]
2026-06-21 21:03:49 [INFO] socketio.server: emitting event "price_update_batch" to all [/]
2026-06-21 21:03:54 [DEBUG] zkr_analiz.jobs: rest_price_poller updated 671 USDT symbols; buffer_size=671
2026-06-21 21:03:55 [DEBUG] zkr_analiz.jobs: broadcast_worker emitting batch size=671
emitting event "price_update_batch" to all [/]
2026-06-21 21:03:55 [INFO] socketio.server: emitting event "price_update_batch" to all [/]
2026-06-21 21:03:55 [DEBUG] zkr_analiz.yahoo: No cache for GC=F, triggering background fetch
2026-06-21 21:03:56 [ERROR] yfinance: Failed to get ticker 'GC=F' reason: Expecting value: line 1 column 1 (char 0)
2026-06-21 21:03:56 [ERROR] yfinance: 
1 Failed download:
2026-06-21 21:03:56 [ERROR] yfinance: ['GC=F']: Exception('%ticker%: No price data found, symbol may be delisted (period=2d)')
2026-06-21 21:03:56 [DEBUG] zkr_analiz.yahoo: No cache for SPY, triggering background fetch
2026-06-21 21:03:56 [ERROR] yfinance: Failed to get ticker 'SPY' reason: Expecting value: line 1 column 1 (char 0)
2026-06-21 21:03:56 [ERROR] yfinance: 
1 Failed download:
2026-06-21 21:03:56 [ERROR] yfinance: ['SPY']: Exception('%ticker%: No price data found, symbol may be delisted (period=2d)')
2026-06-21 21:03:56 [DEBUG] zkr_analiz.yahoo: CoinGecko quote for SPY failed: 429 Client Error: Too Many Requests for url: https://api.coingecko.com/api/v3/simple/price?ids=spdr-sp-500&vs_currencies=usd&include_24hr_vol=true&include_market_cap=false&include_last_updated_at=true
2026-06-21 21:03:56 [DEBUG] zkr_analiz.yahoo: No cache for DX=F, triggering background fetch
2026-06-21 21:03:56 [ERROR] yfinance: Failed to get ticker 'DX=F' reason: Expecting value: line 1 column 1 (char 0)
2026-06-21 21:03:56 [ERROR] yfinance: 
1 Failed download:
2026-06-21 21:03:56 [ERROR] yfinance: ['DX=F']: Exception('%ticker%: No price data found, symbol may be delisted (period=2d)')
2026-06-21 21:04:00 [DEBUG] zkr_analiz.jobs: rest_price_poller updated 671 USDT symbols; buffer_size=671
2026-06-21 21:04:00 [DEBUG] zkr_analiz.jobs: broadcast_worker emitting batch size=671
emitting event "price_update_batch" to all [/]
2026-06-21 21:04:00 [INFO] socketio.server: emitting event "price_update_batch" to all [/]
2026-06-21 21:04:05 [DEBUG] zkr_analiz.jobs: rest_price_poller updated 671 USDT symbols; buffer_size=671
2026-06-21 21:04:06 [DEBUG] zkr_analiz.jobs: broadcast_worker emitting batch size=671
emitting event "price_update_batch" to all [/]
2026-06-21 21:04:06 [INFO] socketio.server: emitting event "price_update_batch" to all [/]
2026-06-21 21:04:10 [DEBUG] zkr_analiz.jobs: rest_price_poller updated 671 USDT symbols; buffer_size=671
2026-06-21 21:04:11 [DEBUG] zkr_analiz.jobs: broadcast_worker emitting batch size=671
emitting event "price_update_batch" to all [/]
2026-06-21 21:04:11 [INFO] socketio.server: emitting event "price_update_batch" to all [/]
2026-06-21 21:04:12 [WARNING] zkr_analiz.activity_stream: Unknown event type: rsi_extreme
2026-06-21 21:04:12 [WARNING] zkr_analiz.activity_stream: Unknown event type: rsi_extreme
2026-06-21 21:04:12 [DEBUG] zkr_analiz.activity_stream: Duplicate event skipped: news_impact AMD news_impact_engine
2026-06-21 21:04:12 [DEBUG] zkr_analiz.activity_stream: Duplicate event skipped: news_impact GOOGL news_impact_engine
2026-06-21 21:04:12 [DEBUG] zkr_analiz.activity_stream: Duplicate event skipped: news_impact GS news_impact_engine
2026-06-21 21:04:12 [DEBUG] zkr_analiz.activity_stream: Duplicate event skipped: news_impact AMD news_impact_engine
2026-06-21 21:04:12 [DEBUG] zkr_analiz.activity_stream: Duplicate event skipped: news_impact BTC news_impact_engine
2026-06-21 21:04:12 [DEBUG] zkr_analiz.activity_stream: Duplicate event skipped: news_impact COIN news_impact_engine
2026-06-21 21:04:12 [DEBUG] zkr_analiz.activity_stream: Duplicate event skipped: strategy_activity BTCUSDT strategy_live_engine
2026-06-21 21:04:12 [DEBUG] zkr_analiz.activity_stream: Duplicate event skipped: strategy_activity BTCUSDT strategy_live_engine
2026-06-21 21:04:12 [DEBUG] zkr_analiz.activity_stream: Duplicate event skipped: strategy_activity BTCUSDT strategy_live_engine
2026-06-21 21:04:12 [DEBUG] zkr_analiz.activity_stream: Duplicate event skipped: strategy_activity BTCUSDT strategy_live_engine
2026-06-21 21:04:16 [DEBUG] zkr_analiz.jobs: rest_price_poller updated 671 USDT symbols; buffer_size=671
2026-06-21 21:04:16 [DEBUG] zkr_analiz.jobs: broadcast_worker emitting batch size=671
emitting event "price_update_batch" to all [/]
2026-06-21 21:04:16 [INFO] socketio.server: emitting event "price_update_batch" to all [/]
2026-06-21 21:04:21 [DEBUG] zkr_analiz.jobs: rest_price_poller updated 671 USDT symbols; buffer_size=671
2026-06-21 21:04:22 [DEBUG] zkr_analiz.jobs: broadcast_worker emitting batch size=671
emitting event "price_update_batch" to all [/]
2026-06-21 21:04:22 [INFO] socketio.server: emitting event "price_update_batch" to all [/]
2026-06-21 21:04:25 [DEBUG] zkr_analiz.yahoo: No cache for XU100.IS, triggering background fetch
2026-06-21 21:04:26 [ERROR] yfinance: Failed to get ticker 'XU100.IS' reason: Expecting value: line 1 column 1 (char 0)
2026-06-21 21:04:26 [ERROR] yfinance: 
1 Failed download:
2026-06-21 21:04:26 [ERROR] yfinance: ['XU100.IS']: Exception('%ticker%: No price data found, symbol may be delisted (period=2d)')
2026-06-21 21:04:27 [DEBUG] zkr_analiz.jobs: rest_price_poller updated 671 USDT symbols; buffer_size=671
2026-06-21 21:04:27 [DEBUG] zkr_analiz.jobs: broadcast_worker emitting batch size=671
emitting event "price_update_batch" to all [/]
2026-06-21 21:04:27 [INFO] socketio.server: emitting event "price_update_batch" to all [/]
2026-06-21 21:04:32 [DEBUG] zkr_analiz.jobs: rest_price_poller updated 671 USDT symbols; buffer_size=671
2026-06-21 21:04:32 [DEBUG] zkr_analiz.jobs: broadcast_worker emitting batch size=671
emitting event "price_update_batch" to all [/]
2026-06-21 21:04:32 [INFO] socketio.server: emitting event "price_update_batch" to all [/]
2026-06-21 21:04:37 [DEBUG] zkr_analiz.jobs: rest_price_poller updated 671 USDT symbols; buffer_size=671
2026-06-21 21:04:38 [DEBUG] zkr_analiz.jobs: broadcast_worker emitting batch size=671
emitting event "price_update_batch" to all [/]
2026-06-21 21:04:38 [INFO] socketio.server: emitting event "price_update_batch" to all [/]
2026-06-21 21:04:43 [DEBUG] zkr_analiz.jobs: rest_price_poller updated 671 USDT symbols; buffer_size=671
2026-06-21 21:04:43 [DEBUG] zkr_analiz.jobs: broadcast_worker emitting batch size=671
emitting event "price_update_batch" to all [/]
2026-06-21 21:04:43 [INFO] socketio.server: emitting event "price_update_batch" to all [/]
2026-06-21 21:04:48 [DEBUG] zkr_analiz.jobs: rest_price_poller updated 671 USDT symbols; buffer_size=671
2026-06-21 21:04:48 [DEBUG] zkr_analiz.jobs: broadcast_worker emitting batch size=671
emitting event "price_update_batch" to all [/]
2026-06-21 21:04:48 [INFO] socketio.server: emitting event "price_update_batch" to all [/]
2026-06-21 21:04:53 [DEBUG] zkr_analiz.jobs: rest_price_poller updated 671 USDT symbols; buffer_size=671
2026-06-21 21:04:54 [DEBUG] zkr_analiz.jobs: broadcast_worker emitting batch size=671
emitting event "price_update_batch" to all [/]
2026-06-21 21:04:54 [INFO] socketio.server: emitting event "price_update_batch" to all [/]
2026-06-21 21:04:59 [DEBUG] zkr_analiz.jobs: rest_price_poller updated 671 USDT symbols; buffer_size=671
2026-06-21 21:04:59 [DEBUG] zkr_analiz.jobs: broadcast_worker emitting batch size=671
emitting event "price_update_batch" to all [/]
2026-06-21 21:04:59 [INFO] socketio.server: emitting event "price_update_batch" to all [/]
2026-06-21 21:05:04 [DEBUG] zkr_analiz.jobs: rest_price_poller updated 671 USDT symbols; buffer_size=671
2026-06-21 21:05:04 [DEBUG] zkr_analiz.jobs: broadcast_worker emitting batch size=671
emitting event "price_update_batch" to all [/]
2026-06-21 21:05:04 [INFO] socketio.server: emitting event "price_update_batch" to all [/]
2026-06-21 21:05:10 [DEBUG] zkr_analiz.jobs: rest_price_poller updated 671 USDT symbols; buffer_size=671
2026-06-21 21:05:10 [DEBUG] zkr_analiz.jobs: broadcast_worker emitting batch size=671
emitting event "price_update_batch" to all [/]
2026-06-21 21:05:10 [INFO] socketio.server: emitting event "price_update_batch" to all [/]
2026-06-21 21:05:12 [WARNING] zkr_analiz.activity_stream: Unknown event type: rsi_extreme
2026-06-21 21:05:12 [WARNING] zkr_analiz.activity_stream: Unknown event type: rsi_extreme
2026-06-21 21:05:12 [WARNING] zkr_analiz.activity_stream: Unknown event type: rsi_extreme
2026-06-21 21:05:12 [WARNING] zkr_analiz.activity_stream: Unknown event type: rsi_extreme
2026-06-21 21:05:12 [WARNING] zkr_analiz.activity_stream: Unknown event type: rsi_extreme
2026-06-21 21:05:12 [WARNING] zkr_analiz.activity_stream: Unknown event type: rsi_extreme
2026-06-21 21:05:12 [WARNING] zkr_analiz.activity_stream: Unknown event type: rsi_extreme
2026-06-21 21:05:12 [WARNING] zkr_analiz.activity_stream: Unknown event type: rsi_extreme
2026-06-21 21:05:12 [WARNING] zkr_analiz.activity_stream: Unknown event type: rsi_extreme
2026-06-21 21:05:12 [WARNING] zkr_analiz.activity_stream: Unknown event type: rsi_extreme
2026-06-21 21:05:12 [WARNING] zkr_analiz.activity_stream: Unknown event type: rsi_extreme
2026-06-21 21:05:12 [WARNING] zkr_analiz.activity_stream: Unknown event type: rsi_extreme
2026-06-21 21:05:12 [WARNING] zkr_analiz.activity_stream: Unknown event type: rsi_extreme
2026-06-21 21:05:12 [WARNING] zkr_analiz.activity_stream: Unknown event type: rsi_extreme
2026-06-21 21:05:12 [WARNING] zkr_analiz.activity_stream: Unknown event type: rsi_extreme
2026-06-21 21:05:12 [WARNING] zkr_analiz.activity_stream: Unknown event type: rsi_extreme
2026-06-21 21:05:12 [WARNING] zkr_analiz.activity_stream: Unknown event type: rsi_extreme
2026-06-21 21:05:12 [WARNING] zkr_analiz.activity_stream: Unknown event type: rsi_extreme
2026-06-21 21:05:12 [WARNING] zkr_analiz.activity_stream: Unknown event type: rsi_extreme
2026-06-21 21:05:12 [WARNING] zkr_analiz.activity_stream: Unknown event type: rsi_extreme
2026-06-21 21:05:12 [DEBUG] zkr_analiz.activity_stream: Duplicate event skipped: news_impact AMD news_impact_engine
2026-06-21 21:05:12 [DEBUG] zkr_analiz.activity_stream: Duplicate event skipped: news_impact GOOGL news_impact_engine
2026-06-21 21:05:12 [DEBUG] zkr_analiz.activity_stream: Duplicate event skipped: news_impact GS news_impact_engine
2026-06-21 21:05:12 [DEBUG] zkr_analiz.activity_stream: Duplicate event skipped: news_impact AMD news_impact_engine
2026-06-21 21:05:12 [DEBUG] zkr_analiz.activity_stream: Duplicate event skipped: news_impact BTC news_impact_engine
2026-06-21 21:05:12 [DEBUG] zkr_analiz.activity_stream: Duplicate event skipped: news_impact COIN news_impact_engine
2026-06-21 21:05:12 [DEBUG] zkr_analiz.activity_stream: Duplicate event skipped: strategy_activity BTCUSDT strategy_live_engine
2026-06-21 21:05:12 [DEBUG] zkr_analiz.activity_stream: Duplicate event skipped: strategy_activity BTCUSDT strategy_live_engine
2026-06-21 21:05:12 [DEBUG] zkr_analiz.activity_stream: Duplicate event skipped: strategy_activity BTCUSDT strategy_live_engine
2026-06-21 21:05:12 [DEBUG] zkr_analiz.activity_stream: Duplicate event skipped: strategy_activity BTCUSDT strategy_live_engine
2026-06-21 21:05:12 [INFO] zkr_analiz.yahoo: Cold start: fetching 5 forex symbols...
2026-06-21 21:05:12 [INFO] zkr_analiz.yahoo: Single-call download for 5 symbols...
2026-06-21 21:05:13 [ERROR] yfinance: Failed to get ticker 'EURUSD=X' reason: Expecting value: line 1 column 1 (char 0)
2026-06-21 21:05:13 [ERROR] yfinance: Failed to get ticker 'EURTRY=X' reason: Expecting value: line 1 column 1 (char 0)
2026-06-21 21:05:13 [ERROR] yfinance: Failed to get ticker 'USDJPY=X' reason: Expecting value: line 1 column 1 (char 0)
2026-06-21 21:05:13 [ERROR] yfinance: Failed to get ticker 'GBPUSD=X' reason: Expecting value: line 1 column 1 (char 0)
2026-06-21 21:05:13 [ERROR] yfinance: Failed to get ticker 'USDTRY=X' reason: Expecting value: line 1 column 1 (char 0)
2026-06-21 21:05:13 [ERROR] yfinance: 
5 Failed downloads:
2026-06-21 21:05:13 [ERROR] yfinance: ['GBPUSD=X', 'USDJPY=X', 'EURTRY=X', 'USDTRY=X', 'EURUSD=X']: Exception('%ticker%: No price data found, symbol may be delisted (period=2d)')
2026-06-21 21:05:13 [INFO] zkr_analiz.yahoo: Single-call got 0/5 prices
2026-06-21 21:05:13 [INFO] zkr_analiz.yahoo: Batch cache updated for forex: 0/5 symbols have prices (0.0%)
2026-06-21 21:05:13 [INFO] zkr_analiz.opportunity_engine: Opportunity scan complete: 2 opportunities found
2026-06-21 21:05:15 [DEBUG] zkr_analiz.jobs: rest_price_poller updated 671 USDT symbols; buffer_size=671
2026-06-21 21:05:15 [DEBUG] zkr_analiz.jobs: broadcast_worker emitting batch size=671
emitting event "price_update_batch" to all [/]
2026-06-21 21:05:15 [INFO] socketio.server: emitting event "price_update_batch" to all [/]
2026-06-21 21:05:20 [DEBUG] zkr_analiz.jobs: rest_price_poller updated 671 USDT symbols; buffer_size=671
2026-06-21 21:05:21 [DEBUG] zkr_analiz.jobs: broadcast_worker emitting batch size=671
emitting event "price_update_batch" to all [/]
2026-06-21 21:05:21 [INFO] socketio.server: emitting event "price_update_batch" to all [/]
2026-06-21 21:05:25 [DEBUG] zkr_analiz.yahoo: No cache for THYAO.IS, triggering background fetch
2026-06-21 21:05:26 [ERROR] yfinance: Failed to get ticker 'THYAO.IS' reason: Expecting value: line 1 column 1 (char 0)
2026-06-21 21:05:26 [ERROR] yfinance: 
1 Failed download:
2026-06-21 21:05:26 [ERROR] yfinance: ['THYAO.IS']: Exception('%ticker%: No price data found, symbol may be delisted (period=2d)')
2026-06-21 21:05:26 [DEBUG] zkr_analiz.jobs: rest_price_poller updated 671 USDT symbols; buffer_size=671
2026-06-21 21:05:26 [DEBUG] zkr_analiz.jobs: broadcast_worker emitting batch size=671
emitting event "price_update_batch" to all [/]
2026-06-21 21:05:26 [INFO] socketio.server: emitting event "price_update_batch" to all [/]
